benchmark,execution 物理／模擬動作執行,human_to_robot 人類影片→robot,long_horizon 長流程／長時段,recovery 專門恢復評測,collaboration 多 agent／人機協作,deformable 柔性物操作,bimanual 雙臂／多末端,mobile 移動操作,transition_model 轉移／世界模型評测,interpretation_note
我們 v0.4｜規劃目標,目標,目標,目標,目標,目標,目標,目標,目標,目標,上述都是目標／條件式示例；12 labels、120k G4、3k bindings 不得改報成獨立任務數。模擬場景資產數仍無規模優勢主張。
我們 v0.4｜目前實績,0 已驗證,0 已驗證,0 已驗證,0 已驗證,0 已驗證,0 已驗證,0 已驗證,0 已驗證,0 已驗證,"程式／網站測試不是 robot benchmark 驗證。5,020 異質來源紀錄不當成我們已完成的任務。"
BEHAVIOR-1K,有,待核,有,待核,待核,有,待核,有,待核,"八類是原生場景分類，不能與我們 12 應用類直接作倍數比較；固定程式盤點 1,016 活動目錄另列。"
RoboCasa365,有,待核,有,待核,待核,待核,待核,部分,待核,"2,500 是 layout/style 場景資源，與 G3 初態實例不同；365 全庫、317 資料 registry、50 評測子集各有 scope。"
VLABench,有,待核,有,待核,待核,待核,待核,待核,待核,論文 100 類與固定程式 96 registrations 分別保留，不任意取較小者。
RLBench,有,待核,部分,待核,待核,待核,待核,待核,待核,場景檔數、task classes 和 variations 不是同一單位；桌面道具不可自動標成工廠／門店。
Meta-World,有,待核,待核,待核,待核,待核,待核,待核,待核,不可把 50 tasks 說成 50 個應用場域，也不把每個位置 seed 加成新 G2。
LIBERO,有,待核,有,待核,待核,待核,待核,待核,待核,130 是原生 ID，不代表共同 G2 已審核；LIBERO-90／10 的 90+10 與另外三組 10 都保留。
CALVIN,有,待核,有,待核,待核,待核,待核,待核,待核,"34 子任務與 1,000 條五步鏈都重要，但不能當成同粒度的 1,034 個 G2。"
ManiSkill2,有,待核,待核,待核,待核,有,有,有,待核,20 families、21 IDs、4M frames 分屬不同層級。
ManiSkill3,有,待核,待核,待核,待核,待核,部分,有,待核,12 domains、65 registrations 和部署場域均不等價；沿用固定程式快照。
RoboTwin 2.0,有,待核,待核,待核,待核,待核,有,待核,待核,物件類、物件實例、五個隨機化軸、五種機體不與 task 數混加。
GarmentLab,有,待核,待核,待核,待核,有,部分,待核,待核,本地來源盤點的 10 個 demo entrypoints 不取代論文 20 tasks；5 組是互動類，不是部署場域。
DexGarmentLab,有,待核,待核,待核,待核,有,有,待核,待核,15 task scenarios 不是 15 個場域；本地亦提取 15 個場景入口。
SoftGym,部分,待核,待核,待核,待核,有,部分,待核,待核,同名操作在 picker 與完整機體下的控制條件不同；不直接比較成功率。
MoDeSuite,有,待核,待核,待核,待核,有,待核,有,待核,底座和手臂協調不等於多 agent／人機協作。
AutoBio,有,待核,部分,待核,待核,待核,待核,待核,待核,16 全庫、9 實驗 subset、每題 100 demonstrations 分開；3 難度層不是跨 benchmark 校準量尺。
ALFRED,部分,待核,有,待核,待核,待核,待核,部分,待核,"同一 demonstration 可有多份語言標註；25,743 directives 不等於這麼多獨立任務種類。"
TEACh,部分,待核,有,待核,有,待核,待核,部分,待核,"3,047 sessions 不等於 EDH case 數；12 task types 與程式 25 schemas 是不同 scope。"
PARTNR,有,待核,有,待核,有,待核,待核,有,待核,100k 是指令與環境綁定的 episodes；不能降成『只有 4 題』，也不能直接認定 100k 個獨立 G2。程式六個生成 configs 更不是任務種類。
WatchAct,有,有,有,待核,待核,待核,待核,待核,待核,14 是認知型任務 schema，4 是認知域；都不能當成 14 種物理工作或 4 個部署領域。
RoboReel,有,有,有,待核,待核,待核,待核,待核,待核,4 suites 不是 4 應用領域；訓練影片到 policy 與推論時看示範必須分開。
The Imitator Game,有,有,部分,待核,待核,部分,部分,待核,待核,53 mappings、200+ variants、20k+ pairs 不得相加。Hospital 不自動等同我們的非臨床 D11。
RoboDojo,有,待核,有,待核,待核,待核,部分,待核,待核,本計畫現在沒有實體平台，不能在 sim＋real 覆蓋上宣稱超越。54 程式 task/config entries 另列。
LIBERO-Recover,有,待核,待核,有,待核,待核,待核,待核,待核,"failure scenarios 屬 instance／case 層，不能比較為 1,000 個新工作種類。"
SafeVLA-Bench,部分,待核,待核,待核,待核,待核,待核,待核,待核,這是評測層而非新增 task bank；不將框架 wrappers 重複算成任務。
RoboVerse,有,待核,待核,待核,待核,待核,部分,部分,待核,"2,897 是程式註冊群組；其中已辨識 2,587 純配置衍生 class。不可與原作 LIBERO／RLBench 等重複相加，也不能推論只剩兩個任務。"
Embodied Agent Interface,部分,待核,有,待核,待核,待核,待核,待核,有,"此處使用原作 BEHAVIOR subset，不把整套 BEHAVIOR-1K 1,000 活動自動計入；100+26 也未作跨作去重。"
EgoPlan-Bench2,非端點,非端點,有,待核,待核,待核,待核,待核,待核,其 Work 可跨我們工坊、實驗室、園藝等多欄；24 scenarios 不當場景資產數。
EgoSchema,非端點,非端點,有,待核,待核,待核,待核,待核,待核,不能直接繼承 Ego4D 全部場域到這個被挑選的 subset。
EgoTaskQA,非端點,非端點,待核,待核,資料,待核,待核,待核,部分,40k 是 QA bank，不是 40k 種 robot task；理解協作不等於控制兩個 agents。
EgoLife / EgoLifeQA,非端點,非端點,有,待核,資料,待核,待核,待核,待核,"3,000 全QA與500受測subset分开；300h影片不是300h robot rollout。"
Ego4D,非端點,非端點,資料,待核,資料,待核,待核,待核,待核,資料母集與其 QA／forecasting 衍生集共享 lineage，不能當作獨立資料量相加。
Ego-Exo4D,非端點,非端點,資料,待核,待核,待核,待核,待核,待核,123 是人類活動錄製情境，與房屋場景資產或 G3 初態不同。
EPIC-KITCHENS-100,非端點,非端點,資料,待核,待核,待核,待核,待核,待核,action segment、challenge endpoint、video 和 robot task 不互換；不從攝影位置推定 robot 視角。
