method_id,fault_mode,trials,physical_success,digital_success,joint_success,fault_triggered_trials,duplicate_dispatch_trials
rgb_tools_closed_loop,clean,40,0.925,0.95,0.925,0,0
rgb_tools_closed_loop,reply_lost_after_commit,40,0.925,0.95,0.925,38,0
pose_oracle_reference,clean,40,0.925,0.925,0.9,0,0
pose_oracle_reference,reply_lost_after_commit,40,0.925,0.925,0.9,37,0
rgb_tools_new_key_retry,clean,40,0.925,0.95,0.925,0,0
rgb_tools_new_key_retry,reply_lost_after_commit,40,0.925,0.0,0.0,38,38
digital_only,clean,40,0.0,1.0,0.0,0,0
digital_only,reply_lost_after_commit,40,0.0,1.0,0.0,40,0
orders_without_image,clean,40,0.05,1.0,0.05,0,0
orders_without_image,reply_lost_after_commit,40,0.05,1.0,0.05,40,0
image_without_orders,clean,40,0.225,0.25,0.225,0,0
image_without_orders,reply_lost_after_commit,40,0.225,0.25,0.225,40,0
