id,operator,name,parent_source_ids,base_definition,extended_definition,count_level,status
EX01,X01,摺疊後按尺寸收納,behavior::fold_towels,將毛巾摺好,摺疊符合尺寸規格，並放入對應收納區,task_spec_variant,authored_extension_specification_not_executed
EX02,X02,掃集時限制非目標物位移,vima::constraint_satisfaction/sweep_without_touching,完成原掃集目標及原作限制,為指定非目標物增加明確的整段位移上限,rule_variant,authored_extension_specification_not_executed
EX03,X03,取物後關回抽屜,arnold::open_drawer; arnold::close_drawer,達到指定抽屜開合程度,開抽屜、取得指定物件、最後關回；加入必要事件順序,process_variant,authored_extension_specification_not_executed
EX04,X04,依接收容器餘量選擇分裝,arnold::transfer_water,轉移到指定連續物料目標,先取得容器餘量；容量足夠時一次轉移，不足時依規則分裝,conditional_task_spec,authored_extension_specification_not_executed
EX05,X05,按訂單打包後交付,behavior::packing_meal_for_delivery; behavior::delivering_groceries_to_doorstep,來源分別提供打包與送達工作的起點,按清單打包、保留載荷、送到指定交付點並完成確認,composite_task_spec,authored_extension_specification_not_executed
EX06,X06,按先前鄰接關係取回,vima::require_memory/manipulate_old_neighbor,根據原作歷史／鄰接規則選取物件,加入明訂參考時刻與物件身份，移動後仍按該時刻關係選取,reference_variant,authored_extension_specification_not_executed
EX07,X07,拉直並保持端點在指定區,rlbench::straighten_rope,完成原繩索拉直目標,加上兩端點區域與禁止跨越區；確認材料模型可支援後實作,constraint_variant,authored_extension_specification_not_executed
EX08,X08,接收確認後才釋放載荷,behavior::delivering_groceries_to_doorstep,把物品送到指定交付位置,加入接收方與可觀察接穩事件，之後才允許釋放,role_variant,authored_extension_specification_not_executed
EX09,X09,偏離後完成装配並復原工具,metaworld::assembly-v3,完成原生裝配目標,在記錄的中途偏離條件後完成裝配，並把使用工具放回指定狀態,recovery_spec_or_intervention_case,authored_extension_specification_not_executed
EX10,X10,依最新有效訂單分揀並登記,vima::instruction_following/visual_manipulation,依視覺／文字提示移動指定物件,查詢有效訂單版本，完成對應放置後登記；物理與數位結果需一致,tool_process_variant,authored_extension_specification_not_executed
EX11,X11,摺疊規格保持，增加觀測條件,softgym::ClothFold,完成同一摺疊目標,分別提供固定相機、多視角或可主動觀察條件；保留足夠線索,observation_or_instance_case,authored_extension_specification_not_executed
EX12,X12,從架子製作程序建立下一步判斷,crosstask::59684,來源提供製作架子的活動與步驟定義,給定可用影片前綴／已完成步驟，判斷下一個合法程序步驟,typed_information_spec,authored_extension_specification_not_executed
