paper_id,name,year,category,category_name,role,benchmark_source_registered,detailed_comparison_id,declared_domains,native_tasks,scenes,cases,materials,observation,source_records,native_units,task_list_status,source_url,evidence_depth
P001,VLOG,2017,V,人類影片與動作資料,benchmark_or_evaluation_resource,True,,,,,,,,0,{},native_task_list_to_collect,https://arxiv.org/abs/1712.02310,primary metadata verified; complete abstract reviewed for this report
P002,HowTo100M,2019,V,人類影片與動作資料,data_or_method_resource,False,,,,,,,,0,{},native_task_list_to_collect,https://arxiv.org/abs/1906.03327,primary metadata verified; complete abstract reviewed for this report
P003,COIN,2019,V,人類影片與動作資料,benchmark_or_evaluation_resource,True,,12個COIN原生domain，按作者taxonomy保留；不是本計畫12域的直接對應,180個instructional activity definitions；12個原生domain,,"11,827個影片annotation records，分屬180個活動；未下載影片",,網路教學影片、時間區段／步驟標籤,180,"{""instructional_activity_definition"": 180}",fixed_source_records_available,https://arxiv.org/abs/1903.02874,primary metadata verified; complete abstract reviewed for this report
P004,CrossTask,2019,V,人類影片與動作資料,benchmark_or_evaluation_resource,True,,烹飪、家居DIY、車輛維護等人類程序題材；保留原生任務名,83個活動定義＝18 primary＋65 related；兩種scope分開,,,,教學影片與任務步驟；本輪只取得定義／annotation bundle,83,"{""instructional_activity_definition"": 83}",fixed_source_records_available,https://arxiv.org/abs/1903.08225,primary metadata verified; scope coded from title/abstract evidence
P005,YouCook2,2017,V,人類影片與動作資料,benchmark_or_evaluation_resource,True,,,,,,,,0,{},native_task_list_to_collect,https://arxiv.org/abs/1703.09788,canonical primary-source metadata verified; abstract available in source_metadata.json
P006,Breakfast,2014,V,人類影片與動作資料,benchmark_or_evaluation_resource,True,,,,,,,,0,{},native_task_list_to_collect,https://openaccess.thecvf.com/content_cvpr_2014/html/Kuehne_The_Language_of_2014_CVPR_paper.html,primary metadata verified; scope coded from title/abstract evidence
P007,Charades-Ego,2018,V,人類影片與動作資料,benchmark_or_evaluation_resource,True,,,,,,,,0,{},native_task_list_to_collect,https://arxiv.org/abs/1804.09626,primary metadata verified; scope coded from title/abstract evidence
P008,EGTEA Gaze+,2018,V,人類影片與動作資料,benchmark_or_evaluation_resource,True,,,,,,,,0,{},native_task_list_to_collect,https://openaccess.thecvf.com/content_ECCV_2018/html/Yin_Li_In_the_Eye_ECCV_2018_paper.html,official proceedings page checked
P009,EPIC-KITCHENS,2018,V,人類影片與動作資料,benchmark_or_evaluation_resource,True,,,,,,,,0,{},native_task_list_to_collect,https://arxiv.org/abs/1804.02748,primary metadata verified; scope coded from title/abstract evidence
P010,EPIC-KITCHENS-100,2020,V,人類影片與動作資料,benchmark_or_evaluation_resource,True,epic100,廚房日常互動,6 個 challenge endpoints；不是 6 種物理工作,45 個 environments,約 90k annotated actions；非 90k robot tasks,真實廚房物件影片；非物理模型,Ego影片＋動作／語言標註,0,{},native_task_list_to_collect,https://arxiv.org/abs/2006.13256,primary metadata verified; scope coded from title/abstract evidence
P011,EPIC-KITCHENS VISOR,2022,V,人類影片與動作資料,benchmark_or_evaluation_resource,True,,,,,,,,0,{},native_task_list_to_collect,https://arxiv.org/abs/2209.13064,primary metadata verified; scope coded from title/abstract evidence
P012,HD-EPIC,2025,V,人類影片與動作資料,benchmark_or_evaluation_resource,True,,,,,,,,0,{},native_task_list_to_collect,https://arxiv.org/abs/2502.04144,canonical primary-source metadata verified; abstract available in source_metadata.json
P013,Ego4D,2021,V,人類影片與動作資料,benchmark_or_evaluation_resource,True,ego4d,數百種日常情境：household、outdoor、workplace、leisure；原作未用我們12類,多個理解、記憶與預測 benchmark；不合成單一 robot 任務數,74 個收集 locations／9 國；不是 74 個 simulator scenes,各 benchmark 的標註／split 分開計數，未混加,真實活動影片；部分有環境 mesh 等資料,Ego RGB；部分 audio、3D、gaze、stereo、多wearer 同步,0,{},native_task_list_to_collect,https://arxiv.org/abs/2110.07058,primary metadata verified; complete abstract reviewed for this report
P014,Ego-Exo4D,2023,V,人類影片與動作資料,benchmark_or_evaluation_resource,True,egoexo4d,skilled activity：運動、音樂、舞蹈、修車等,技能理解、熟練度、跨視角、3D pose 等 benchmark,123 個 natural scene contexts；13 城市,各 benchmark 分割／題數另計,真實影片與 point clouds，不等於可操控材料模型,影片、audio、gaze、camera pose、IMU、語言／expert commentary,0,{},native_task_list_to_collect,https://arxiv.org/abs/2311.18259,primary metadata verified; complete abstract reviewed for this report
P015,Assembly101,2022,V,人類影片與動作資料,benchmark_or_evaluation_resource,True,,,,,,,,0,{},native_task_list_to_collect,https://arxiv.org/abs/2203.14712,primary metadata verified; scope coded from title/abstract evidence
P016,IKEA ASM,2020,V,人類影片與動作資料,benchmark_or_evaluation_resource,True,,,,,,,,0,{},native_task_list_to_collect,https://arxiv.org/abs/2007.00394,canonical primary-source metadata verified; abstract available in source_metadata.json
P017,HOI4D,2022,V,人類影片與動作資料,benchmark_or_evaluation_resource,True,,,,,,,,0,{},native_task_list_to_collect,https://arxiv.org/abs/2203.01577,primary metadata verified; scope coded from title/abstract evidence
P018,HOT3D,2024,V,人類影片與動作資料,benchmark_or_evaluation_resource,True,,,,,,,,0,{},native_task_list_to_collect,https://arxiv.org/abs/2411.19167,primary metadata verified; scope coded from title/abstract evidence
P019,EgoBody,2021,V,人類影片與動作資料,benchmark_or_evaluation_resource,True,,,,,,,,0,{},native_task_list_to_collect,https://arxiv.org/abs/2112.07642,canonical primary-source metadata verified; abstract available in source_metadata.json
P020,EgoHumans,2023,V,人類影片與動作資料,benchmark_or_evaluation_resource,True,,,,,,,,0,{},native_task_list_to_collect,https://arxiv.org/abs/2305.16487,primary metadata verified; scope coded from title/abstract evidence
P021,Ego-ExoLearn,2024,V,人類影片與動作資料,benchmark_or_evaluation_resource,True,,,,,,,,0,{},native_task_list_to_collect,https://arxiv.org/abs/2403.16182,primary metadata verified; scope coded from title/abstract evidence
P022,CaptainCook4D,2023,V,人類影片與動作資料,benchmark_or_evaluation_resource,True,,,,,,,,0,{},native_task_list_to_collect,https://arxiv.org/abs/2312.14556,canonical primary-source metadata verified; abstract available in source_metadata.json
P023,EgoProceL,2022,V,人類影片與動作資料,benchmark_or_evaluation_resource,True,,,,,,,,0,{},native_task_list_to_collect,https://arxiv.org/abs/2207.10883,primary metadata verified; scope coded from title/abstract evidence
P024,EPIC Fields,2023,V,人類影片與動作資料,benchmark_or_evaluation_resource,True,,,,,,,,0,{},native_task_list_to_collect,https://arxiv.org/abs/2306.08731,primary metadata verified; scope coded from title/abstract evidence
P025,EgoPet,2024,V,人類影片與動作資料,benchmark_or_evaluation_resource,True,,,,,,,,0,{},native_task_list_to_collect,https://arxiv.org/abs/2404.09991,primary metadata verified; scope coded from title/abstract evidence
P026,EgoHOS,2022,V,人類影片與動作資料,benchmark_or_evaluation_resource,True,,,,,,,,0,{},native_task_list_to_collect,https://arxiv.org/abs/2208.03826,primary metadata verified; scope coded from title/abstract evidence
P027,EgoPCA,2023,V,人類影片與動作資料,benchmark_or_evaluation_resource,True,,,,,,,,0,{},native_task_list_to_collect,https://arxiv.org/abs/2309.02423,primary metadata verified; complete abstract reviewed for this report
P028,EgoSchema,2023,Q,理解、推理與規劃,benchmark_or_evaluation_resource,True,egoschema,廣泛自然人類活動；來自 Ego4D subset,影片理解／推理問題；非操作任務庫,3 分鐘影片片段；非 simulator scenes,"5,000+ multiple-choice QA pairs（v1 原文）",影片觀測，不宣稱物理模擬,3 分鐘影片＋五選一問題,0,{},native_task_list_to_collect,https://arxiv.org/abs/2308.09126,primary metadata verified; complete abstract reviewed for this report
P029,EgoThink,2023,Q,理解、推理與規劃,benchmark_or_evaluation_resource,True,,,,,,,,0,{},native_task_list_to_collect,https://arxiv.org/abs/2311.15596,primary metadata verified; scope coded from title/abstract evidence
P030,EgoPlan-Bench,2023,Q,理解、推理與規劃,benchmark_or_evaluation_resource,True,,,,,,,,0,{},native_task_list_to_collect,https://arxiv.org/abs/2312.06722,primary metadata verified; scope coded from title/abstract evidence
P031,EgoPlan-Bench2,2024,Q,理解、推理與規劃,benchmark_or_evaluation_resource,True,egoplan2,4 原生大域：Work／Daily life／Hobbies／Recreation；24 細類，含 lab、blacksmith、mechanic、farmer,規劃 QA 題型；不提供相同口徑的 robot G2,24 是應用 scenario categories；不是 24 個可執行 3D 場景,"1,321 multiple-choice QA pairs",影片中物件，不宣稱具可用物理模型,Ego task-progress video＋目標／選項,0,{},native_task_list_to_collect,https://arxiv.org/abs/2412.04447,primary metadata verified; complete abstract reviewed for this report
P032,EgoTaskQA,2022,Q,理解、推理與規劃,benchmark_or_evaluation_resource,True,egotaskqa,室內 goal-oriented 活動與 multi-agent collaboration；LEMMA 來源,4 類 reasoning question types，非 4 個物理工作,Ego video clips；非可執行 robot 場景庫,"40,000 balanced QA（由 368k 候選抽樣）",物件狀態／關係標註；非 simulation materials,Ego影片、物件狀態、意圖與他人信念,0,{},native_task_list_to_collect,https://arxiv.org/abs/2210.03929,primary metadata verified; scope coded from title/abstract evidence
P033,EgoLife,2025,Q,理解、推理與規劃,benchmark_or_evaluation_resource,True,egolife,共同生活、購物、做飯、討論、社交與娛樂,生活助理／記憶 QA；非 robot task bank,6 人共同生活一週；不是六個應用場域,"3,000 QA 全集；該版主評测只用 Jake 的 500 QA",影片／聲音資料；非材料物理模型,長時段 Ego、多模態、多視角與人際歷史,0,{},native_task_list_to_collect,https://arxiv.org/abs/2503.03803,primary metadata verified; complete abstract reviewed for this report
P034,EgoVLP,2022,Q,理解、推理與規劃,data_or_method_resource,False,,,,,,,,0,{},native_task_list_to_collect,https://arxiv.org/abs/2206.01670,primary metadata verified; scope coded from title/abstract evidence
P035,EgoVLPv2,2023,Q,理解、推理與規劃,data_or_method_resource,False,,,,,,,,0,{},native_task_list_to_collect,https://arxiv.org/abs/2307.05463,primary metadata verified; scope coded from title/abstract evidence
P036,EgoT2,2022,Q,理解、推理與規劃,data_or_method_resource,False,,,,,,,,0,{},native_task_list_to_collect,https://arxiv.org/abs/2212.06301,canonical primary-source metadata verified; abstract available in source_metadata.json
P037,EgoEnv,2022,Q,理解、推理與規劃,data_or_method_resource,False,,,,,,,,0,{},native_task_list_to_collect,https://arxiv.org/abs/2207.11365,primary metadata verified; scope coded from title/abstract evidence
P038,OpenEQA,2024,Q,理解、推理與規劃,benchmark_or_evaluation_resource,True,,,,,,,,0,{},native_task_list_to_collect,https://openaccess.thecvf.com/content/CVPR2024/html/Majumdar_OpenEQA_Embodied_Question_Answering_in_the_Era_of_Foundation_Models_CVPR_2024_paper.html,official proceedings and author project pages checked
P039,RoboVQA,2023,Q,理解、推理與規劃,benchmark_or_evaluation_resource,True,,,,,,,,0,{},native_task_list_to_collect,https://arxiv.org/abs/2311.00899,primary metadata verified; complete abstract reviewed for this report
P040,RoboBench,2025,Q,理解、推理與規劃,benchmark_or_evaluation_resource,True,,,,,,,,0,{},native_task_list_to_collect,https://arxiv.org/abs/2510.17801,canonical primary-source metadata verified; abstract available in source_metadata.json
P041,EgoCross,2025,Q,理解、推理與規劃,benchmark_or_evaluation_resource,True,,,,,,,,0,{},native_task_list_to_collect,https://arxiv.org/abs/2508.10729,primary metadata verified; complete abstract reviewed for this report
P042,RoboSpatial,2024,Q,理解、推理與規劃,benchmark_or_evaluation_resource,True,,,,,,,,0,{},native_task_list_to_collect,https://arxiv.org/abs/2411.16537,primary metadata verified; scope coded from title/abstract evidence
P043,Embodied VideoAgent,2024,Q,理解、推理與規劃,data_or_method_resource,False,,,,,,,,0,{},native_task_list_to_collect,https://arxiv.org/abs/2501.00358,primary metadata verified; scope coded from title/abstract evidence
P044,HiERO,2025,Q,理解、推理與規劃,data_or_method_resource,False,,,,,,,,0,{},native_task_list_to_collect,https://arxiv.org/abs/2505.12911,primary metadata verified; scope coded from title/abstract evidence
P045,ManipBench,2025,Q,理解、推理與規劃,benchmark_or_evaluation_resource,True,,,,,,,,0,{},native_task_list_to_collect,https://arxiv.org/abs/2505.09698,primary metadata verified; complete abstract reviewed for this report
P046,RULSTM,2019,P,未來動作／互動預測,data_or_method_resource,False,,,,,,,,0,{},native_task_list_to_collect,https://arxiv.org/abs/1905.09035,primary metadata verified; scope coded from title/abstract evidence
P047,AVT,2021,P,未來動作／互動預測,data_or_method_resource,False,,,,,,,,0,{},native_task_list_to_collect,https://arxiv.org/abs/2106.02036,primary metadata verified; scope coded from title/abstract evidence
P048,EGO-TOPO,2020,P,未來動作／互動預測,data_or_method_resource,False,,,,,,,,0,{},native_task_list_to_collect,https://arxiv.org/abs/2001.04583,canonical primary-source metadata verified; abstract available in source_metadata.json
P049,AntGPT,2023,P,未來動作／互動預測,data_or_method_resource,False,,,,,,,,0,{},native_task_list_to_collect,https://arxiv.org/abs/2307.16368,primary metadata verified; scope coded from title/abstract evidence
P050,PALM,2023,P,未來動作／互動預測,data_or_method_resource,False,,,,,,,,0,{},native_task_list_to_collect,https://arxiv.org/abs/2311.17944,canonical primary-source metadata verified; abstract available in source_metadata.json
P051,USST / EgoPAT3D trajectories,2023,P,未來動作／互動預測,data_or_method_resource,False,,,,,,,,0,{},native_task_list_to_collect,https://arxiv.org/abs/2307.08243,primary metadata verified; complete abstract reviewed for this report
P052,StillFast,2023,P,未來動作／互動預測,data_or_method_resource,False,,,,,,,,0,{},native_task_list_to_collect,https://arxiv.org/abs/2304.03959,canonical primary-source metadata verified; abstract available in source_metadata.json
P053,HandsOnVLM,2024,P,未來動作／互動預測,data_or_method_resource,False,,,,,,,,0,{},native_task_list_to_collect,https://arxiv.org/abs/2412.13187,canonical primary-source metadata verified; abstract available in source_metadata.json
P054,EgoVid-5M / EgoDreamer,2024,P,未來動作／互動預測,data_or_method_resource,False,,,,,,,,0,{},native_task_list_to_collect,https://arxiv.org/abs/2411.08380,primary metadata verified; complete abstract reviewed for this report
P055,FUTR,2022,P,未來動作／互動預測,data_or_method_resource,False,,,,,,,,0,{},native_task_list_to_collect,https://arxiv.org/abs/2205.14022,primary metadata verified; scope coded from title/abstract evidence
P056,Forecasting hands and objects,2017,P,未來動作／互動預測,data_or_method_resource,False,,,,,,,,0,{},native_task_list_to_collect,https://arxiv.org/abs/1705.07328,primary metadata verified; scope coded from title/abstract evidence
P057,Motor attention and action forecasting,2019,P,未來動作／互動預測,data_or_method_resource,False,,,,,,,,0,{},native_task_list_to_collect,https://arxiv.org/abs/1911.10967,primary metadata verified; scope coded from title/abstract evidence
P058,EgoPAT3Dv2,2024,P,未來動作／互動預測,benchmark_or_evaluation_resource,True,,,,,,,,0,{},native_task_list_to_collect,https://arxiv.org/abs/2403.05046,primary metadata verified; scope coded from title/abstract evidence
P059,EMAG,2024,P,未來動作／互動預測,data_or_method_resource,False,,,,,,,,0,{},native_task_list_to_collect,https://arxiv.org/abs/2405.20030,primary metadata verified; scope coded from title/abstract evidence
P060,Continuous 4D interaction forecasting,2026,P,未來動作／互動預測,data_or_method_resource,False,,,,,,,,0,{},native_task_list_to_collect,https://arxiv.org/abs/2609.08636,primary metadata verified; scope coded from title/abstract evidence
P061,Interact with me,2024,P,未來動作／互動預測,benchmark_or_evaluation_resource,True,,,,,,,,0,{},native_task_list_to_collect,https://arxiv.org/abs/2412.16698,primary metadata verified; complete abstract reviewed for this report
P062,RLBench,2019,M,一般操作 benchmark,benchmark_or_evaluation_resource,True,rlbench,多樣桌面／設備操作；任務題材不等於完整部署場域,論文 100 tasks；固定程式 106 Task classes,固定程式含 106 個 .ttm 任務場景檔；非 106 個應用領域,各 task 有 variations；case 總量依生成設定,物件、關節與精密接觸；材料種類依 task,本體狀態、RGB、depth、segmentation、外部／手眼相機,106,"{""native_task_class"": 106}",fixed_source_records_available,https://arxiv.org/abs/1909.12271,primary metadata verified; scope coded from title/abstract evidence
P063,Meta-World,2019,M,一般操作 benchmark,benchmark_or_evaluation_resource,True,metaworld,多任務／meta-RL 操作技能,50 個 manipulation tasks,桌面技能環境；非城市或家居場景庫,位置／goal variations；不另算任務種類,剛體、關節與接觸,狀態／視覺依設定,50,"{""native_task_id"": 50}",fixed_source_records_available,https://arxiv.org/abs/1910.10897,primary metadata verified; scope coded from title/abstract evidence
P064,LIBERO,2023,M,一般操作 benchmark,benchmark_or_evaluation_resource,True,libero,物件／空間／目標與長流程的日常桌面操作,130 個 native task IDs；論文四類 suite；程式分為五個清單,程序生成的 tabletop／kitchen 等場景；資產場景總数本輪未核,測例／初態依 task 與 protocol；長流程 subset 10 tasks,剛體與關節等,語言＋robot 視覺；遙控示範不等於 human-video input,130,"{""native_task_id"": 130}",fixed_source_records_available,https://arxiv.org/abs/2306.03310,primary metadata verified; scope coded from title/abstract evidence
P065,CALVIN,2021,M,一般操作 benchmark,benchmark_or_evaluation_resource,True,calvin,語言條件桌面操作與技能串接,34 個 subtask／skill 目標,4 個環境 A–D,"1,000 條評測 instruction chains，每條 5 個子任務",剛體、抽屜／滑門／按鈕等機構,語言、外部／gripper camera、可選觸覺,0,{},native_task_list_to_collect,https://arxiv.org/abs/2112.03227,primary metadata verified; scope coded from title/abstract evidence
P066,ManiSkill,2021,M,一般操作 benchmark,benchmark_or_evaluation_resource,True,,,,,,,,0,{},native_task_list_to_collect,https://arxiv.org/abs/2107.14483,primary metadata verified; scope coded from title/abstract evidence
P067,ManiSkill2,2023,M,一般操作 benchmark,benchmark_or_evaluation_resource,True,maniskill2,20 個 manipulation task families；含固定／移動與單／雙臂,20 個 task families；v0.5.3 程式 21 registrations,"物件、拓撲、幾何與初態變化；不以 2,000 物件當場景",實例／case 依資產與 protocol,剛體與 soft-body；具多種材料任務,RGBD／point cloud 等，controller 可配置,21,"{""native_task_registration"": 21}",fixed_source_records_available,https://arxiv.org/abs/2302.04659,primary metadata verified; complete abstract reviewed for this report
P068,ManiSkill3,2024,M,一般操作 benchmark,benchmark_or_evaluation_resource,True,maniskill3,原作稱 12 domains，例子含移動、humanoid、dexterous；屬能力／機體分組,固定版本 65 task registrations；原文 12 domains 不是 12 個部署場域,artist scenes 與 digital twins；獨立場景總數本輪未核,依選用環境、資產與初態生成,接觸操作；物理材料支援依具體環境,state／visual，point clouds、voxels 等,65,"{""native_task_registration"": 65}",fixed_source_records_available,https://arxiv.org/abs/2410.00425,primary metadata verified; scope coded from title/abstract evidence
P069,robosuite,2020,M,一般操作 benchmark,benchmark_or_evaluation_resource,True,,,,,,,,0,{},native_task_list_to_collect,https://arxiv.org/abs/2009.12293,primary metadata verified; scope coded from title/abstract evidence
P070,RoboCasa,2024,M,一般操作 benchmark,benchmark_or_evaluation_resource,True,,,,,,,,365,"{""native_task_id"": 365}",fixed_source_records_available,https://arxiv.org/abs/2406.02523,primary metadata verified; scope coded from title/abstract evidence
P071,RoboCasa365,2026,M,一般操作 benchmark,benchmark_or_evaluation_resource,True,robocasa365,廚房活動；60 種原生活動分組,365 個 tasks；正式 target 評測子集 50,"2,500 個 pretraining 廚房（50 layouts × 50 styles）；另有 10 個 target 廚房",測例依 task、場景與初態生成；全庫固定測例總數未在本輪歸一,廚房剛體、關節與設備／物料狀態；各物理效果按任務核對,robot 視覺＋語言；human demonstrations 指遙控資料，非等同觀察人做事的影片,365,"{""native_task_id"": 365}",fixed_source_records_available,https://arxiv.org/abs/2603.04356,primary metadata verified; complete abstract reviewed for this report
P072,VLABench,2024,M,一般操作 benchmark,benchmark_or_evaluation_resource,True,vlabench,日常操作、知識／常識與隱含意圖；100 是任務分類，不是領域數,100 個 task categories,隨機化操作情境；独立環境資產總數本輪未核,每類可隨機化；固定全庫 case 數未核,以物件與機構操作為主；材料支撐逐題另核,語言、視覺及可用狀態；隱含意圖指令,96,"{""native_task_registration"": 96}",fixed_source_records_available,https://arxiv.org/abs/2412.18194,primary metadata verified; complete abstract reviewed for this report
P073,RoboTwin,2024,M,一般操作 benchmark,benchmark_or_evaluation_resource,True,,,,,,,,50,"{""native_task_module"": 50}",fixed_source_records_available,https://arxiv.org/abs/2409.02920,primary metadata verified; scope coded from title/abstract evidence
P074,RoboTwin 2.0,2025,M,一般操作 benchmark,benchmark_or_evaluation_resource,True,robotwin2,多樣雙臂操作；五種 randomization 軸非五應用領域,50 個 dual-arm tasks,任務場景加 clutter／lighting／background／table height 等隨機化,依任務與隨機化設定生成，無單一固定 case 總數,雙臂物件與接觸操作；材料分布另核,視覺＋語言；合成 robot demonstrations,50,"{""native_task_module"": 50}",fixed_source_records_available,https://arxiv.org/abs/2506.18088,primary metadata verified; scope coded from title/abstract evidence
P075,VIMA,2022,M,一般操作 benchmark,benchmark_or_evaluation_resource,True,,桌面操作；7個原生分組為指令、約束、新概念、一次模仿、重排、記憶、推理,17個原生task templates；已逐一連到官方class與task_name,,,,文字／圖像／影片組成的multimodal prompts,17,"{""native_task_template"": 17}",fixed_source_records_available,https://arxiv.org/abs/2210.03094,primary metadata verified; complete abstract reviewed for this report
P076,Ravens / Transporter Networks,2020,M,一般操作 benchmark,benchmark_or_evaluation_resource,True,,,,,,,,0,{},native_task_list_to_collect,https://arxiv.org/abs/2010.14406,primary metadata verified; scope coded from title/abstract evidence
P077,CLIPort,2021,M,一般操作 benchmark,data_or_method_resource,False,,,,,,,,0,{},native_task_list_to_collect,https://arxiv.org/abs/2109.12098,primary metadata verified; scope coded from title/abstract evidence
P078,PerAct,2022,M,一般操作 benchmark,data_or_method_resource,False,,,,,,,,0,{},native_task_list_to_collect,https://arxiv.org/abs/2209.05451,primary metadata verified; scope coded from title/abstract evidence
P079,FMB,2024,M,一般操作 benchmark,benchmark_or_evaluation_resource,True,,,,,,,,0,{},native_task_list_to_collect,https://arxiv.org/abs/2401.08553,primary metadata verified; scope coded from title/abstract evidence
P080,DexArt,2023,M,一般操作 benchmark,benchmark_or_evaluation_resource,True,,,,,,,,0,{},native_task_list_to_collect,https://arxiv.org/abs/2305.05706,primary metadata verified; scope coded from title/abstract evidence
P081,ARNOLD,2023,M,一般操作 benchmark,benchmark_or_evaluation_resource,True,,連續狀態目標的室內物件操作,8個原生task classes；每類的連續目標與資料split另列,,,剛體／關節與液體相關任務；本輪僅取得定義,語言＋視覺；連續程度／比例目標,8,"{""native_task_class"": 8}",fixed_source_records_available,https://arxiv.org/abs/2304.04321,primary metadata verified; scope coded from title/abstract evidence
P082,RoboVerse,2025,M,一般操作 benchmark,benchmark_or_evaluation_resource,True,roboverse,整合既有操作 benchmark；276 個 task categories 非應用領域數,"論文 276 個 task categories；固定程式 2,897 registration groups",來源環境、assets 與 domain randomization；場景資產總數未歸一,測例依選用 suite／protocol；跨作 G2 未完成去重,物理支援依 backend／任務,共通表示／接口；sim 資料與 policy,2897,"{""integration_registration_group"": 2897}",fixed_source_records_available,https://arxiv.org/abs/2504.18904,primary metadata verified; complete abstract reviewed for this report
P083,RoboDojo,2026,M,一般操作 benchmark,benchmark_or_evaluation_resource,True,robodojo,操作能力；5 個 simulation capability dimensions，非 5 個應用領域,42 sim tasks／18 real tasks；不合併宣稱 60 個獨立 G2,simulation task scenes＋標準化 real evaluation setups,模型×任務×場景實驗量依 protocol,操作接觸與精度；逐題材料另核,語言、視覺、記憶條件,54,"{""native_task_module"": 54}",fixed_source_records_available,https://arxiv.org/abs/2607.04434,primary metadata verified; complete abstract reviewed for this report
P084,KinDER,2026,M,一般操作 benchmark,benchmark_or_evaluation_resource,True,,,,,,,,0,{},native_task_list_to_collect,https://arxiv.org/abs/2604.25788,primary metadata verified; complete abstract reviewed for this report
P085,SoftGym,2020,D,布料／柔性物操作,benchmark_or_evaluation_resource,True,softgym,布料、繩與水的技能評測；部署場域未作核心分類,固定程式 12 registrations，含變體；不可視為已去重 G2,材料技能場景與隨機初態,依材料、配置與 seed 生成,布料、繩索、流體,state／image，部分可觀測,12,"{""native_task_id"": 12}",fixed_source_records_available,https://arxiv.org/abs/2011.07215,primary metadata verified; scope coded from title/abstract evidence
P086,DeformableRavens,2020,D,布料／柔性物操作,benchmark_or_evaluation_resource,True,,,,,,,,25,"{""native_task_id"": 25}",fixed_source_records_available,https://arxiv.org/abs/2012.03385,primary metadata verified; scope coded from title/abstract evidence
P087,GarmentLab,2024,D,布料／柔性物操作,benchmark_or_evaluation_resource,True,garmentlab,衣物、布料及穿戴／收納相關操作,20 個 tasks，分 5 個互動類別,衣物、物件、fluid、avatar 互動場景；獨立場景資產總數未歸一,資產與操作配置形成實例；全庫測例總數未核,布料＋剛體／關節／fluid／human-body 互動；FEM／PBD,robot 視覺／狀態，依 task,10,"{""demo_entrypoint"": 10}",fixed_source_records_available,https://arxiv.org/abs/2411.01200,primary metadata verified; complete abstract reviewed for this report
P088,FlingBot,2021,D,布料／柔性物操作,data_or_method_resource,False,,,,,,,,0,{},native_task_list_to_collect,https://arxiv.org/abs/2105.03655,primary metadata verified; scope coded from title/abstract evidence
P089,SpeedFolding,2022,D,布料／柔性物操作,data_or_method_resource,False,,,,,,,,0,{},native_task_list_to_collect,https://arxiv.org/abs/2208.10552,canonical primary-source metadata verified; abstract available in source_metadata.json
P090,Cloth Funnels,2022,D,布料／柔性物操作,data_or_method_resource,False,,,,,,,,0,{},native_task_list_to_collect,https://arxiv.org/abs/2210.09347,canonical primary-source metadata verified; abstract available in source_metadata.json
P091,UniFolding,2023,D,布料／柔性物操作,data_or_method_resource,False,,,,,,,,0,{},native_task_list_to_collect,https://arxiv.org/abs/2311.01267,canonical primary-source metadata verified; abstract available in source_metadata.json
P092,ICRA cloth competition,2025,D,布料／柔性物操作,benchmark_or_evaluation_resource,True,,,,,,,,0,{},native_task_list_to_collect,https://arxiv.org/abs/2508.16749,primary metadata verified; complete abstract reviewed for this report
P093,MoDeSuite,2025,D,布料／柔性物操作,benchmark_or_evaluation_resource,True,modesuite,移動操作與柔性／彈性物件,8 個 mobile manipulation tasks,8 項應用啟發的操作情境；背景資產數未核,各任務實例／rollouts 依 protocol,彈性與柔性物；逐題材料模型另核,robot 感測與動作控制,0,{},native_task_list_to_collect,https://arxiv.org/abs/2507.21796,primary metadata verified; complete abstract reviewed for this report
P094,R2R / VLN,2017,N,導航與家務執行,benchmark_or_evaluation_resource,True,,,,,,,,0,{},native_task_list_to_collect,https://arxiv.org/abs/1711.07280,primary metadata verified; scope coded from title/abstract evidence
P095,RxR,2020,N,導航與家務執行,benchmark_or_evaluation_resource,True,,,,,,,,0,{},native_task_list_to_collect,https://arxiv.org/abs/2010.07954,primary metadata verified; scope coded from title/abstract evidence
P096,ALFRED,2019,N,導航與家務執行,benchmark_or_evaluation_resource,True,alfred,家庭室內；7 種任務類型,7 個 parameterized task types,120 個 indoor scenes,"8,055 expert demonstration episodes；25,743 language directives",剛體與離散物件／設備狀態；不宣稱相應熱學／清洗物理,高／低階語言指令、egocentric robot 視覺,7,"{""native_task_schema"": 7}",fixed_source_records_available,https://arxiv.org/abs/1912.01734,primary metadata verified; scope coded from title/abstract evidence
P097,TEACh,2021,N,導航與家務執行,benchmark_or_evaluation_resource,True,teach,對話協作式家庭工作,12 種 task types（論文資料）；程式 25 schemas 另列,AI2-THOR 室內場景；實際場景聯集本輪未核,"3,047 successful human–human gameplay sessions",剛體與離散狀態交互,對話、歷史、egocentric agent 視覺,25,"{""native_task_schema"": 25}",fixed_source_records_available,https://arxiv.org/abs/2110.00534,primary metadata verified; scope coded from title/abstract evidence
P098,Habitat 2.0,2021,N,導航與家務執行,benchmark_or_evaluation_resource,True,,,,,,,,0,{},native_task_list_to_collect,https://arxiv.org/abs/2106.14405,primary metadata verified; scope coded from title/abstract evidence
P099,HomeRobot,2023,N,導航與家務執行,benchmark_or_evaluation_resource,True,,,,,,,,0,{},native_task_list_to_collect,https://arxiv.org/abs/2306.11565,primary metadata verified; scope coded from title/abstract evidence
P100,BEHAVIOR-1K,2024,N,導航與家務執行,benchmark_or_evaluation_resource,True,behavior,8 種原生場景類別：住宅、帶花園住宅、旅館、辦公室、雜貨店、大廳、餐廳、學校；學校含實驗室,"1,000 個 everyday activities",50 個互動場景資源,活動／場景可實例化；不把 50 個場景當成測例數,剛體、關節、布料、流體等；含狀態／物質抽象,robot 觀測＋活動目標；人類需求調查不是影片條件,1016,"{""activity_definition_directory"": 1016}",fixed_source_records_available,https://arxiv.org/abs/2403.09227,primary metadata verified; complete abstract reviewed for this report
P101,Embodied Agent Interface,2024,N,導航與家務執行,benchmark_or_evaluation_resource,True,eai,BEHAVIOR 與 VirtualHome 的家庭活動；4 個決策模組,BEHAVIOR 100 task names；VirtualHome 26 task names（分開保留）,重用兩個原生環境；不是新建場景庫,BEHAVIOR 100 instructions／trajectories；VirtualHome 338,依原環境狀態與符號抽象,自然語言＋形式化目標／狀態／动作,3,"{""evaluation_protocol"": 3}",fixed_source_records_available,https://arxiv.org/abs/2410.07166,primary metadata verified; complete abstract reviewed for this report
P102,NavVerse,2026,N,導航與家務執行,benchmark_or_evaluation_resource,True,,,,,,,,0,{},native_task_list_to_collect,https://arxiv.org/abs/2607.19695,primary metadata verified; complete abstract reviewed for this report
P103,Follow-Bench,2025,N,導航與家務執行,benchmark_or_evaluation_resource,True,,,,,,,,0,{},native_task_list_to_collect,https://arxiv.org/abs/2509.10796,primary metadata verified; complete abstract reviewed for this report
P104,SIMPLER,2024,R,穩健性、失敗與評測品質,benchmark_or_evaluation_resource,True,,,,,,,,0,{},native_task_list_to_collect,https://arxiv.org/abs/2405.05941,primary metadata verified; scope coded from title/abstract evidence
P105,LIBERO-Plus,2025,R,穩健性、失敗與評測品質,benchmark_or_evaluation_resource,True,,,,,,,,0,{},native_task_list_to_collect,https://arxiv.org/abs/2510.13626,primary metadata verified; complete abstract reviewed for this report
P106,MetaWorld+,2025,R,穩健性、失敗與評測品質,benchmark_or_evaluation_resource,True,,,,,,,,0,{},native_task_list_to_collect,https://arxiv.org/abs/2505.11289,canonical primary-source metadata verified; abstract available in source_metadata.json
P107,COLOSSEUM,2024,R,穩健性、失敗與評測品質,benchmark_or_evaluation_resource,True,,,,,,,,0,{},native_task_list_to_collect,https://arxiv.org/abs/2402.08191,primary metadata verified; scope coded from title/abstract evidence
P108,RoboArena,2025,R,穩健性、失敗與評測品質,benchmark_or_evaluation_resource,True,,,,,,,,0,{},native_task_list_to_collect,https://arxiv.org/abs/2506.18123,primary metadata verified; complete abstract reviewed for this report
P109,REFLECT / RoboFail,2023,R,穩健性、失敗與評測品質,benchmark_or_evaluation_resource,True,,,,,,,,0,{},native_task_list_to_collect,https://arxiv.org/abs/2306.15724,canonical primary-source metadata verified; abstract available in source_metadata.json
P110,AHA,2024,R,穩健性、失敗與評測品質,data_or_method_resource,False,,,,,,,,0,{},native_task_list_to_collect,https://arxiv.org/abs/2410.00371,primary metadata verified; scope coded from title/abstract evidence
P111,RoboReward,2026,R,穩健性、失敗與評測品質,benchmark_or_evaluation_resource,True,,,,,,,,0,{},native_task_list_to_collect,https://arxiv.org/abs/2601.00675,primary metadata verified; complete abstract reviewed for this report
P112,EgoOops,2024,R,穩健性、失敗與評測品質,benchmark_or_evaluation_resource,True,,,,,,,,0,{},native_task_list_to_collect,https://arxiv.org/abs/2410.05343,primary metadata verified; complete abstract reviewed for this report
P113,REPAIR-Bench,2026,R,穩健性、失敗與評測品質,benchmark_or_evaluation_resource,True,,,,,,,,0,{},native_task_list_to_collect,https://arxiv.org/abs/2606.29937,primary metadata verified; complete abstract reviewed for this report
P114,RobotArena infinity,2025,R,穩健性、失敗與評測品質,benchmark_or_evaluation_resource,True,,,,,,,,0,{},native_task_list_to_collect,https://arxiv.org/abs/2510.23571,primary metadata verified; scope coded from title/abstract evidence
P115,RoboMME-Interference,2026,R,穩健性、失敗與評測品質,benchmark_or_evaluation_resource,True,,,,,,,,0,{},native_task_list_to_collect,https://arxiv.org/abs/2606.22338,primary metadata verified; complete abstract reviewed for this report
P116,OopsieVerse,2026,R,穩健性、失敗與評測品質,benchmark_or_evaluation_resource,True,,,,,,,,0,{},native_task_list_to_collect,https://arxiv.org/abs/2606.31993,primary metadata verified; complete abstract reviewed for this report
P117,UMI,2024,T,人類觀測到機器人轉移,data_or_method_resource,False,,,,,,,,0,{},native_task_list_to_collect,https://arxiv.org/abs/2402.10329,primary metadata verified; scope coded from title/abstract evidence
P118,EgoMimic,2024,T,人類觀測到機器人轉移,data_or_method_resource,False,,,,,,,,0,{},native_task_list_to_collect,https://arxiv.org/abs/2410.24221,primary metadata verified; scope coded from title/abstract evidence
P119,EgoDex,2025,T,人類觀測到機器人轉移,benchmark_or_evaluation_resource,True,,,,,,,,0,{},native_task_list_to_collect,https://arxiv.org/abs/2505.11709,primary metadata verified; complete abstract reviewed for this report
P120,EgoScale,2026,T,人類觀測到機器人轉移,data_or_method_resource,False,,,,,,,,0,{},native_task_list_to_collect,https://arxiv.org/abs/2602.16710,primary metadata verified; complete abstract reviewed for this report
P121,EgoZero,2025,T,人類觀測到機器人轉移,data_or_method_resource,False,,,,,,,,0,{},native_task_list_to_collect,https://arxiv.org/abs/2505.20290,canonical primary-source metadata verified; abstract available in source_metadata.json
P122,EgoBridge,2025,T,人類觀測到機器人轉移,data_or_method_resource,False,,,,,,,,0,{},native_task_list_to_collect,https://arxiv.org/abs/2509.19626,canonical primary-source metadata verified; abstract available in source_metadata.json
P123,WatchAct,2026,T,人類觀測到機器人轉移,benchmark_or_evaluation_resource,True,watchact,家庭／輔助操作題材；4 個 cognitive domains,14 個原生認知 task schemas；操作 G2 種類待共同審核,真實人類影片與 executable LIBERO task 配對,"3,000 個 long-horizon video–task instances；2026-09-25 公開 HF 版本另實數 3,045 evaluation rows",配對操作以原生環境物件為準,人類影片，變化 camera viewpoint、角色與歷史條件,14,"{""video_task_schema"": 14}",fixed_source_records_available,https://arxiv.org/abs/2606.26443,primary metadata verified; complete abstract reviewed for this report
P124,RoboReel,2026,T,人類觀測到機器人轉移,benchmark_or_evaluation_resource,True,roboreel,Learning from Observation 操作任務,10 個 manipulation tasks；4 個 test suites,human demonstration videos 與 simulation task environments,各 suite 的 case／rollout 總數本輪未核,操作物件／接觸；完整材料分布另核,human videos 用於學習 policy；不同表示與資料條件,0,{},native_task_list_to_collect,https://arxiv.org/abs/2609.08209,primary metadata verified; complete abstract reviewed for this report
P125,Open X-Embodiment,2023,G,機器人資料與通用策略,data_or_method_resource,False,,,,,,,,0,{},native_task_list_to_collect,https://arxiv.org/abs/2310.08864,primary metadata verified; scope coded from title/abstract evidence
P126,DROID,2024,G,機器人資料與通用策略,data_or_method_resource,False,,,,,,,,0,{},native_task_list_to_collect,https://arxiv.org/abs/2403.12945,primary metadata verified; scope coded from title/abstract evidence
P127,BridgeData V2,2023,G,機器人資料與通用策略,data_or_method_resource,False,,,,,,,,0,{},native_task_list_to_collect,https://arxiv.org/abs/2308.12952,primary metadata verified; scope coded from title/abstract evidence
P128,RoboNet,2019,G,機器人資料與通用策略,data_or_method_resource,False,,,,,,,,0,{},native_task_list_to_collect,https://arxiv.org/abs/1910.11215,primary metadata verified; scope coded from title/abstract evidence
P129,RH20T,2023,G,機器人資料與通用策略,benchmark_or_evaluation_resource,True,,,,,,,,0,{},native_task_list_to_collect,https://arxiv.org/abs/2307.00595,primary metadata verified; scope coded from title/abstract evidence
P130,ALOHA / ACT,2023,G,機器人資料與通用策略,data_or_method_resource,False,,,,,,,,0,{},native_task_list_to_collect,https://arxiv.org/abs/2304.13705,primary metadata verified; scope coded from title/abstract evidence
P131,Mobile ALOHA,2024,G,機器人資料與通用策略,data_or_method_resource,False,,,,,,,,0,{},native_task_list_to_collect,https://arxiv.org/abs/2401.02117,primary metadata verified; scope coded from title/abstract evidence
P132,RT-1,2022,G,機器人資料與通用策略,data_or_method_resource,False,,,,,,,,0,{},native_task_list_to_collect,https://arxiv.org/abs/2212.06817,primary metadata verified; scope coded from title/abstract evidence
P133,RT-2,2023,G,機器人資料與通用策略,data_or_method_resource,False,,,,,,,,0,{},native_task_list_to_collect,https://arxiv.org/abs/2307.15818,primary metadata verified; scope coded from title/abstract evidence
P134,OpenVLA,2024,G,機器人資料與通用策略,data_or_method_resource,False,,,,,,,,0,{},native_task_list_to_collect,https://arxiv.org/abs/2406.09246,primary metadata verified; scope coded from title/abstract evidence
P135,Octo,2024,G,機器人資料與通用策略,data_or_method_resource,False,,,,,,,,0,{},native_task_list_to_collect,https://arxiv.org/abs/2405.12213,primary metadata verified; scope coded from title/abstract evidence
P136,pi0,2024,G,機器人資料與通用策略,data_or_method_resource,False,,,,,,,,0,{},native_task_list_to_collect,https://arxiv.org/abs/2410.24164,primary metadata verified; scope coded from title/abstract evidence
P137,pi0.5,2025,G,機器人資料與通用策略,data_or_method_resource,False,,,,,,,,0,{},native_task_list_to_collect,https://arxiv.org/abs/2504.16054,primary metadata verified; scope coded from title/abstract evidence
P138,Diffusion Policy,2023,G,機器人資料與通用策略,data_or_method_resource,False,,,,,,,,0,{},native_task_list_to_collect,https://arxiv.org/abs/2303.04137,primary metadata verified; scope coded from title/abstract evidence
P139,R3M,2022,G,機器人資料與通用策略,data_or_method_resource,False,,,,,,,,0,{},native_task_list_to_collect,https://arxiv.org/abs/2203.12601,primary metadata verified; scope coded from title/abstract evidence
P140,VIP,2022,G,機器人資料與通用策略,data_or_method_resource,False,,,,,,,,0,{},native_task_list_to_collect,https://arxiv.org/abs/2210.00030,primary metadata verified; scope coded from title/abstract evidence
P141,HoloAssist,2023,C,輔助與協作,benchmark_or_evaluation_resource,True,,,,,,,,0,{},native_task_list_to_collect,https://arxiv.org/abs/2309.17024,primary metadata verified; complete abstract reviewed for this report
P142,Habitat 3.0,2023,C,輔助與協作,benchmark_or_evaluation_resource,True,,,,,,,,0,{},native_task_list_to_collect,https://arxiv.org/abs/2310.13724,primary metadata verified; scope coded from title/abstract evidence
P143,PARTNR,2024,C,輔助與協作,benchmark_or_evaluation_resource,True,partnr,多 agent 家庭活動；4 類約束／能力分組,4 個 task types；具體語義任務種類尚需正規化,60 個房屋：37 train、13 validation、10 test,"100,000 train episodes＋1,000 validation＋1,000 test；原文概述 100k tasks",物件、空間與狀態交互,語言任務＋agent 觀測；分散／集中控制,6,"{""generator_configuration"": 6}",fixed_source_records_available,https://arxiv.org/abs/2411.00081,primary metadata verified; scope coded from title/abstract evidence
P144,CAP / EgoGym,2026,T,人類觀測到機器人轉移,benchmark_or_evaluation_resource,True,,,,,,,,0,{},native_task_list_to_collect,https://arxiv.org/abs/2602.09017,primary metadata verified; complete abstract reviewed for this report
P145,NIABench,2026,C,輔助與協作,benchmark_or_evaluation_resource,True,,,,,,,,0,{},native_task_list_to_collect,https://arxiv.org/abs/2605.01368,primary metadata verified; complete abstract reviewed for this report
P146,DexH2R,2025,C,輔助與協作,benchmark_or_evaluation_resource,True,,,,,,,,0,{},native_task_list_to_collect,https://arxiv.org/abs/2506.23152,primary metadata verified; complete abstract reviewed for this report
P147,HRIBench,2026,C,輔助與協作,benchmark_or_evaluation_resource,True,,,,,,,,0,{},native_task_list_to_collect,https://arxiv.org/abs/2607.13056,primary metadata verified; complete abstract reviewed for this report
P148,Assistax,2025,C,輔助與協作,benchmark_or_evaluation_resource,True,,,,,,,,0,{},native_task_list_to_collect,https://arxiv.org/abs/2507.21638,primary metadata verified; complete abstract reviewed for this report
P149,V-JEPA 2,2025,W,世界模型與預測表示,data_or_method_resource,False,,,,,,,,0,{},native_task_list_to_collect,https://arxiv.org/abs/2506.09985,primary metadata verified; scope coded from title/abstract evidence
P150,DreamDojo,2026,W,世界模型與預測表示,data_or_method_resource,False,,,,,,,,0,{},native_task_list_to_collect,https://arxiv.org/abs/2602.06949,primary metadata verified; scope coded from title/abstract evidence
P151,H2R-Bench,2026,W,世界模型與預測表示,benchmark_or_evaluation_resource,True,,,,,,,,0,{},native_task_list_to_collect,https://arxiv.org/abs/2608.13049,primary metadata verified; complete abstract reviewed for this report
P152,RoboWM-Bench,2026,W,世界模型與預測表示,benchmark_or_evaluation_resource,True,,,,,,,,0,{},native_task_list_to_collect,https://arxiv.org/abs/2604.19092,primary metadata verified; complete abstract reviewed for this report
P153,EgoExo-Gen,2025,W,世界模型與預測表示,data_or_method_resource,False,,,,,,,,0,{},native_task_list_to_collect,https://arxiv.org/abs/2504.11732,primary metadata verified; scope coded from title/abstract evidence
P154,Hand-conditioned ego predictive model,2025,W,世界模型與預測表示,data_or_method_resource,False,,,,,,,,0,{},native_task_list_to_collect,https://arxiv.org/abs/2508.19852,primary metadata verified; scope coded from title/abstract evidence
P155,EgoExo-WM,2026,W,世界模型與預測表示,data_or_method_resource,False,,,,,,,,0,{},native_task_list_to_collect,https://arxiv.org/abs/2605.15477,primary metadata verified; scope coded from title/abstract evidence
P156,Egocentric survey,2025,S,Survey／評測方法,survey_or_evaluation_method,False,,,,,,,,0,{},native_task_list_to_collect,https://arxiv.org/abs/2503.15275,canonical primary-source metadata verified; abstract available in source_metadata.json
P157,Human-video robot learning survey,2026,S,Survey／評測方法,survey_or_evaluation_method,False,,,,,,,,0,{},native_task_list_to_collect,https://arxiv.org/abs/2604.27621,canonical primary-source metadata verified; abstract available in source_metadata.json
P158,VLA benchmark survey,2026,S,Survey／評測方法,survey_or_evaluation_method,False,,,,,,,,0,{},native_task_list_to_collect,https://arxiv.org/abs/2604.23001,canonical primary-source metadata verified; abstract available in source_metadata.json
P159,tinyBenchmarks,2024,S,Survey／評測方法,survey_or_evaluation_method,False,,,,,,,,0,{},native_task_list_to_collect,https://arxiv.org/abs/2402.14992,primary metadata verified; complete abstract reviewed for this report
P160,Rliable,2021,S,Survey／評測方法,survey_or_evaluation_method,False,,,,,,,,0,{},native_task_list_to_collect,https://arxiv.org/abs/2108.13264,primary metadata verified; complete abstract reviewed for this report
P161,First-person prediction survey,2021,S,Survey／評測方法,survey_or_evaluation_method,False,,,,,,,,0,{},native_task_list_to_collect,https://arxiv.org/abs/2107.13411,primary metadata verified; scope coded from title/abstract evidence
P162,Egocentric hands survey,2019,S,Survey／評測方法,survey_or_evaluation_method,False,,,,,,,,0,{},native_task_list_to_collect,https://arxiv.org/abs/1912.10867,primary metadata verified; scope coded from title/abstract evidence
P163,Ego-exo collaboration survey,2025,S,Survey／評測方法,survey_or_evaluation_method,False,,,,,,,,0,{},native_task_list_to_collect,https://arxiv.org/abs/2506.06253,primary metadata verified; scope coded from title/abstract evidence
P164,The Imitator Game,2026,T,人類觀測到機器人轉移,benchmark_or_evaluation_resource,True,imitator,6 原生領域：Household、Supermarket、Restaurant、Logistics、Hospital、Laboratory,50+ base tasks；各域列數共 53；200+ L0–L3 variants,跨六領域的 human–robot 對齊情境；獨立場景資產總數未核,paired episodes 是資料資源，不是每個模型都跑過的 test cases,含衣物、容器、包裝等；各物理模型／sim-real 適用性另核,人類示範；L0–L3 情境／物件／affordance mismatch,53,"{""human_sim_task_mapping"": 53}",fixed_source_records_available,https://arxiv.org/abs/2608.22301,primary metadata and complete abstract checked; selected sections checked for Imitator Game and LIBERO-Recover
P165,LIBERO-Recover,2026,R,穩健性、失敗與評測品質,benchmark_or_evaluation_resource,True,liberorecover,LIBERO 衍生操作與失敗狀態,沿用 LIBERO 操作；4 個 recovery levels 不是新增 G2 類數,由模型實際失敗形成的恢復情境,"1,000+ failure scenarios",原生物件與場景狀態；含結構／拓撲推理,robot 狀態／觀測＋任務資訊,0,{},native_task_list_to_collect,https://arxiv.org/abs/2609.05178,primary metadata and complete abstract checked; selected sections checked for Imitator Game and LIBERO-Recover
P166,SafeVLA-Bench,2026,R,穩健性、失敗與評測品質,benchmark_or_evaluation_resource,True,safevla,LIBERO tabletop 與 RoboCasa365 kitchen,沿用原任務；不新增獨立任務種類總數,重用既有 benchmark 場景,9 個 policy–benchmark entries；不是 9 題,接觸、物件擾動、持物穩定與 self-contact 量測,任務相關 STL 條件＋完整軌跡,0,{},native_task_list_to_collect,https://arxiv.org/abs/2606.00773,primary metadata and complete abstract checked; selected sections checked for Imitator Game and LIBERO-Recover
P167,DexGarmentLab,2025,D,布料／柔性物操作,benchmark_or_evaluation_resource,True,dexgarment,靈巧衣物操作,15 個 task scenarios,衣物幾何、形變、操作情境與大規模 3D assets,多衣物實例與初始形變；測例總數本輪未核,布料／衣物與接觸,視覺／狀態；結構對應與 affordance,15,"{""task_scene_entrypoint"": 15}",fixed_source_records_available,https://arxiv.org/abs/2505.11032,primary metadata and complete abstract checked; selected sections checked for Imitator Game and LIBERO-Recover
P168,"HRIBench (perception, 2025)",2025,Q,理解、推理與規劃,benchmark_or_evaluation_resource,True,,,,,,,,0,{},native_task_list_to_collect,https://arxiv.org/abs/2506.20566,primary metadata and complete abstract checked; selected sections checked for Imitator Game and LIBERO-Recover
P169,X2Real,2026,M,一般操作 benchmark,benchmark_or_evaluation_resource,True,x2real,10項能力維度；非10個部署場域,44項hierarchical long-horizon tasks,摘要沒有可獨立歸一的場景／layout總數,受測case／episode總數未由摘要確定,依具體任務核對；不由題名推定材料保真,視覺、語言與各policy相容輸入,0,{},native_task_list_to_collect,https://arxiv.org/abs/2609.27449,primary metadata verified and complete abstract reviewed; no complete full-text audit
P170,MotionForge,2026,M,一般操作 benchmark,benchmark_or_evaluation_resource,True,motionforge,動態物件操作；11種motion patterns不是11個應用領域,40項dynamic interaction tasks；其中17項長流程,摘要沒有可獨立歸一的場景／layout總數,受測case／episode總數未由摘要確定,動態接觸物件；形變材料支撐另核,原文輸入與監督條件另核,0,{},native_task_list_to_collect,https://arxiv.org/abs/2609.25689,primary metadata verified and complete abstract reviewed; no complete full-text audit
P171,Bench2Dex,2026,M,一般操作 benchmark,benchmark_or_evaluation_resource,True,bench2dex,工具、關節與多階段雙手操作；部署場域仍需逐題綁定,26項bimanual tasks,摘要沒有可獨立歸一的場景／layout總數,受測case／episode總數未由摘要確定,剛體／關節／接觸；共享模擬觸覺不模仿特定實體sensor,視覺、觸覺影像、本體與action／物件state；policy輸入依setting,0,{},native_task_list_to_collect,https://arxiv.org/abs/2609.15726,primary metadata verified and complete abstract reviewed; no complete full-text audit
P172,LabUtopia,2025,M,一般操作 benchmark,benchmark_or_evaluation_resource,True,labutopia,科學實驗室,30項tasks；5 complexity levels,LabScene程序生成；200+為場景／儀器混合資產，不是200房間,受測case／episode總數未由摘要確定,原作主張multi-physics／chemically meaningful互動，逐項保真仍需查核,原文輸入與監督條件另核,0,{},native_task_list_to_collect,https://arxiv.org/abs/2505.22634,primary metadata verified and complete abstract reviewed; no complete full-text audit
P173,LabDex,2026,M,一般操作 benchmark,benchmark_or_evaluation_resource,True,labdex,化學實驗室,原子技能／組合技能／長流程實驗三層；摘要未明訂總數,摘要沒有可獨立歸一的場景／layout總數,受測case／episode總數未由摘要確定,依具體任務核對；不由題名推定材料保真,原文輸入與監督條件另核,0,{},native_task_list_to_collect,https://arxiv.org/abs/2608.18618,primary metadata verified and complete abstract reviewed; no complete full-text audit
P174,Labimus,2026,M,一般操作 benchmark,benchmark_or_evaluation_resource,True,labimus,有機化學實驗室,6項atomic operations；另有7步solid-weighing workflow,摘要沒有可獨立歸一的場景／layout總數,受測case／episode總數未由摘要確定,關節儀器、粒子粉末、closed-loop讀值,視覺、機體與儀器量測,0,{},native_task_list_to_collect,https://arxiv.org/abs/2606.31037,primary metadata verified and complete abstract reviewed; no complete full-text audit
P175,Pipette,2026,M,一般操作 benchmark,benchmark_or_evaluation_resource,True,pipette,wet-lab：樣本、培養器皿、設備與精密放置,12項tasks,摘要沒有可獨立歸一的場景／layout總數,受測case／episode總數未由摘要確定,依具體任務核對；不由題名推定材料保真,robot示範／視覺語言；增強含燈光、camera、速度與動作,0,{},native_task_list_to_collect,https://arxiv.org/abs/2606.12936,primary metadata verified and complete abstract reviewed; no complete full-text audit
P176,AutoBio,2025,M,一般操作 benchmark,benchmark_or_evaluation_resource,True,autobio,biology laboratory 的儀器與實驗程序操作,16 個 tasks；3 個設計難度層,實驗室儀器數位化場景；獨立場景總數未核,論文選 9 tasks 做主實驗；每任務示範量另列,器皿、設備機構、透明材料；流體效應須依實作另核,語言、視覺、proprioception／儀器介面,0,{},native_task_list_to_collect,https://arxiv.org/abs/2505.14030,primary metadata verified and complete abstract reviewed; no complete full-text audit
P177,H2RBench（human transfer）,2026,T,人類觀測到機器人轉移,benchmark_or_evaluation_resource,True,h2rtransfer,原文摘要未足以對齊部署場域；保留其原生用途,4項manipulation tasks,真實人類示範與模擬robot環境配對,受測case／episode總數未由摘要確定,依具體任務核對；不由題名推定材料保真,人類影片用於學習；robot監督量與human資料量受控,0,{},native_task_list_to_collect,https://arxiv.org/abs/2609.24778,primary metadata verified and complete abstract reviewed; no complete full-text audit
P178,RoboRecover,2026,R,穩健性、失敗與評測品質,benchmark_or_evaluation_resource,True,roborecover,原文摘要未足以對齊部署場域；保留其原生用途,"沿用原操作任務；不是新增2,000個G2",以實際動作前綴重播重建中途偏離狀態,"2,000 deviation scenarios；每平台1,000，各800 train／200 test",依具體任務核對；不由題名推定材料保真,原文輸入與監督條件另核,0,{},native_task_list_to_collect,https://arxiv.org/abs/2609.28952,primary metadata verified and complete abstract reviewed; no complete full-text audit
P179,REBOOT,2026,R,穩健性、失敗與評測品質,benchmark_or_evaluation_resource,True,reboot,精密裝配；工業題材,18項precision assembly tasks,摘要沒有可獨立歸一的場景／layout總數,五共同phase；各phase失敗及專家恢復,依具體任務核對；不由題名推定材料保真,四視角RGB-D、phase語言條件及action,0,{},native_task_list_to_collect,https://arxiv.org/abs/2609.22591,primary metadata verified and complete abstract reviewed; no complete full-text audit
P180,SafeManip,2026,R,穩健性、失敗與評測品質,benchmark_or_evaluation_resource,True,safemanip,家務RoboCasa365子集,沿用50原任務；8 temporal property categories,摘要沒有可獨立歸一的場景／layout總數,6 VLA policies；全庫rollout數摘要未歸一,依具體任務核對；不由題名推定材料保真,rollout轉為symbolic predicate traces與LTLf monitors,0,{},native_task_list_to_collect,https://arxiv.org/abs/2605.12386,primary metadata verified and complete abstract reviewed; no complete full-text audit
P181,RoboFolDeX,2026,D,布料／柔性物操作,benchmark_or_evaluation_resource,True,robofoldex,以衣物摺疊為主要評測工作；資料另含多類操作,資料全庫20+ tasks；主要摺衣受測集合須另核,摘要沒有可獨立歸一的場景／layout總數,受測case／episode總數未由摘要確定,衣物／柔性物與剛體轉移資料,真實robot資料；human intervention不等於人類示範影片,0,{},native_task_list_to_collect,https://arxiv.org/abs/2609.10243,primary metadata verified and complete abstract reviewed; no complete full-text audit
P182,SoftVTBench,2026,D,布料／柔性物操作,benchmark_or_evaluation_resource,True,softvtbench,原文摘要未足以對齊部署場域；保留其原生用途,總task種類未由摘要確定；12個ID實驗config不是12種任務,摘要沒有可獨立歸一的場景／layout總數,受測case／episode總數未由摘要確定,volumetric deformable＋visually matched rigid twins；FEM真值,多視角RGB、觸覺、marker motion、本體與語言；FEM為evaluator-only,0,{},native_task_list_to_collect,https://arxiv.org/abs/2608.18701,primary metadata verified and complete abstract reviewed; no complete full-text audit
P183,WireCraft,2026,D,布料／柔性物操作,benchmark_or_evaluation_resource,True,wirecraft,工業線材裝配,3 task families：connector insertion／clip routing／channel seating,摘要沒有可獨立歸一的場景／layout總數,受測case／episode總數未由摘要確定,關節鏈式與連續柔性DLO兩模型,原文輸入與監督條件另核,0,{},native_task_list_to_collect,https://arxiv.org/abs/2606.18097,primary metadata verified and complete abstract reviewed; no complete full-text audit
P184,DLO-Lab,2026,D,布料／柔性物操作,benchmark_or_evaluation_resource,True,dlolab,繩、線、橡皮帶等DLO操作,原文摘要未明訂可比的任務種類總數,摘要沒有可獨立歸一的場景／layout總數,受測case／episode總數未由摘要確定,伸長／不可伸長、彈性、彎曲塑性與接觸,原文輸入與監督條件另核,0,{},native_task_list_to_collect,https://arxiv.org/abs/2606.04206,primary metadata verified and complete abstract reviewed; no complete full-text audit
P185,RGBench,2025,D,布料／柔性物操作,benchmark_or_evaluation_resource,True,rgbench,衣物與robot garment manipulation,摘要未提供可比操作任務總數,摘要沒有可獨立歸一的場景／layout總數,受測case／episode總數未由摘要確定,布料／衣物動態,原文輸入與監督條件另核,0,{},native_task_list_to_collect,https://arxiv.org/abs/2511.06434,primary metadata verified and complete abstract reviewed; no complete full-text audit
P186,BiFold,2025,D,布料／柔性物操作,role_review_pending,False,,,,,,,,0,{},native_task_list_to_collect,https://arxiv.org/abs/2501.16458,primary metadata verified and complete abstract reviewed; no complete full-text audit
P187,SSFold,2024,D,布料／柔性物操作,role_review_pending,False,,,,,,,,0,{},native_task_list_to_collect,https://arxiv.org/abs/2411.02608,primary metadata verified and complete abstract reviewed; no complete full-text audit
P188,DRAPER,2024,D,布料／柔性物操作,role_review_pending,False,,,,,,,,0,{},native_task_list_to_collect,https://arxiv.org/abs/2409.15159,primary metadata verified and complete abstract reviewed; no complete full-text audit
P189,GPT-Fabric,2024,D,布料／柔性物操作,role_review_pending,False,,,,,,,,0,{},native_task_list_to_collect,https://arxiv.org/abs/2406.09640,primary metadata verified and complete abstract reviewed; no complete full-text audit
P190,UniGarmentManip,2024,D,布料／柔性物操作,role_review_pending,False,,,,,,,,0,{},native_task_list_to_collect,https://arxiv.org/abs/2405.06903,primary metadata verified and complete abstract reviewed; no complete full-text audit
P191,ClothesNet,2023,D,布料／柔性物操作,role_review_pending,False,,,,,,,,0,{},native_task_list_to_collect,https://arxiv.org/abs/2308.09987,primary metadata verified and complete abstract reviewed; no complete full-text audit
P192,Phys-Liquid,2025,D,布料／柔性物操作,benchmark_or_evaluation_resource,True,physliquid,實驗室液體的形狀／體積估計,液體分割／3D重建／體積估計；非完整倒液控制,摘要沒有可獨立歸一的場景／layout總數,受測case／episode總數未由摘要確定,透明液體、容器動態和光學條件,影像與3D形狀／体積,0,{},native_task_list_to_collect,https://arxiv.org/abs/2511.11077,primary metadata verified and complete abstract reviewed; no complete full-text audit
P193,GRIP,2025,D,布料／柔性物操作,role_review_pending,False,,,,,,,,0,{},native_task_list_to_collect,https://arxiv.org/abs/2503.05020,primary metadata verified and complete abstract reviewed; no complete full-text audit
P194,Cloth gripper interface,2026,D,布料／柔性物操作,role_review_pending,False,,,,,,,,0,{},native_task_list_to_collect,https://arxiv.org/abs/2609.29340,primary metadata verified and complete abstract reviewed; no complete full-text audit
P195,World models for unfolding,2026,D,布料／柔性物操作,role_review_pending,False,,,,,,,,0,{},native_task_list_to_collect,https://arxiv.org/abs/2602.16675,primary metadata verified and complete abstract reviewed; no complete full-text audit
P196,Deform360,2026,D,布料／柔性物操作,benchmark_or_evaluation_resource,True,deform360,日常柔性物動態,2D影片／3D粒子預測端點；物件不是task,摘要沒有可獨立歸一的場景／layout總數,受測case／episode總數未由摘要確定,柔性物全局運動與局部接觸形變,多視角、觸覺、markerless 3D tracking,0,{},native_task_list_to_collect,https://arxiv.org/abs/2607.05390,primary metadata verified and complete abstract reviewed; no complete full-text audit
P197,EgoSim / MultiEgoView,2025,V,人類影片與動作資料,benchmark_or_evaluation_resource,True,egosim,人体運動／活動與佩戴位置研究,姿態估計等感知端點，非robot工作種類,合成部分4個virtual environments；真實13名參與者,受測case／episode總數未由摘要確定,依具體任務核對；不由題名推定材料保真,頭部以外多個身體位置，RGB與3D全身姿態,0,{},native_task_list_to_collect,https://arxiv.org/abs/2502.18373,primary metadata verified and complete abstract reviewed; no complete full-text audit
P198,TACO,2024,V,人類影片與動作資料,benchmark_or_evaluation_resource,True,taco,日常雙手工具操作,3 HOI endpoints：recognition／forecasting／grasp synthesis,摘要沒有可獨立歸一的場景／layout總數,受測case／episode總數未由摘要確定,依具體任務核對；不由題名推定材料保真,Ego＋exo、精確手物3D mesh、action labels,0,{},native_task_list_to_collect,https://arxiv.org/abs/2401.08399,primary metadata verified and complete abstract reviewed; no complete full-text audit
P199,OpenEgo,2025,V,人類影片與動作資料,benchmark_or_evaluation_resource,True,openego,原作290人類操作activities；600+ recording environments,290 manipulation tasks是人類活動單位，非已驗證robot G2,摘要沒有可獨立歸一的場景／layout總數,受測case／episode總數未由摘要確定,依具體任務核對；不由題名推定材料保真,時間對齊action primitives與標準化hand pose,0,{},native_task_list_to_collect,https://arxiv.org/abs/2509.05513,primary metadata verified and complete abstract reviewed; no complete full-text audit
P200,SABER,2026,V,人類影片與動作資料,benchmark_or_evaluation_resource,True,saber,retail grocery店內活動,下游評測10項retail manipulation tasks,摘要沒有可獨立歸一的場景／layout總數,受測case／episode總數未由摘要確定,依具體任務核對；不由題名推定材料保真,人類頭戴手物影片＋外部360；三動作表示,0,{},native_task_list_to_collect,https://arxiv.org/abs/2605.09613,primary metadata verified and complete abstract reviewed; no complete full-text audit
P201,EgoSAT,2026,Q,理解、推理與規劃,benchmark_or_evaluation_resource,True,egosat,原文摘要未足以對齊部署場域；保留其原生用途,過去／現在／未來的streaming interaction理解,摘要沒有可獨立歸一的場景／layout總數,"約4,800 QA pairs",依具體任務核對；不由題名推定材料保真,查詢時只可使用已觀測影格,0,{},native_task_list_to_collect,https://arxiv.org/abs/2606.24422,primary metadata verified and complete abstract reviewed; no complete full-text audit
P202,EgoMonth,2026,Q,理解、推理與規劃,benchmark_or_evaluation_resource,True,egomonth,日常生活的跨天／跨月記憶,14認知task schemas；3 cognitive levels,摘要沒有可獨立歸一的場景／layout總數,"1,443 multiple-choice QA",依具體任務核對；不由題名推定材料保真,長期first-person生活錄製,0,{},native_task_list_to_collect,https://arxiv.org/abs/2608.13113,primary metadata verified and complete abstract reviewed; no complete full-text audit
P203,EGOSTREAM,2026,Q,理解、推理與規劃,benchmark_or_evaluation_resource,True,egostream,原文摘要未足以對齊部署場域；保留其原生用途,7 cognitive dimensions,摘要沒有可獨立歸一的場景／layout總數,"2,250 curated questions → 8,528 recall-conditioned evaluations",依具體任務核對；不由題名推定材料保真,連續Ego影片；Answer Validity Window,0,{},native_task_list_to_collect,https://arxiv.org/abs/2605.31557,primary metadata verified and complete abstract reviewed; no complete full-text audit
P204,S-EMBER,2026,Q,理解、推理與規劃,benchmark_or_evaluation_resource,True,sember,原文摘要未足以對齊部署場域；保留其原生用途,grounded streaming episodic retrieval,摘要沒有可獨立歸一的場景／layout總數,"9,448 QA pairs",依具體任務核對；不由題名推定材料保真,Ray-Ban Meta智慧眼鏡；視覺事件觸發的causal recall,0,{},native_task_list_to_collect,https://arxiv.org/abs/2607.02689,primary metadata verified and complete abstract reviewed; no complete full-text audit
P205,CapMem,2026,Q,理解、推理與規劃,benchmark_or_evaluation_resource,True,capmem,原文摘要未足以對齊部署場域；保留其原生用途,caption-based episodic memory,摘要沒有可獨立歸一的場景／layout總數,"1,000 multiple-choice QA／16 scenarios",依具體任務核對；不由題名推定材料保真,影片、caption視窗與retrieve-and-verify,0,{},native_task_list_to_collect,https://arxiv.org/abs/2609.17688,primary metadata verified and complete abstract reviewed; no complete full-text audit
P206,EmbodiedMemory-Bench,2026,Q,理解、推理與規劃,benchmark_or_evaluation_resource,True,emembench,原文摘要未足以對齊部署場域；保留其原生用途,4 memory task families,摘要沒有可獨立歸一的場景／layout總數,"2,554 interactive episodes",依具體任務核對；不由題名推定材料保真,互動歷史、狀態變化與後續任務,0,{},native_task_list_to_collect,https://arxiv.org/abs/2609.28236,primary metadata verified and complete abstract reviewed; no complete full-text audit
P207,EgoCoT-Bench,2026,Q,理解、推理與規劃,benchmark_or_evaluation_resource,True,egocot,原文摘要未足以對齊部署場域；保留其原生用途,4 task groups／12 subtask groups,摘要沒有可獨立歸一的場景／layout總數,"3,172 verifiable QA",依具體任務核對；不由題名推定材料保真,影片與時空scene graph支撐的公開理由／證據標註,0,{},native_task_list_to_collect,https://arxiv.org/abs/2605.19559,primary metadata verified and complete abstract reviewed; no complete full-text audit
P208,DYAD,2026,C,輔助與協作,benchmark_or_evaluation_resource,True,dyad,齒輪箱裝配協助,3 reference tasks；不是三類robot控制工作,摘要沒有可獨立歸一的場景／layout總數,20 sessions；829 eligible mode events,依具體任務核對；不由題名推定材料保真,HoloLens 2 wearer與workspace同步感測,0,{},native_task_list_to_collect,https://arxiv.org/abs/2609.09023,primary metadata verified and complete abstract reviewed; no complete full-text audit
P209,HUI360,2026,C,輔助與協作,benchmark_or_evaluation_resource,True,hui360,自然人機互動；多環境細節另核,互動發生前的預測；不等同robot完成協作,摘要沒有可獨立歸一的場景／layout總數,受測case／episode總數未由摘要確定,依具體任務核對；不由題名推定材料保真,360度equirectangular影像、pose／face／segmentation標註,0,{},native_task_list_to_collect,https://arxiv.org/abs/2608.11051,primary metadata verified and complete abstract reviewed; no complete full-text audit
P210,RoCo Challenge,2026,C,輔助與協作,benchmark_or_evaluation_resource,True,roco,工業齒輪箱裝配,核心行星齒輪箱完整裝配工作；多phase不直接算新G2,摘要沒有可獨立歸一的場景／layout總數,受測case／episode總數未由摘要確定,齒輪、精密裝配接觸,原文輸入與監督條件另核,0,{},native_task_list_to_collect,https://arxiv.org/abs/2603.15469,primary metadata verified and complete abstract reviewed; no complete full-text audit
P211,AssemblyGrid,2026,C,輔助與協作,benchmark_or_evaluation_resource,True,assemblygrid,彈性生產、物料路由、資源分配與暫時合作,Flow／Coalition／Concurrency三家族，各三scenario levels,摘要沒有可獨立歸一的場景／layout總數,受測case／episode總數未由摘要確定,幾何／資源可行性；不由摘要推定連續接觸物理,有界局部觀測、進度／資源／幾何限制,0,{},native_task_list_to_collect,https://arxiv.org/abs/2609.16075,primary metadata verified and complete abstract reviewed; no complete full-text audit
P212,ARB4WM,2026,W,世界模型與預測表示,benchmark_or_evaluation_resource,True,arb4wm,原文摘要未足以對齊部署場域；保留其原生用途,20項既有control tasks；不是新增20個G2,摘要沒有可獨立歸一的場景／layout總數,4個Dreamer-style agents；5白箱loss objectives,依具體任務核對；不由題名推定材料保真,visual perturbations；依policy／value／latent-dynamics目標與時間模式分層,0,{},native_task_list_to_collect,https://arxiv.org/abs/2606.16605,primary metadata verified and complete abstract reviewed; no complete full-text audit
P213,Vision to Harvest,2026,N,導航與家務執行,role_review_pending,False,,,,,,,,0,{},native_task_list_to_collect,https://arxiv.org/abs/2609.13606,primary metadata verified and complete abstract reviewed; no complete full-text audit
P214,COIN（interactive）,2026,N,導航與家務執行,benchmark_or_evaluation_resource,True,coininteractive,日常部分可觀測的因果互動,COIN-50：50互動tasks；另列primitive／composition集合,摘要沒有可獨立歸一的場景／layout總數,受測case／episode總數未由摘要確定,依具體任務核對；不由題名推定材料保真,robot觀測、操作歷史與語言,0,{},native_task_list_to_collect,https://arxiv.org/abs/2604.16886,primary metadata verified and complete abstract reviewed; no complete full-text audit
P215,World-model evaluation survey,2026,S,Survey／評測方法,survey_or_evaluation_method,False,,,,,,,,0,{},native_task_list_to_collect,https://arxiv.org/abs/2609.29669,primary metadata verified and complete abstract reviewed; no complete full-text audit
P216,HAP,2026,P,未來動作／互動預測,role_review_pending,False,,,,,,,,0,{},native_task_list_to_collect,https://arxiv.org/abs/2609.18548,primary metadata verified and complete abstract reviewed; no complete full-text audit
P217,TRS + RVG,2026,P,未來動作／互動預測,role_review_pending,False,,,,,,,,0,{},native_task_list_to_collect,https://arxiv.org/abs/2609.13293,primary metadata verified and complete abstract reviewed; no complete full-text audit
P218,TrajPilot,2026,P,未來動作／互動預測,role_review_pending,False,,,,,,,,0,{},native_task_list_to_collect,https://arxiv.org/abs/2605.20388,primary metadata verified and complete abstract reviewed; no complete full-text audit
P219,FROST-STA,2026,P,未來動作／互動預測,role_review_pending,False,,,,,,,,0,{},native_task_list_to_collect,https://arxiv.org/abs/2606.00694,primary metadata verified and complete abstract reviewed; no complete full-text audit
P220,VISTA（Ego4D STA）,2026,P,未來動作／互動預測,role_review_pending,False,,,,,,,,0,{},native_task_list_to_collect,https://arxiv.org/abs/2605.20901,primary metadata verified and complete abstract reviewed; no complete full-text audit
P221,STAformer++,2026,P,未來動作／互動預測,role_review_pending,False,,,,,,,,0,{},native_task_list_to_collect,https://arxiv.org/abs/2602.14837,primary metadata verified and complete abstract reviewed; no complete full-text audit
P222,Uni-Hand,2025,P,未來動作／互動預測,role_review_pending,False,,,,,,,,0,{},native_task_list_to_collect,https://arxiv.org/abs/2511.12878,primary metadata verified and complete abstract reviewed; no complete full-text audit
P223,INSIGHT,2025,P,未來動作／互動預測,role_review_pending,False,,,,,,,,0,{},native_task_list_to_collect,https://arxiv.org/abs/2508.01742,primary metadata verified and complete abstract reviewed; no complete full-text audit
P224,EMPIRE,2026,P,未來動作／互動預測,role_review_pending,False,,,,,,,,0,{},native_task_list_to_collect,https://arxiv.org/abs/2608.22449,primary metadata verified and complete abstract reviewed; no complete full-text audit
P225,Exo2EgoPose,2026,P,未來動作／互動預測,role_review_pending,False,,,,,,,,0,{},native_task_list_to_collect,https://arxiv.org/abs/2607.15890,primary metadata verified and complete abstract reviewed; no complete full-text audit
P226,EgoTraj,2026,P,未來動作／互動預測,role_review_pending,False,,,,,,,,0,{},native_task_list_to_collect,https://arxiv.org/abs/2605.19004,primary metadata verified and complete abstract reviewed; no complete full-text audit
P227,EggHand,2026,P,未來動作／互動預測,role_review_pending,False,,,,,,,,0,{},native_task_list_to_collect,https://arxiv.org/abs/2605.07642,primary metadata verified and complete abstract reviewed; no complete full-text audit
P228,SFHand / EgoHaFL,2025,P,未來動作／互動預測,role_review_pending,False,,,,,,,,0,{},native_task_list_to_collect,https://arxiv.org/abs/2511.18127,primary metadata verified and complete abstract reviewed; no complete full-text audit
P229,UniEgoMotion,2025,P,未來動作／互動預測,role_review_pending,False,,,,,,,,0,{},native_task_list_to_collect,https://arxiv.org/abs/2508.01126,primary metadata verified and complete abstract reviewed; no complete full-text audit
P230,EgoH4,2025,P,未來動作／互動預測,role_review_pending,False,,,,,,,,0,{},native_task_list_to_collect,https://arxiv.org/abs/2504.08654,primary metadata verified and complete abstract reviewed; no complete full-text audit
P231,MADiff,2024,P,未來動作／互動預測,role_review_pending,False,,,,,,,,0,{},native_task_list_to_collect,https://arxiv.org/abs/2409.02638,primary metadata verified and complete abstract reviewed; no complete full-text audit
P232,Diff-IP2D,2024,P,未來動作／互動預測,role_review_pending,False,,,,,,,,0,{},native_task_list_to_collect,https://arxiv.org/abs/2405.04370,primary metadata verified and complete abstract reviewed; no complete full-text audit
P233,OCT / HOI forecasting,2022,P,未來動作／互動預測,role_review_pending,False,,,,,,,,0,{},native_task_list_to_collect,https://arxiv.org/abs/2204.01696,primary metadata verified and complete abstract reviewed; no complete full-text audit
P234,I-CVAE,2022,P,未來動作／互動預測,role_review_pending,False,,,,,,,,0,{},native_task_list_to_collect,https://arxiv.org/abs/2207.12080,primary metadata verified and complete abstract reviewed; no complete full-text audit
P235,TransFusion,2023,P,未來動作／互動預測,role_review_pending,False,,,,,,,,0,{},native_task_list_to_collect,https://arxiv.org/abs/2301.09209,primary metadata verified and complete abstract reviewed; no complete full-text audit
P236,ActFusion,2024,P,未來動作／互動預測,role_review_pending,False,,,,,,,,0,{},native_task_list_to_collect,https://arxiv.org/abs/2412.04353,primary metadata verified and complete abstract reviewed; no complete full-text audit
P237,Gated Temporal Diffusion,2024,P,未來動作／互動預測,role_review_pending,False,,,,,,,,0,{},native_task_list_to_collect,https://arxiv.org/abs/2407.11954,primary metadata verified and complete abstract reviewed; no complete full-text audit
P238,Object-centric LTA,2023,P,未來動作／互動預測,role_review_pending,False,,,,,,,,0,{},native_task_list_to_collect,https://arxiv.org/abs/2311.00180,primary metadata verified and complete abstract reviewed; no complete full-text audit
P239,MVP,2023,P,未來動作／互動預測,role_review_pending,False,,,,,,,,0,{},native_task_list_to_collect,https://arxiv.org/abs/2307.12854,primary metadata verified and complete abstract reviewed; no complete full-text audit
P240,ANTICIPATR,2022,P,未來動作／互動預測,role_review_pending,False,,,,,,,,0,{},native_task_list_to_collect,https://arxiv.org/abs/2210.11566,primary metadata verified and complete abstract reviewed; no complete full-text audit
P241,AFF-ttention,2024,P,未來動作／互動預測,role_review_pending,False,,,,,,,,0,{},native_task_list_to_collect,https://arxiv.org/abs/2406.01194,primary metadata verified and complete abstract reviewed; no complete full-text audit
P242,NAOGAT,2023,P,未來動作／互動預測,role_review_pending,False,,,,,,,,0,{},native_task_list_to_collect,https://arxiv.org/abs/2308.08303,primary metadata verified and complete abstract reviewed; no complete full-text audit
P243,FactCheck（LTA）,2026,P,未來動作／互動預測,role_review_pending,False,,,,,,,,0,{},native_task_list_to_collect,https://arxiv.org/abs/2606.14778,primary metadata verified and complete abstract reviewed; no complete full-text audit
P244,BiAnt,2025,P,未來動作／互動預測,role_review_pending,False,,,,,,,,0,{},native_task_list_to_collect,https://arxiv.org/abs/2508.00374,primary metadata verified and complete abstract reviewed; no complete full-text audit
P245,ICVL,2025,P,未來動作／互動預測,role_review_pending,False,,,,,,,,0,{},native_task_list_to_collect,https://arxiv.org/abs/2505.01713,primary metadata verified and complete abstract reviewed; no complete full-text audit
P246,Decision-aware uncertainty,2026,P,未來動作／互動預測,role_review_pending,False,,,,,,,,0,{},native_task_list_to_collect,https://arxiv.org/abs/2603.10061,primary metadata verified and complete abstract reviewed; no complete full-text audit
P247,EgoSpanLift,2025,P,未來動作／互動預測,role_review_pending,False,,,,,,,,0,{},native_task_list_to_collect,https://arxiv.org/abs/2511.18470,primary metadata verified and complete abstract reviewed; no complete full-text audit
P248,HOIMotion,2024,P,未來動作／互動預測,role_review_pending,False,,,,,,,,0,{},native_task_list_to_collect,https://arxiv.org/abs/2407.02633,primary metadata verified and complete abstract reviewed; no complete full-text audit
P249,EgoCast,2024,P,未來動作／互動預測,role_review_pending,False,,,,,,,,0,{},native_task_list_to_collect,https://arxiv.org/abs/2412.02903,primary metadata verified and complete abstract reviewed; no complete full-text audit
P250,EgoMAN,2025,P,未來動作／互動預測,role_review_pending,False,,,,,,,,0,{},native_task_list_to_collect,https://arxiv.org/abs/2512.16907,primary metadata verified and complete abstract reviewed; no complete full-text audit
