benchmark,paper_id,year,domain,environments,tasks,cases,source_data,evaluation_methods,audit_type,task_list_status,source_url
"BEHAVIOR-1K","P100","2024","8 種原生場景類別：住宅、帶花園住宅、旅館、辦公室、雜貨店、大廳、餐廳、學校；學校含實驗室","50 interactive scenes（原作全集）","1,000 everyday activities（原作全集）","活動／場景可實例化；不把 50 個場景當成測例數","原始資料量待查","環境狀態與過程檢查","本次原始概述核對","原生清單已有部分索引","https://arxiv.org/abs/2403.09227"
"RoboCasa365","P071","2026","廚房活動；60 種原生活動分組","2,500 pretraining kitchen configurations（訓練）；Not 2,500 independently designed geometry layouts or task-bound G3 initial states. | 50 pretraining layouts（訓練） | 10 target kitchens（原作評測子集）","365 tasks（原作全集） | 50 target tasks（原作評測子集）","測例依 task、場景與初態生成；全庫固定測例總數未在本輪歸一","≥ 500,000 demonstrations（原作全集）；Human-teleoperated robot data are not human-action observation videos.","環境狀態與過程檢查","既有原文／數量摘錄","原生清單已有部分索引","https://arxiv.org/abs/2603.04356"
"PARTNR","P143","2024","多 agent 家庭活動；4 類約束／能力分組","60 houses（原作全集）","4 task constraint types（原作全集）","100,000 training episodes（訓練） | 1,000 validation episodes（驗證） | 1,000 test episodes（測試）","原始資料量待查","環境狀態與過程檢查","本次原始概述核對","原生清單已有部分索引","https://arxiv.org/abs/2411.00081"
"CALVIN","P065","2021","語言條件桌面操作與技能串接","4 environments（原作全集）","34 subtasks（原作全集）","1,000 instruction chains（測試）；Do not add 34 subtasks and 1,000 chains as 1,034 tasks.","約 24 play data hours（訓練） | 約 20,000 language directives（訓練）","環境狀態與過程檢查","本次原始概述核對","原生清單待取得","https://arxiv.org/abs/2112.03227"
"LIBERO","P064","2023","物件／空間／目標與長流程的日常桌面操作","程序生成的 tabletop／kitchen 等場景；資產場景總数本輪未核","130 native task IDs（原作全集）；Original suite counts and source versions are retained separately from canonical G2.","測例／初態依 task 與 protocol；長流程 subset 10 tasks","原始資料量待查","環境狀態與過程檢查","既有原文／數量摘錄","原生清單已有部分索引","https://arxiv.org/abs/2306.03310"
"RLBench","P062","2019","多樣桌面／設備操作；任務題材不等於完整部署場域","固定程式含 106 個 .ttm 任務場景檔；非 106 個應用領域","100 tasks in paper（原作全集）","各 task 有 variations；case 總量依生成設定","原始資料量待查","環境狀態與過程檢查","既有原文／數量摘錄","原生清單已有部分索引","https://arxiv.org/abs/1909.12271"
"Meta-World","P063","2019","多任務／meta-RL 操作技能","桌面技能環境；非城市或家居場景庫","50 manipulation tasks（原作全集）","位置／goal variations；不另算任務種類","原始資料量待查","環境狀態與過程檢查","既有原文／數量摘錄","原生清單已有部分索引","https://arxiv.org/abs/1910.10897"
"ManiSkill2","P067","2023","20 個 manipulation task families；含固定／移動與單／雙臂","物件、拓撲、幾何與初態變化；不以 2,000 物件當場景","20 task families（原作全集）","實例／case 依資產與 protocol","≥ 4,000,000 demonstration frames（原作全集）","環境狀態與過程檢查","既有原文／數量摘錄","原生清單已有部分索引","https://arxiv.org/abs/2302.04659"
"RoboTwin 2.0","P074","2025","多樣雙臂操作；五種 randomization 軸非五應用領域","任務場景加 clutter／lighting／background／table height 等隨機化","50 dual-arm tasks（原作全集）","依任務與隨機化設定生成，無單一固定 case 總數","原始資料量待查","環境狀態與過程檢查","既有原文／數量摘錄","原生清單已有部分索引","https://arxiv.org/abs/2506.18088"
"GarmentLab","P087","2024","衣物、布料及穿戴／收納相關操作","衣物、物件、fluid、avatar 互動場景；獨立場景資產總數未歸一","20 tasks（原作全集）","資產與操作配置形成實例；全庫測例總數未核","原始資料量待查","環境狀態與過程檢查","既有原文／數量摘錄","原生清單已有部分索引","https://arxiv.org/abs/2411.01200"
"ALFRED","P096","2019","家庭室內；7 種任務類型","120 scenes（原作全集）","7 task types（原作全集）","固定評測題目與split總數待補；專家示範量在下方另列。","8,055 expert demonstrations（原作全集） | 25,743 language directives（原作全集）","環境狀態與過程檢查","既有原文／數量摘錄","原生清單已有部分索引","https://arxiv.org/abs/1912.01734"
"TEACh","P097","2021","對話協作式家庭工作","AI2-THOR 室內場景；實際場景聯集本輪未核","12 task types represented in sessions（原作全集）","EDH／TFD各自的固定題數待補；原始對話遊戲session另列。","3,047 successful gameplay sessions（原作全集）","環境狀態與過程檢查","既有原文／數量摘錄","原生清單已有部分索引","https://arxiv.org/abs/2110.00534"
"WatchAct","P123","2026","家庭／輔助操作題材；4 個 cognitive domains","真實人類影片與 executable LIBERO task 配對","14 cognitive task schemas（原作全集）","3,000 video–task instances（原作全集） | 3,045 public HF evaluation rows（已取得版本）；609 originals produce five evaluation rows and three external-view videos each. Metadata linkage only; no new G2 or decoded-pixel/execution claim.","609 public HF original examples（已取得版本）；609 originals produce five evaluation rows and three external-view videos each. Metadata linkage only; no new G2 or decoded-pixel/execution claim. | 1,827 public HF referenced external-view videos（已取得版本）；609 originals produce five evaluation rows and three external-view videos each. Metadata linkage only; no new G2 or decoded-pixel/execution claim.","標準答案比對 | 環境狀態與過程檢查","既有原文／數量摘錄","原生清單已有部分索引","https://arxiv.org/abs/2606.26443"
"VIMA","P075","2022","一般桌面操作；多模態指令、約束、模仿、記憶與推理","原作場景總數待查","17 原生task模板（已取得版本）；來源清單量；與原作全集／跨來源共同任務量分開。","固定題目／split總數待查","≥ 600,000 專家軌跡（原作全集）；示範資源量，不是固定測試題數。","環境狀態與過程檢查","本次原始概述核對","原生清單已取得（限所列版本／單位）","https://arxiv.org/abs/2210.03094"
"ARNOLD","P081","2023","室內物件的連續狀態操作","原作場景總數待查","8 語言條件任務（原作全集）","固定題目／split總數待查","原始資料量待查","數值誤差與相似度 | 環境狀態與過程檢查","本次原始概述核對","原生清單已取得（限所列版本／單位）","https://arxiv.org/abs/2304.04321"
"COIN","P003","2019","12個原生應用領域，包括車輛、工具、家務與餐飲等；不是本計畫12類的直接對應","影片觀測來源；錄製環境總數待整理。","180 人類程序活動（原作全集）","固定評測題目與split數量待補；11,827是影片資料量。","11,827 影片（原作全集）","標準答案比對 | 數值誤差與相似度","本次原始概述核對","原生清單已取得（限所列版本／單位）","https://arxiv.org/abs/1903.02874"
"CrossTask","P004","2019","烹飪、居家DIY、車輛維護等人類程序","影片觀測來源；錄製環境總數待整理。","83 人類活動定義（18 primary＋65 related）（已取得版本）；來源清單量；與原作全集／跨來源共同任務量分開。","固定題目／split總數待查","原始資料量待查","標準答案比對 | 數值誤差與相似度","本次原始概述核對","原生清單已取得（限所列版本／單位）","https://arxiv.org/abs/1903.08225"
"OpenEQA","P038","2024","室內環境的記憶與主動探索問答","> 180 問答來源的真實環境（原作全集）；episodic／active EQA來源環境，不能直接視為180個機器人操作場景。","原作任務總數待查","> 1,600 人工產生問題（原作全集）","原始資料量待查","人工或模型評審","本次原始概述核對","原生清單待取得","https://openaccess.thecvf.com/content/CVPR2024/html/Majumdar_OpenEQA_Embodied_Question_Answering_in_the_Era_of_Foundation_Models_CVPR_2024_paper.html"
"RoboArena","P108","2025","通用實體機器人操作；跨機構分散評估","原作場景總數待查","原作任務總數待查","沒有固定、去重題庫總量；成對政策評估紀錄在下方另列。","> 600 成對實體評估episodes（原作評測子集）；成對政策評估記錄；不是600種獨立任務，也不是全庫去重題數。","人工或模型評審","本次原始概述核對","原生清單待取得","https://arxiv.org/abs/2506.18123"
"EgoPlan-Bench2","P031","2024","4 原生大域：Work／Daily life／Hobbies／Recreation；24 細類，含 lab、blacksmith、mechanic、farmer","24 是應用 scenario categories；不是 24 個可執行 3D 場景","規劃 QA 題型；不提供相同口徑的 robot G2","1,321 multiple-choice QA（原作全集）","1,113 videos（原作全集）","標準答案比對","既有原文／數量摘錄","原生清單待取得","https://arxiv.org/abs/2412.04447"
"EgoSchema","P028","2023","廣泛自然人類活動；來自 Ego4D subset","3 分鐘影片片段；非 simulator scenes","影片理解／推理問題；非操作任務庫","≥ 5,000 multiple-choice QA（原作全集）","≥ 250 video hours（原作全集）","標準答案比對","既有原文／數量摘錄","原生清單待取得","https://arxiv.org/abs/2308.09126"
"Ego4D","P013","2021","數百種日常情境：household、outdoor、workplace、leisure；原作未用我們12類","74 recording locations（原作全集）","多個理解、記憶與預測 benchmark；不合成單一 robot 任務數","各 benchmark 的標註／split 分開計數，未混加","3,670 video hours（原作全集）","標準答案比對 | 數值誤差與相似度","既有原文／數量摘錄","原生清單待取得","https://arxiv.org/abs/2110.07058"
"Ego-Exo4D","P014","2023","skilled activity：運動、音樂、舞蹈、修車等","123 natural scene contexts（原作全集）","技能理解、熟練度、跨視角、3D pose 等 benchmark","各 benchmark 分割／題數另計","1,286 video hours（原作全集）","標準答案比對 | 數值誤差與相似度","既有原文／數量摘錄","原生清單待取得","https://arxiv.org/abs/2311.18259"
"EPIC-KITCHENS-100","P010","2020","廚房日常互動","45 recording environments（原作全集）","6 個 challenge endpoints；不是 6 種物理工作","各challenge與split的固定題數待補；動作標註全集另列。","100 video hours（原作全集） | 700 videos（原作全集） | 約 90,000 annotated actions（原作全集）","標準答案比對 | 數值誤差與相似度","既有原文／數量摘錄","原生清單待取得","https://arxiv.org/abs/2006.13256"
"ARB4WM","P212","2026","原文摘要未足以對齊部署場域；保留其原生用途","摘要沒有可獨立歸一的場景／layout總數","20 inherited tasks（原作評測子集）；四個Dreamer類agent、20個既有控制任務，比較不同世界模型內部與時間位置的視覺擾動；不是新建20個任務。 本列是原文明示範圍整理，未經本計畫逐題重跑。","4個Dreamer-style agents；5白箱loss objectives","原始資料量待查","環境狀態與過程檢查","既有原文／數量摘錄","原生清單待取得","https://arxiv.org/abs/2606.16605"
"Assembly101","P015","2022","玩具機械裝配、拆卸與程序錯誤","影片觀測來源；錄製環境總數待整理。","3 辨識／預測／時間分割端點（原作全集）；另提出錯誤偵測；101指玩具車款，並非101種任務。","固定題目／split總數待查","4,321 影片（原作全集）","標準答案比對","本次原始概述核對","原生清單待取得","https://arxiv.org/abs/2203.14712"
"AssemblyGrid","P211","2026","彈性生產、物料路由、資源分配與暫時合作","摘要沒有可獨立歸一的場景／layout總數","3 workload families（原作全集）；生產流程、短期多robot合作、局部資訊和幾何可行性，三工作負載家族各三情境層；屬任務級抽象，不預設連續接觸物理。 本列是原文明示範圍整理，未經本計畫逐題重跑。","受測case／episode總數未由摘要確定","原始資料量待查","環境狀態與過程檢查","既有原文／數量摘錄","原生清單待取得","https://arxiv.org/abs/2609.16075"
"Assistax","P148","2025","輔助機器人與多agent控制","原作場景總數待查","原作任務總數待查","固定題目／split總數待查","原始資料量待查","待核","來源名錄／摘要線索","原生清單待取得","https://arxiv.org/abs/2507.21638"
"AutoBio","P176","2025","biology laboratory 的儀器與實驗程序操作","實驗室儀器數位化場景；獨立場景總數未核","16 tasks（原作全集） | 9 evaluated tasks（原作評測子集）","論文選 9 tasks 做主實驗；每任務示範量另列","100 demonstrations per evaluated task（訓練）","環境狀態與過程檢查","既有原文／數量摘錄","原生清單待取得","https://arxiv.org/abs/2505.14030"
"Bench2Dex","P171","2026","工具、關節與多階段雙手操作；部署場域仍需逐題綁定","摘要沒有可獨立歸一的場景／layout總數","26 bimanual tasks（原作全集）；26項雙手操作跨12種靈巧手，提供共用接觸影像介面；模擬觸覺不等同特定實體感測器。 本列是原文明示範圍整理，未經本計畫逐題重跑。","受測case／episode總數未由摘要確定","約 1,300 teleoperated demonstrations（原作全集）；26項雙手操作跨12種靈巧手，提供共用接觸影像介面；模擬觸覺不等同特定實體感測器。 本列是原文明示範圍整理，未經本計畫逐題重跑。","環境狀態與過程檢查","既有原文／數量摘錄","原生清單待取得","https://arxiv.org/abs/2609.15726"
"Breakfast","P006","2014","早餐準備與烹飪程序","影片觀測來源；錄製環境總數待整理。","10 烹飪活動（原作全集）","固定題目／split總數待查","> 77 錄影時數（原作全集）","標準答案比對","本次原始概述核對","原生清單待取得","https://openaccess.thecvf.com/content_cvpr_2014/html/Kuehne_The_Language_of_2014_CVPR_paper.html"
"CAP / EgoGym","P144","2026","基本接觸操作與人類觀察轉移","原作場景總數待查","原作任務總數待查","固定題目／split總數待查","原始資料量待查","待核","來源名錄／摘要線索","原生清單待取得","https://arxiv.org/abs/2602.09017"
"CapMem","P205","2026","原文摘要未足以對齊部署場域；保留其原生用途","摘要沒有可獨立歸一的場景／layout總數","caption-based episodic memory","1,000 multiple-choice QA（原作全集）；75影片、33.7小時與1,000題，檢查文字caption記憶；比較時須對齊影格預算和實際影片涵蓋量。 本列是原文明示範圍整理，未經本計畫逐題重跑。","75 videos（原作全集）；75影片、33.7小時與1,000題，檢查文字caption記憶；比較時須對齊影格預算和實際影片涵蓋量。 本列是原文明示範圍整理，未經本計畫逐題重跑。 | 33.7 video hours（原作全集）；75影片、33.7小時與1,000題，檢查文字caption記憶；比較時須對齊影格預算和實際影片涵蓋量。 本列是原文明示範圍整理，未經本計畫逐題重跑。","標準答案比對","既有原文／數量摘錄","原生清單待取得","https://arxiv.org/abs/2609.17688"
"CaptainCook4D","P022","2023","烹飪程序與操作錯誤","影片觀測來源；錄製環境總數待整理。","原作任務總數待查","固定題目／split總數待查","原始資料量待查","待核","來源名錄／摘要線索","原生清單待取得","https://arxiv.org/abs/2312.14556"
"Charades-Ego","P007","2018","居家人類活動；第一／第三視角配對","影片觀測來源；錄製環境總數待整理。","原作任務總數待查","固定題目／split總數待查","68,536 活動標註實例（原作全集）；Charades-Ego自身數量；不再加上其父Charades資料。 | 68.8 第一／第三視角錄影時數（原作全集）","標準答案比對 | 數值誤差與相似度","本次原始概述核對","原生清單待取得","https://arxiv.org/abs/1804.09626"
"COIN（interactive）","P214","2026","日常部分可觀測的因果互動","摘要沒有可獨立歸一的場景／layout總數","50 COIN-50 interactive tasks（原作全集）；50個因果互動任務，另列primitive和composition集合；與教學影片COIN資料集是同名不同作。 本列是原文明示範圍整理，未經本計畫逐題重跑。","受測case／episode總數未由摘要確定","1,000 primitive demonstrations（訓練）；50個因果互動任務，另列primitive和composition集合；與教學影片COIN資料集是同名不同作。 本列是原文明示範圍整理，未經本計畫逐題重跑。 | 50 demonstrations PER primitive task（訓練）；50個因果互動任務，另列primitive和composition集合；與教學影片COIN資料集是同名不同作。 本列是原文明示範圍整理，未經本計畫逐題重跑。","環境狀態與過程檢查","既有原文／數量摘錄","原生清單待取得","https://arxiv.org/abs/2604.16886"
"COLOSSEUM","P107","2024","機器人操作的系統性擾動","原作場景總數待查","原作任務總數待查","固定題目／split總數待查","原始資料量待查","待核","來源名錄／摘要線索","原生清單待取得","https://arxiv.org/abs/2402.08191"
"Deform360","P196","2026","日常柔性物動態","摘要沒有可獨立歸一的場景／layout總數","2D影片／3D粒子預測端點；物件不是task","1,980 interaction sequences（原作全集）；198物件、1,980互動序列、41相機及雙手觸覺觀測，用於2D／3D動態模型比較；資料時數不直接當控制題數。 本列是原文明示範圍整理，未經本計畫逐題重跑。","≥ 215 observation hours（原作全集）；198物件、1,980互動序列、41相機及雙手觸覺觀測，用於2D／3D動態模型比較；資料時數不直接當控制題數。 本列是原文明示範圍整理，未經本計畫逐題重跑。","數值誤差與相似度","既有原文／數量摘錄","原生清單待取得","https://arxiv.org/abs/2607.05390"
"DeformableRavens","P086","2020","柔性物的桌面空間操作","原作場景總數待查","原作任務總數待查","固定題目／split總數待查","原始資料量待查","待核","來源名錄／摘要線索","原生清單已有部分索引","https://arxiv.org/abs/2012.03385"
"DexArt","P080","2023","關節物件的靈巧操作","原作場景總數待查","原作任務總數待查","固定題目／split總數待查","原始資料量待查","待核","來源名錄／摘要線索","原生清單待取得","https://arxiv.org/abs/2305.05706"
"DexGarmentLab","P167","2025","靈巧衣物操作","衣物幾何、形變、操作情境與大規模 3D assets","15 task scenarios（原作全集）","多衣物實例與初始形變；測例總數本輪未核","原始資料量待查","環境狀態與過程檢查","既有原文／數量摘錄","原生清單已有部分索引","https://arxiv.org/abs/2505.11032"
"DexH2R","P146","2025","人類到機器人的動態靈巧交接","原作場景總數待查","原作任務總數待查","固定題目／split總數待查","原始資料量待查","待核","來源名錄／摘要線索","原生清單待取得","https://arxiv.org/abs/2506.23152"
"DLO-Lab","P184","2026","繩、線、橡皮帶等DLO操作","摘要沒有可獨立歸一的場景／layout總數","原文摘要未明訂可比的任務種類總數","受測case／episode總數未由摘要確定","原始資料量待查","環境狀態與過程檢查","既有原文／數量摘錄","原生清單待取得","https://arxiv.org/abs/2606.04206"
"DYAD","P208","2026","齒輪箱裝配協助","摘要沒有可獨立歸一的場景／layout總數","3 reference evaluation tasks（原作全集）；20個齒輪箱裝配合作session，連結請求、介入、動作階段與結果；人類協助資料不等於已控制機器人完成合作。 本列是原文明示範圍整理，未經本計畫逐題重跑。","829 eligible mode events（原作評測子集）；20個齒輪箱裝配合作session，連結請求、介入、動作階段與結果；人類協助資料不等於已控制機器人完成合作。 本列是原文明示範圍整理，未經本計畫逐題重跑。","20 recording sessions（原作全集）；20個齒輪箱裝配合作session，連結請求、介入、動作階段與結果；人類協助資料不等於已控制機器人完成合作。 本列是原文明示範圍整理，未經本計畫逐題重跑。 | 851 assistance records（原作全集）；20個齒輪箱裝配合作session，連結請求、介入、動作階段與結果；人類協助資料不等於已控制機器人完成合作。 本列是原文明示範圍整理，未經本計畫逐題重跑。","標準答案比對 | 數值誤差與相似度","既有原文／數量摘錄","原生清單待取得","https://arxiv.org/abs/2609.09023"
"Ego-ExoLearn","P021","2024","人類程序的第一／第三視角轉移；應用領域續分","影片觀測來源；錄製環境總數待整理。","原作任務總數待查","固定題目／split總數待查","原始資料量待查","待核","來源名錄／摘要線索","原生清單待取得","https://arxiv.org/abs/2403.16182"
"EgoBody","P019","2021","人際肢體互動與穿戴視角","影片觀測來源；錄製環境總數待整理。","原作任務總數待查","固定題目／split總數待查","原始資料量待查","待核","來源名錄／摘要線索","原生清單待取得","https://arxiv.org/abs/2112.07642"
"EgoCoT-Bench","P207","2026","原文摘要未足以對齊部署場域；保留其原生用途","摘要沒有可獨立歸一的場景／layout總數","4 task groups（原作全集）；351影片及3,172個可核對QA，檢查答案與時空證據一致性；對應我們的可公開理由／證據，不要求模型私有思考。 本列是原文明示範圍整理，未經本計畫逐題重跑。 | 12 subtask groups（原作全集）；351影片及3,172個可核對QA，檢查答案與時空證據一致性；對應我們的可公開理由／證據，不要求模型私有思考。 本列是原文明示範圍整理，未經本計畫逐題重跑。","3,172 verifiable QA（原作全集）；351影片及3,172個可核對QA，檢查答案與時空證據一致性；對應我們的可公開理由／證據，不要求模型私有思考。 本列是原文明示範圍整理，未經本計畫逐題重跑。","351 videos（原作全集）；351影片及3,172個可核對QA，檢查答案與時空證據一致性；對應我們的可公開理由／證據，不要求模型私有思考。 本列是原文明示範圍整理，未經本計畫逐題重跑。","標準答案比對","既有原文／數量摘錄","原生清單待取得","https://arxiv.org/abs/2605.19559"
"EgoCross","P041","2025","手術、工業、極限運動與動物視角；離線理解","原作場景總數待查","原作任務總數待查","固定題目／split總數待查","原始資料量待查","待核","來源名錄／摘要線索","原生清單待取得","https://arxiv.org/abs/2508.10729"
"EgoDex","P119","2025","人類手部／手指操作示範與軌跡預測","原作場景總數待查","原作任務總數待查","固定題目／split總數待查","原始資料量待查","待核","來源名錄／摘要線索","原生清單待取得","https://arxiv.org/abs/2505.11709"
"EgoHOS","P026","2022","人類手部及操作物件分割","影片觀測來源；錄製環境總數待整理。","原作任務總數待查","固定題目／split總數待查","原始資料量待查","待核","來源名錄／摘要線索","原生清單待取得","https://arxiv.org/abs/2208.03826"
"EgoHumans","P020","2023","多人活動及共享空間的3D感知","影片觀測來源；錄製環境總數待整理。","原作任務總數待查","固定題目／split總數待查","原始資料量待查","待核","來源名錄／摘要線索","原生清單待取得","https://arxiv.org/abs/2305.16487"
"EgoLife","P033","2025","共同生活、購物、做飯、討論、社交與娛樂","6 人共同生活一週；不是六個應用場域","生活助理／記憶 QA；非 robot task bank","3,000 full EgoLifeQA questions（原作全集） | 500 Jake subset questions（原作評測子集）；Subset of 3,000, not an additional independent corpus.","300 video hours（原作全集）","標準答案比對","既有原文／數量摘錄","原生清單待取得","https://arxiv.org/abs/2503.03803"
"EgoMonth","P202","2026","日常生活的跨天／跨月記憶","摘要沒有可獨立歸一的場景／layout總數","14 cognitive task schemas（原作全集）；20位參與者跨20–120天，300多小時與1,443題；14種認知題型不是14種可執行物理工作。 本列是原文明示範圍整理，未經本計畫逐題重跑。","1,443 multiple-choice QA（原作全集）；20位參與者跨20–120天，300多小時與1,443題；14種認知題型不是14種可執行物理工作。 本列是原文明示範圍整理，未經本計畫逐題重跑。","≥ 300 recording hours（原作全集）；20位參與者跨20–120天，300多小時與1,443題；14種認知題型不是14種可執行物理工作。 本列是原文明示範圍整理，未經本計畫逐題重跑。","標準答案比對","既有原文／數量摘錄","原生清單待取得","https://arxiv.org/abs/2608.13113"
"EgoOops","P112","2024","跨領域人類程序的錯誤偵測","原作場景總數待查","原作任務總數待查","固定題目／split總數待查","原始資料量待查","待核","來源名錄／摘要線索","原生清單待取得","https://arxiv.org/abs/2410.05343"
"EgoPAT3Dv2","P058","2024","人機互動中的3D動作目標預測","原作場景總數待查","原作任務總數待查","固定題目／split總數待查","原始資料量待查","待核","來源名錄／摘要線索","原生清單待取得","https://arxiv.org/abs/2403.05046"
"EgoPCA","P027","2023","第一視角手物互動感知","影片觀測來源；錄製環境總數待整理。","原作任務總數待查","固定題目／split總數待查","原始資料量待查","待核","來源名錄／摘要線索","原生清單待取得","https://arxiv.org/abs/2309.02423"
"EgoPet","P025","2024","動物第一視角的運動與互動觀測","影片觀測來源；錄製環境總數待整理。","原作任務總數待查","固定題目／split總數待查","原始資料量待查","待核","來源名錄／摘要線索","原生清單待取得","https://arxiv.org/abs/2404.09991"
"EgoPlan-Bench","P030","2023","第一視角程序的下一步規劃","原作場景總數待查","原作任務總數待查","固定題目／split總數待查","原始資料量待查","待核","來源名錄／摘要線索","原生清單待取得","https://arxiv.org/abs/2312.06722"
"EgoProceL","P023","2022","第一視角程序學習；應用領域續分","影片觀測來源；錄製環境總數待整理。","原作任務總數待查","固定題目／split總數待查","原始資料量待查","待核","來源名錄／摘要線索","原生清單待取得","https://arxiv.org/abs/2207.10883"
"EgoSAT","P201","2026","原文摘要未足以對齊部署場域；保留其原生用途","摘要沒有可獨立歸一的場景／layout總數","過去／現在／未來的streaming interaction理解","約 4,800 QA pairs（原作全集）；以串流方式整合過去、現在與未來QA，約4,800題／1,997影片；只允許已觀測前綴並區分可回答性。 本列是原文明示範圍整理，未經本計畫逐題重跑。","1,997 unique videos（原作全集）；以串流方式整合過去、現在與未來QA，約4,800題／1,997影片；只允許已觀測前綴並區分可回答性。 本列是原文明示範圍整理，未經本計畫逐題重跑。 | 165 video hours（原作全集）；以串流方式整合過去、現在與未來QA，約4,800題／1,997影片；只允許已觀測前綴並區分可回答性。 本列是原文明示範圍整理，未經本計畫逐題重跑。","標準答案比對 | 數值誤差與相似度","既有原文／數量摘錄","原生清單待取得","https://arxiv.org/abs/2606.24422"
"EgoSim / MultiEgoView","P197","2025","人体運動／活動與佩戴位置研究","4 virtual environments（原作全集）；六個身體佩戴位置的相機，119小時合成與5小時真實資料；人體／相機合成影片不能標成真人原始錄製。 本列是原文明示範圍整理，未經本計畫逐題重跑。","姿態估計等感知端點，非robot工作種類","受測case／episode總數未由摘要確定","119 synthetic video hours（原作全集）；六個身體佩戴位置的相機，119小時合成與5小時真實資料；人體／相機合成影片不能標成真人原始錄製。 本列是原文明示範圍整理，未經本計畫逐題重跑。 | 5 real video hours（原作全集）；六個身體佩戴位置的相機，119小時合成與5小時真實資料；人體／相機合成影片不能標成真人原始錄製。 本列是原文明示範圍整理，未經本計畫逐題重跑。","數值誤差與相似度","既有原文／數量摘錄","原生清單待取得","https://arxiv.org/abs/2502.18373"
"EGOSTREAM","P203","2026","原文摘要未足以對齊部署場域；保留其原生用途","摘要沒有可獨立歸一的場景／layout總數","7 cognitive dimensions","2,250 curated questions（原作全集）；2,250問題展成8,528個不同召回時間評測；答案有效時間窗把模型遺忘與世界本身變化分開。 本列是原文明示範圍整理，未經本計畫逐題重跑。 | 8,528 recall-conditioned evaluations（原作全集）；2,250問題展成8,528個不同召回時間評測；答案有效時間窗把模型遺忘與世界本身變化分開。 本列是原文明示範圍整理，未經本計畫逐題重跑。","原始資料量待查","標準答案比對","既有原文／數量摘錄","原生清單待取得","https://arxiv.org/abs/2605.31557"
"EgoTaskQA","P032","2022","室內 goal-oriented 活動與 multi-agent collaboration；LEMMA 來源","Ego video clips；非可執行 robot 場景庫","4 類 reasoning question types，非 4 個物理工作","40,000 balanced QA（原作全集）","368,000 candidate QA before balancing（原作全集）；Not an additional disjoint test set. | 2,000 egocentric videos（原作全集）","標準答案比對","既有原文／數量摘錄","原生清單待取得","https://arxiv.org/abs/2210.03929"
"EgoThink","P029","2023","第一人稱日常理解與推理；應用領域續分","原作場景總數待查","原作任務總數待查","固定題目／split總數待查","原始資料量待查","人工或模型評審","本次原始概述核對","原生清單待取得","https://arxiv.org/abs/2311.15596"
"EGTEA Gaze+","P008","2018","廚房烹飪、凝視與動作","影片觀測來源；錄製環境總數待整理。","原作任務總數待查","固定題目／split總數待查","原始資料量待查","標準答案比對 | 數值誤差與相似度","本次原始概述核對","原生清單待取得","https://openaccess.thecvf.com/content_ECCV_2018/html/Yin_Li_In_the_Eye_ECCV_2018_paper.html"
"Embodied Agent Interface","P101","2024","BEHAVIOR 與 VirtualHome 的家庭活動；4 個決策模組","重用兩個原生環境；不是新建場景庫","100 BEHAVIOR task names（原作全集） | 26 VirtualHome task names（原作全集）","338 VirtualHome instructions/trajectories（原作全集） | 100 BEHAVIOR instructions/trajectories（原作全集）","原始資料量待查","標準答案比對 | 環境狀態與過程檢查","既有原文／數量摘錄","原生清單已有部分索引","https://arxiv.org/abs/2410.07166"
"EmbodiedMemory-Bench","P206","2026","原文摘要未足以對齊部署場域；保留其原生用途","摘要沒有可獨立歸一的場景／layout總數","4 memory task families（原作全集）；2,554互動episodes、四記憶家族，先互動建立記憶再用行動完成後續任務；摘要不足以推定連續機器人控制保真度。 本列是原文明示範圍整理，未經本計畫逐題重跑。","2,554 interactive episodes（原作全集）；2,554互動episodes、四記憶家族，先互動建立記憶再用行動完成後續任務；摘要不足以推定連續機器人控制保真度。 本列是原文明示範圍整理，未經本計畫逐題重跑。","原始資料量待查","標準答案比對 | 環境狀態與過程檢查","既有原文／數量摘錄","原生清單待取得","https://arxiv.org/abs/2609.28236"
"EPIC Fields","P024","2023","廚房影片的相機軌跡與空間結構","影片觀測來源；錄製環境總數待整理。","原作任務總數待查","固定題目／split總數待查","原始資料量待查","待核","來源名錄／摘要線索","原生清單待取得","https://arxiv.org/abs/2306.08731"
"EPIC-KITCHENS","P009","2018","廚房日常人類物件互動","影片觀測來源；錄製環境總數待整理。","原作任務總數待查","固定題目／split總數待查","原始資料量待查","待核","來源名錄／摘要線索","原生清單待取得","https://arxiv.org/abs/1804.02748"
"EPIC-KITCHENS VISOR","P011","2022","廚房手物互動與像素分割；沿用EPIC影片","影片觀測來源；錄製環境總數待整理。","原作任務總數待查","固定題目／split總數待查","原始資料量待查","待核","來源名錄／摘要線索","原生清單待取得","https://arxiv.org/abs/2209.13064"
"FMB","P079","2024","一般功能性操作；具體應用領域待核","原作場景總數待查","原作任務總數待查","固定題目／split總數待查","原始資料量待查","待核","來源名錄／摘要線索","原生清單待取得","https://arxiv.org/abs/2401.08553"
"Follow-Bench","P103","2025","考慮社交互動的人員跟隨","原作場景總數待查","原作任務總數待查","固定題目／split總數待查","原始資料量待查","待核","來源名錄／摘要線索","原生清單待取得","https://arxiv.org/abs/2509.10796"
"H2R-Bench","P151","2026","人類到機器人的跨機體操作影片生成","原作場景總數待查","6 影片生成操作家族（原作全集）；影片生成評測的家族；不等於6個已驗證robot控制工作。","固定題目／split總數待查","原始資料量待查","數值誤差與相似度","本次原始概述核對","原生清單待取得","https://arxiv.org/abs/2608.13049"
"H2RBench（human transfer）","P177","2026","原文摘要未足以對齊部署場域；保留其原生用途","真實人類示範與模擬robot環境配對","4 manipulation tasks（原作全集）；四項Real2Sim人類到機器人轉移任務，控制人類示範量与robot監督；與世界模型文獻H2R-Bench為不同工作。 本列是原文明示範圍整理，未經本計畫逐題重跑。","受測case／episode總數未由摘要確定","原始資料量待查","環境狀態與過程檢查","既有原文／數量摘錄","原生清單待取得","https://arxiv.org/abs/2609.24778"
"Habitat 2.0","P098","2021","室內物件重排與移動操作","原作場景總數待查","原作任務總數待查","固定題目／split總數待查","原始資料量待查","待核","來源名錄／摘要線索","原生清單待取得","https://arxiv.org/abs/2106.14405"
"Habitat 3.0","P142","2023","共享室內環境中的人機合作","原作場景總數待查","原作任務總數待查","固定題目／split總數待查","原始資料量待查","待核","來源名錄／摘要線索","原生清單待取得","https://arxiv.org/abs/2310.13724"
"HD-EPIC","P012","2025","廚房活動的細粒度多模態觀測","影片觀測來源；錄製環境總數待整理。","原作任務總數待查","固定題目／split總數待查","原始資料量待查","待核","來源名錄／摘要線索","原生清單待取得","https://arxiv.org/abs/2502.04144"
"HOI4D","P017","2022","室內人類手物互動與3D感知","610 資料收集的室內房間（原作全集）；人類觀察資料的錄製房間；未當作可交互robot場景。","3 4D HOI評測端點（原作全集）","固定題目／split總數待查","4,000 RGB-D序列（原作全集） | 2,400,000 RGB-D影格（原作全集）","標準答案比對 | 數值誤差與相似度","本次原始概述核對","原生清單待取得","https://arxiv.org/abs/2203.01577"
"HoloAssist","P141","2023","人類協作的物件操作與程序指導","原作場景總數待查","3 錯誤／介入預測／手部預測端點（原作全集）","固定題目／split總數待查","166 多模態錄製時數（原作全集）","標準答案比對 | 數值誤差與相似度","本次原始概述核對","原生清單待取得","https://arxiv.org/abs/2309.17024"
"HomeRobot","P099","2023","居家開放詞彙搜尋、抓取與放置","原作場景總數待查","原作任務總數待查","固定題目／split總數待查","原始資料量待查","環境狀態與過程檢查","本次原始概述核對","原生清單待取得","https://arxiv.org/abs/2306.11565"
"HOT3D","P018","2024","廚房、辦公與客廳的手物互動觀測","影片觀測來源；錄製環境總數待整理。","3 3D手／物件評測端點（原作全集）","固定題目／split總數待查","> 833 錄影分鐘（原作全集） | ≥ 3,700,000 多視角影像（原作全集）","數值誤差與相似度","本次原始概述核對","原生清單待取得","https://arxiv.org/abs/2411.19167"
"HRIBench","P147","2026","指導、合作與干擾角色的機器人互動","原作場景總數待查","原作任務總數待查","固定題目／split總數待查","原始資料量待查","待核","來源名錄／摘要線索","原生清單待取得","https://arxiv.org/abs/2607.13056"
"HRIBench (perception, 2025)","P168","2025","人類感知問答與延遲；不等同互動控制版HRIBench","原作場景總數待查","原作任務總數待查","固定題目／split總數待查","原始資料量待查","待核","來源名錄／摘要線索","原生清單待取得","https://arxiv.org/abs/2506.20566"
"HUI360","P209","2026","自然人機互動；多環境細節另核","摘要沒有可獨立歸一的場景／layout總數","互動發生前的預測；不等同robot完成協作","受測case／episode總數未由摘要確定","1,000,000 HUI360 annotations（原作全集）；原作的原始影像為研究用途依申請提供；1M與6M分屬不同來源。robot-egocentric不可改標人類頭戴影片。 | 6,000,000 SSUP-HRI derived annotations（原作全集）；原作的原始影像為研究用途依申請提供；1M與6M分屬不同來源。robot-egocentric不可改標人類頭戴影片。","標準答案比對 | 數值誤差與相似度","既有原文／數量摘錄","原生清單待取得","https://arxiv.org/abs/2608.11051"
"ICRA cloth competition","P092","2025","實體衣物展開與抓點選擇競賽","原作場景總數待查","原作任務總數待查","固定題目／split總數待查","原始資料量待查","待核","來源名錄／摘要線索","原生清單待取得","https://arxiv.org/abs/2508.16749"
"IKEA ASM","P016","2020","家具組裝與多視角觀測","影片觀測來源；錄製環境總數待整理。","原作任務總數待查","固定題目／split總數待查","3,000,000 多視角影格（原作全集）","標準答案比對 | 數值誤差與相似度","本次原始概述核對","原生清單待取得","https://arxiv.org/abs/2007.00394"
"Interact with me","P061","2024","互動意圖、態度與社交行為預測","原作場景總數待查","原作任務總數待查","固定題目／split總數待查","原始資料量待查","待核","來源名錄／摘要線索","原生清單待取得","https://arxiv.org/abs/2412.16698"
"KinDER","P084","2026","運動學與動力學推理；應用領域依任務","原作場景總數待查","原作任務總數待查","固定題目／split總數待查","原始資料量待查","待核","來源名錄／摘要線索","原生清單待取得","https://arxiv.org/abs/2604.25788"
"LabDex","P173","2026","化學實驗室","摘要沒有可獨立歸一的場景／layout總數","原子技能／組合技能／長流程實驗三層；摘要未明訂總數","受測case／episode總數未由摘要確定","原始資料量待查","環境狀態與過程檢查","既有原文／數量摘錄","原生清單待取得","https://arxiv.org/abs/2608.18618"
"Labimus","P174","2026","有機化學實驗室","摘要沒有可獨立歸一的場景／layout總數","6 atomic operations（原作全集）；人形靈巧實驗室操作，六項原子操作及七步秤重流程；顆粒、儀器讀值與量測誤差不能只用終態成功替代。 本列是原文明示範圍整理，未經本計畫逐題重跑。","受測case／episode總數未由摘要確定","原始資料量待查","數值誤差與相似度 | 環境狀態與過程檢查","既有原文／數量摘錄","原生清單待取得","https://arxiv.org/abs/2606.31037"
"LabUtopia","P172","2025","科學實驗室","LabScene程序生成；200+為場景／儀器混合資產，不是200房間","30 tasks（原作全集）；30項科學實驗室任務，含五層複雜度與200多項場景／儀器資產；化學或多物理主張要再核對具體實作。 本列是原文明示範圍整理，未經本計畫逐題重跑。","受測case／episode總數未由摘要確定","原始資料量待查","環境狀態與過程檢查","既有原文／數量摘錄","原生清單待取得","https://arxiv.org/abs/2505.22634"
"LIBERO-Plus","P105","2025","LIBERO桌面操作的受控擾動","原作場景總數待查","原作任務總數待查","固定題目／split總數待查","原始資料量待查","待核","來源名錄／摘要線索","原生清單待取得","https://arxiv.org/abs/2510.13626"
"LIBERO-Recover","P165","2026","LIBERO 衍生操作與失敗狀態","由模型實際失敗形成的恢復情境","沿用 LIBERO 操作；4 個 recovery levels 不是新增 G2 類數","≥ 1,000 failure scenarios（原作全集）","原始資料量待查","環境狀態與過程檢查","既有原文／數量摘錄","原生清單待取得","https://arxiv.org/abs/2609.05178"
"ManipBench","P045","2025","低階機器人操作決策；應用領域待核","原作場景總數待查","原作任務總數待查","固定題目／split總數待查","原始資料量待查","待核","來源名錄／摘要線索","原生清單待取得","https://arxiv.org/abs/2505.09698"
"ManiSkill","P066","2021","一般物件操作與資產泛化","原作場景總數待查","原作任務總數待查","固定題目／split總數待查","原始資料量待查","待核","來源名錄／摘要線索","原生清單待取得","https://arxiv.org/abs/2107.14483"
"ManiSkill3","P068","2024","原作稱 12 domains，例子含移動、humanoid、dexterous；屬能力／機體分組","artist scenes 與 digital twins；獨立場景總數本輪未核","固定版本 65 task registrations；原文 12 domains 不是 12 個部署場域","依選用環境、資產與初態生成","原始資料量待查","環境狀態與過程檢查","既有原文／數量摘錄","原生清單已有部分索引","https://arxiv.org/abs/2410.00425"
"MetaWorld+","P106","2025","Meta-World桌面技能修訂","原作場景總數待查","原作任務總數待查","固定題目／split總數待查","原始資料量待查","待核","來源名錄／摘要線索","原生清單待取得","https://arxiv.org/abs/2505.11289"
"MoDeSuite","P093","2025","移動操作與柔性／彈性物件","8 項應用啟發的操作情境；背景資產數未核","8 mobile manipulation tasks（原作全集）","各任務實例／rollouts 依 protocol","原始資料量待查","環境狀態與過程檢查","既有原文／數量摘錄","原生清單待取得","https://arxiv.org/abs/2507.21796"
"MotionForge","P170","2026","動態物件操作；11種motion patterns不是11個應用領域","摘要沒有可獨立歸一的場景／layout總數","40 dynamic tasks（原作全集）；40個動態互動任務，含17個長流程任務；環境隨推論時間持續演化，提示我們須量測延遲而非暫停世界等答案。 本列是原文明示範圍整理，未經本計畫逐題重跑。 | 17 long-horizon tasks（原作評測子集）；40個動態互動任務，含17個長流程任務；環境隨推論時間持續演化，提示我們須量測延遲而非暫停世界等答案。 本列是原文明示範圍整理，未經本計畫逐題重跑。","受測case／episode總數未由摘要確定","原始資料量待查","環境狀態與過程檢查","既有原文／數量摘錄","原生清單待取得","https://arxiv.org/abs/2609.25689"
"NavVerse","P102","2026","室內到戶外的連續導航","原作場景總數待查","原作任務總數待查","固定題目／split總數待查","原始資料量待查","待核","來源名錄／摘要線索","原生清單待取得","https://arxiv.org/abs/2607.19695"
"NIABench","P145","2026","何時及如何提供非侵入式協助","原作場景總數待查","原作任務總數待查","固定題目／split總數待查","原始資料量待查","待核","來源名錄／摘要線索","原生清單待取得","https://arxiv.org/abs/2605.01368"
"OopsieVerse","P116","2026","考慮物件損壞的物理操作","原作場景總數待查","原作任務總數待查","固定題目／split總數待查","原始資料量待查","待核","來源名錄／摘要線索","原生清單待取得","https://arxiv.org/abs/2606.31993"
"OpenEgo","P199","2025","原作290人類操作activities；600+ recording environments","≥ 600 recording environments（原作全集）；整合六個既有來源，報告1,107小時與290種人類操作活動；其來源相依、姿態及語言標準化需保留，不能重複累加原集。 本列是原文明示範圍整理，未經本計畫逐題重跑。","290 human manipulation tasks（原作全集）；整合六個既有來源，報告1,107小時與290種人類操作活動；其來源相依、姿態及語言標準化需保留，不能重複累加原集。 本列是原文明示範圍整理，未經本計畫逐題重跑。","受測case／episode總數未由摘要確定","1,107 aggregated recording hours（原作全集）；整合六個既有來源，報告1,107小時與290種人類操作活動；其來源相依、姿態及語言標準化需保留，不能重複累加原集。 本列是原文明示範圍整理，未經本計畫逐題重跑。","數值誤差與相似度","既有原文／數量摘錄","原生清單待取得","https://arxiv.org/abs/2509.05513"
"Phys-Liquid","P192","2025","實驗室液體的形狀／體積估計","摘要沒有可獨立歸一的場景／layout總數","液體分割／3D重建／體積估計；非完整倒液控制","受測case／episode總數未由摘要確定","97,200 simulation images（原作全集）；97,200模擬影像和3D液體mesh用於形狀／體積估計；主要評測是感知，不能據此宣稱完整倒液控制。 本列是原文明示範圍整理，未經本計畫逐題重跑。","數值誤差與相似度","既有原文／數量摘錄","原生清單待取得","https://arxiv.org/abs/2511.11077"
"Pipette","P175","2026","wet-lab：樣本、培養器皿、設備與精密放置","摘要沒有可獨立歸一的場景／layout總數","12 tasks（原作全集）；12項wet-lab任務、三種手臂及100多件可編輯資產；示範增強產物與新的任務種類分開計數。 本列是原文明示範圍整理，未經本計畫逐題重跑。","受測case／episode總數未由摘要確定","30 demonstrations PER task（訓練）；12項wet-lab任務、三種手臂及100多件可編輯資產；示範增強產物與新的任務種類分開計數。 本列是原文明示範圍整理，未經本計畫逐題重跑。","環境狀態與過程檢查","既有原文／數量摘錄","原生清單待取得","https://arxiv.org/abs/2606.12936"
"R2R / VLN","P094","2017","室內建築中的語言導航","原作場景總數待查","原作任務總數待查","固定題目／split總數待查","原始資料量待查","數值誤差與相似度 | 環境狀態與過程檢查","本次原始概述核對","原生清單待取得","https://arxiv.org/abs/1711.07280"
"Ravens / Transporter Networks","P076","2020","結構化桌面空間操作","原作場景總數待查","原作任務總數待查","固定題目／split總數待查","原始資料量待查","待核","來源名錄／摘要線索","原生清單待取得","https://arxiv.org/abs/2010.14406"
"REBOOT","P179","2026","精密裝配；工業題材","摘要沒有可獨立歸一的場景／layout總數","18 precision assembly tasks（原作全集）；18項精密装配及2,160份示範，把取件／運送／裝入分成五階段；成敗與專家恢復軌跡均保留，示範不當題型。 本列是原文明示範圍整理，未經本計畫逐題重跑。","五共同phase；各phase失敗及專家恢復","2,160 demonstrations（原作全集）；18項精密装配及2,160份示範，把取件／運送／裝入分成五階段；成敗與專家恢復軌跡均保留，示範不當題型。 本列是原文明示範圍整理，未經本計畫逐題重跑。","環境狀態與過程檢查","既有原文／數量摘錄","原生清單待取得","https://arxiv.org/abs/2609.22591"
"REFLECT / RoboFail","P109","2023","機器人操作失敗的說明與修復","原作場景總數待查","原作任務總數待查","固定題目／split總數待查","原始資料量待查","待核","來源名錄／摘要線索","原生清單待取得","https://arxiv.org/abs/2306.15724"
"REPAIR-Bench","P113","2026","人類對機器人失敗與恢復的偏好","原作場景總數待查","原作任務總數待查","固定題目／split總數待查","原始資料量待查","待核","來源名錄／摘要線索","原生清單待取得","https://arxiv.org/abs/2606.29937"
"RGBench","P185","2025","衣物與robot garment manipulation","摘要沒有可獨立歸一的場景／layout總數","摘要未提供可比操作任務總數","受測case／episode總數未由摘要確定","原始資料量待查","數值誤差與相似度","既有原文／數量摘錄","原生清單待取得","https://arxiv.org/abs/2511.06434"
"RH20T","P129","2023","真實機器人的多模態技能示範","原作場景總數待查","原作任務總數待查","固定題目／split總數待查","> 110,000 接觸操作序列（原作全集）","待核","本次原始概述核對","原生清單待取得","https://arxiv.org/abs/2307.00595"
"RoboBench","P040","2025","機器人感知與推理；應用領域待核","原作場景總數待查","原作任務總數待查","固定題目／split總數待查","原始資料量待查","待核","來源名錄／摘要線索","原生清單待取得","https://arxiv.org/abs/2510.17801"
"RoboCasa","P070","2024","廚房日常操作","原作場景總數待查","原作任務總數待查","固定題目／split總數待查","原始資料量待查","待核","來源名錄／摘要線索","原生清單已有部分索引","https://arxiv.org/abs/2406.02523"
"RoboDojo","P083","2026","操作能力；5 個 simulation capability dimensions，非 5 個應用領域","simulation task scenes＋標準化 real evaluation setups","42 simulation tasks（原作全集） | 18 real tasks（原作全集）；Do not infer 42+18=60 distinct semantic tasks.","模型×任務×場景實驗量依 protocol","原始資料量待查","環境狀態與過程檢查","既有原文／數量摘錄","原生清單已有部分索引","https://arxiv.org/abs/2607.04434"
"RoboFolDeX","P181","2026","以衣物摺疊為主要評測工作；資料另含多類操作","摘要沒有可獨立歸一的場景／layout總數","≥ 20 tasks in data resource（原作全集）；以真實衣物摺疊為主，報告2,000多小時、20多項任務與10多種機體；資料全庫與外部提交的實際評測集合分開。 本列是原文明示範圍整理，未經本計畫逐題重跑。","受測case／episode總數未由摘要確定","≥ 2,000 real-robot data hours（原作全集）；以真實衣物摺疊為主，報告2,000多小時、20多項任務與10多種機體；資料全庫與外部提交的實際評測集合分開。 本列是原文明示範圍整理，未經本計畫逐題重跑。","環境狀態與過程檢查","既有原文／數量摘錄","原生清單待取得","https://arxiv.org/abs/2609.10243"
"RoboMME-Interference","P115","2026","機器人記憶干擾；具體应用領域待核","原作場景總數待查","原作任務總數待查","固定題目／split總數待查","原始資料量待查","待核","來源名錄／摘要線索","原生清單待取得","https://arxiv.org/abs/2606.22338"
"RoboRecover","P178","2026","原文摘要未足以對齊部署場域；保留其原生用途","以實際動作前綴重播重建中途偏離狀態","沿用原操作任務；不是新增2,000個G2","2,000 deviation scenarios（原作全集）；RoboTwin與LIBERO各1,000個恢復情境，各用800／200切分；動作前綴重播重建偏離狀態，不是2,000種新工作。 本列是原文明示範圍整理，未經本計畫逐題重跑。 | 1,000 scenarios PER platform（原作全集）；RoboTwin與LIBERO各1,000個恢復情境，各用800／200切分；動作前綴重播重建偏離狀態，不是2,000種新工作。 本列是原文明示範圍整理，未經本計畫逐題重跑。 | 800 train scenarios PER platform（訓練）；RoboTwin與LIBERO各1,000個恢復情境，各用800／200切分；動作前綴重播重建偏離狀態，不是2,000種新工作。 本列是原文明示範圍整理，未經本計畫逐題重跑。 | 200 test scenarios PER platform（測試）；RoboTwin與LIBERO各1,000個恢復情境，各用800／200切分；動作前綴重播重建偏離狀態，不是2,000種新工作。 本列是原文明示範圍整理，未經本計畫逐題重跑。","原始資料量待查","環境狀態與過程檢查","既有原文／數量摘錄","原生清單待取得","https://arxiv.org/abs/2609.28952"
"RoboReel","P124","2026","Learning from Observation 操作任務","human demonstration videos 與 simulation task environments","10 manipulation tasks（原作全集）","各 suite 的 case／rollout 總數本輪未核","原始資料量待查","環境狀態與過程檢查","既有原文／數量摘錄","原生清單待取得","https://arxiv.org/abs/2609.08209"
"RoboReward","P111","2026","機器人影片的獎勵與完成判斷","原作場景總數待查","原作任務總數待查","固定題目／split總數待查","原始資料量待查","待核","來源名錄／摘要線索","原生清單待取得","https://arxiv.org/abs/2601.00675"
"RoboSpatial","P042","2024","室內與桌面的空間理解","原作場景總數待查","原作任務總數待查","固定題目／split總數待查","1,000,000 影像（原作全集） | 5,000 3D掃描（原作全集）；掃描資料，不是經場景去重的可交互環境數。 | 3,000,000 空間關係標註（原作全集）","標準答案比對 | 數值誤差與相似度","本次原始概述核對","原生清單待取得","https://arxiv.org/abs/2411.16537"
"robosuite","P069","2020","模組化機器人操作平台；應用領域依任務","原作場景總數待查","原作任務總數待查","固定題目／split總數待查","原始資料量待查","待核","來源名錄／摘要線索","原生清單待取得","https://arxiv.org/abs/2009.12293"
"RobotArena infinity","P114","2025","真實到模擬的通用操作評測","原作場景總數待查","原作任務總數待查","固定題目／split總數待查","原始資料量待查","待核","來源名錄／摘要線索","原生清單待取得","https://arxiv.org/abs/2510.23571"
"RoboTwin","P073","2024","雙臂操作與數位分身","原作場景總數待查","原作任務總數待查","固定題目／split總數待查","原始資料量待查","待核","來源名錄／摘要線索","原生清單已有部分索引","https://arxiv.org/abs/2409.02920"
"RoboVerse","P082","2025","整合既有操作 benchmark；276 個 task categories 非應用領域數","來源環境、assets 與 domain randomization；場景資產總數未歸一","276 task categories（原作全集）","測例依選用 suite／protocol；跨作 G2 未完成去重","510,500 trajectories（原作全集）","環境狀態與過程檢查","既有原文／數量摘錄","原生清單已有部分索引","https://arxiv.org/abs/2504.18904"
"RoboVQA","P039","2023","辦公場域中的機器人／人類工作","3 辦公大樓（原作全集）；原作資料收集範圍；不是3個獨立模擬layout。","原作任務總數待查","固定題目／split總數待查","29,520 不同文字指令（原作全集）；文字指令數，不是跨來源去重後的任務數。 | 829,502 影片—文字配對（原作全集）；資料全集配對數；本轮未取得固定測試split清單。","標準答案比對 | 環境狀態與過程檢查","本次原始概述核對","原生清單待取得","https://arxiv.org/abs/2311.00899"
"RoboWM-Bench","P152","2026","操作世界模型的物理可執行性","原作場景總數待查","原作任務總數待查","固定題目／split總數待查","原始資料量待查","數值誤差與相似度 | 環境狀態與過程檢查","本次原始概述核對","原生清單待取得","https://arxiv.org/abs/2604.19092"
"RoCo Challenge","P210","2026","工業齒輪箱裝配","摘要沒有可獨立歸一的場景／layout總數","核心行星齒輪箱完整裝配工作；多phase不直接算新G2","受測case／episode總數未由摘要確定","原始資料量待查","環境狀態與過程檢查","既有原文／數量摘錄","原生清單待取得","https://arxiv.org/abs/2603.15469"
"RxR","P095","2020","多語言室內導航與路徑指涉","原作場景總數待查","原作任務總數待查","固定題目／split總數待查","原始資料量待查","數值誤差與相似度 | 環境狀態與過程檢查","本次原始概述核對","原生清單待取得","https://arxiv.org/abs/2010.07954"
"S-EMBER","P204","2026","原文摘要未足以對齊部署場域；保留其原生用途","摘要沒有可獨立歸一的場景／layout總數","grounded streaming episodic retrieval","9,448 QA pairs（原作全集）；388小時、3,141個智慧眼鏡影片與9,448個具時間證據QA；因果串流檢索與離線任意看未來不同。 本列是原文明示範圍整理，未經本計畫逐題重跑。","3,141 videos（原作全集）；388小時、3,141個智慧眼鏡影片與9,448個具時間證據QA；因果串流檢索與離線任意看未來不同。 本列是原文明示範圍整理，未經本計畫逐題重跑。 | 388 video hours（原作全集）；388小時、3,141個智慧眼鏡影片與9,448個具時間證據QA；因果串流檢索與離線任意看未來不同。 本列是原文明示範圍整理，未經本計畫逐題重跑。","標準答案比對 | 數值誤差與相似度","既有原文／數量摘錄","原生清單待取得","https://arxiv.org/abs/2607.02689"
"SABER","P200","2026","retail grocery店內活動","摘要沒有可獨立歸一的場景／layout總數","10 evaluated retail tasks（原作評測子集）；商店頭戴與外部360影片形成三種動作表示，共44.8K訓練樣本；同一錄製的不同表示不是獨立人類經驗。 本列是原文明示範圍整理，未經本計畫逐題重跑。","受測case／episode總數未由摘要確定","≥ 100 natural recording hours（原作全集）；商店頭戴與外部360影片形成三種動作表示，共44.8K訓練樣本；同一錄製的不同表示不是獨立人類經驗。 本列是原文明示範圍整理，未經本計畫逐題重跑。 | 44,800 multi-stream training samples（訓練）；商店頭戴與外部360影片形成三種動作表示，共44.8K訓練樣本；同一錄製的不同表示不是獨立人類經驗。 本列是原文明示範圍整理，未經本計畫逐題重跑。","環境狀態與過程檢查","既有原文／數量摘錄","原生清單待取得","https://arxiv.org/abs/2605.09613"
"SafeManip","P180","2026","家務RoboCasa365子集","摘要沒有可獨立歸一的場景／layout總數","50 inherited evaluated tasks（原作評測子集）；在50項RoboCasa365任務上用八類LTLf性質檢查完整過程；這是可重用評測層，不新增50個獨立任務。 本列是原文明示範圍整理，未經本計畫逐題重跑。","6 VLA policies；全庫rollout數摘要未歸一","原始資料量待查","環境狀態與過程檢查","既有原文／數量摘錄","原生清單待取得","https://arxiv.org/abs/2605.12386"
"SafeVLA-Bench","P166","2026","LIBERO tabletop 與 RoboCasa365 kitchen","重用既有 benchmark 場景","沿用原任務；不新增獨立任務種類總數","9 個 policy–benchmark entries；不是 9 題","原始資料量待查","環境狀態與過程檢查","既有原文／數量摘錄","原生清單待取得","https://arxiv.org/abs/2606.00773"
"SIMPLER","P104","2024","一般操作的模擬／實體評測對應","原作場景總數待查","原作任務總數待查","固定題目／split總數待查","原始資料量待查","待核","來源名錄／摘要線索","原生清單待取得","https://arxiv.org/abs/2405.05941"
"SoftGym","P085","2020","布料、繩與水的技能評測；部署場域未作核心分類","材料技能場景與隨機初態","固定程式 12 registrations，含變體；不可視為已去重 G2","依材料、配置與 seed 生成","原始資料量待查","環境狀態與過程檢查","既有原文／數量摘錄","原生清單已有部分索引","https://arxiv.org/abs/2011.07215"
"SoftVTBench","P182","2026","原文摘要未足以對齊部署場域；保留其原生用途","摘要沒有可獨立歸一的場景／layout總數","總task種類未由摘要確定；12個ID實驗config不是12種任務","受測case／episode總數未由摘要確定","4,000 expert demonstrations（原作全集）；4,000專家示範、50多件柔性與剛性對照資產，分開公開觸覺和evaluator-only FEM狀態；以形變限制後的成功評測。 本列是原文明示範圍整理，未經本計畫逐題重跑。","數值誤差與相似度 | 環境狀態與過程檢查","既有原文／數量摘錄","原生清單待取得","https://arxiv.org/abs/2608.18701"
"TACO","P198","2024","日常雙手工具操作","摘要沒有可獨立歸一的場景／layout總數","3 HOI evaluation endpoints（原作全集）；約2,500雙手工具—動作—物件序列，含ego/exo與3D標註；識別、動作預測及合作抓取生成不等於機器人完成率。 本列是原文明示範圍整理，未經本計畫逐題重跑。","約 2,500 motion sequences（原作全集）；約2,500雙手工具—動作—物件序列，含ego/exo與3D標註；識別、動作預測及合作抓取生成不等於機器人完成率。 本列是原文明示範圍整理，未經本計畫逐題重跑。","原始資料量待查","標準答案比對 | 數值誤差與相似度","既有原文／數量摘錄","原生清單待取得","https://arxiv.org/abs/2401.08399"
"The Imitator Game","P164","2026","6 原生領域：Household、Supermarket、Restaurant、Logistics、Hospital、Laboratory","跨六領域的 human–robot 對齊情境；獨立場景資產總數未核","≥ 50 base tasks（原作全集） | 53 listed per-domain base tasks（原作全集）；Do not add this listing count to the paper's 50+ statement.","paired episodes 是資料資源，不是每個模型都跑過的 test cases","≥ 20,000 paired episodes（原作全集）；Data-resource pairs are not per-model test rollouts. | 約 11,700 real paired episodes（原作全集） | 約 10,000 simulation paired episodes（原作全集）","環境狀態與過程檢查 | 人工或模型評審","既有原文／數量摘錄","原生清單已有部分索引","https://arxiv.org/abs/2608.22301"
"VLABench","P072","2024","日常操作、知識／常識與隱含意圖；100 是任務分類，不是領域數","隨機化操作情境；独立環境資產總數本輪未核","100 task categories（原作全集）","每類可隨機化；固定全庫 case 數未核","原始資料量待查","環境狀態與過程檢查","既有原文／數量摘錄","原生清單已有部分索引","https://arxiv.org/abs/2412.18194"
"VLOG","P001","2017","居家日常互動與生活VLOG","影片觀測來源；錄製環境總數待整理。","2 影片／影格接觸判斷端點（原作全集）；另外展示手部未來預測；兩個端點不是兩個物理工作。","固定題目／split總數待查","原始資料量待查","標準答案比對","本次原始概述核對","原生清單待取得","https://arxiv.org/abs/1712.02310"
"WireCraft","P183","2026","工業線材裝配","摘要沒有可獨立歸一的場景／layout總數","3 task families（原作全集）；摘要稱benchmark、data、tools待接受後釋出；不能當成本計畫已取得可跑的公開資產。三家族不是三個部署領域。","受測case／episode總數未由摘要確定","原始資料量待查","環境狀態與過程檢查","既有原文／數量摘錄","原生清單待取得","https://arxiv.org/abs/2606.18097"
"X2Real","P169","2026","10項能力維度；非10個部署場域","摘要沒有可獨立歸一的場景／layout總數","44 hierarchical tasks（原作全集）；44個長流程操作任務、10能力維度及sim-to-real評測；能力維度不是應用場域，手臂與訓練資訊約定須分層。 本列是原文明示範圍整理，未經本計畫逐題重跑。","受測case／episode總數未由摘要確定","約 300 annotated simulation hours（原作全集）；44個長流程操作任務、10能力維度及sim-to-real評測；能力維度不是應用場域，手臂與訓練資訊約定須分層。 本列是原文明示範圍整理，未經本計畫逐題重跑。","環境狀態與過程檢查","既有原文／數量摘錄","原生清單待取得","https://arxiv.org/abs/2609.27449"
"YouCook2","P005","2017","烹飪教學與程序分割","影片觀測來源；錄製環境總數待整理。","原作任務總數待查","固定題目／split總數待查","原始資料量待查","標準答案比對 | 數值誤差與相似度","本次原始概述核對","原生清單待取得","https://arxiv.org/abs/1703.09788"
