benchmark,paper_id,field,value,value_kind,native_term,unit,scope,source_version,source,locator,notes
"BEHAVIOR-1K","P100","task","1000","exact","everyday activities","native_activity","whole_resource","引用連結版本／2026-09-22 擷取快照","https://arxiv.org/html/2403.09227v1","Abstract or the checked task/dataset overview",""
"BEHAVIOR-1K","P100","environment","50","exact","interactive scenes","native_scene","whole_resource","引用連結版本／2026-09-22 擷取快照","https://arxiv.org/html/2403.09227v1","Dataset assets; Appendix Table A.4",""
"BEHAVIOR-1K","P100","domain","8","exact","scene types","native_domain_category","whole_resource","引用連結版本／2026-09-22 擷取快照","https://arxiv.org/html/2403.09227v1","Dataset assets; eight scene categories","Native scene categories, not the common application-domain ontology."
"BEHAVIOR-1K","P100","detail","9000","at_least","object models","asset","whole_resource","引用連結版本／2026-09-22 擷取快照","https://arxiv.org/html/2403.09227v1","Abstract or the checked task/dataset overview",""
"BEHAVIOR-1K","P100","detail","1016","exact","pinned heterogeneous source records","source_record","available_source_snapshot","引用連結版本／2026-09-22 擷取快照","https://github.com/StanfordVL/BEHAVIOR-1K/tree/4b0f43dfb7f7f759e5e9f575e8d72f56492eab5f","source inventory key behavior","Not automatically a task count; includes source-specific schemas, registrations, entrypoints or configurations."
"RoboCasa365","P071","task","365","exact","tasks","native_task","whole_resource","引用連結版本／2026-09-22 擷取快照","https://arxiv.org/html/2603.04356v1","Abstract or the checked task/dataset overview",""
"RoboCasa365","P071","task","50","exact","target tasks","native_task","evaluated_subset","引用連結版本／2026-09-22 擷取快照","https://arxiv.org/html/2603.04356v1","Section 3.4.2 and experiments",""
"RoboCasa365","P071","history","2500","exact","pretraining kitchen configurations","native_scene","training","引用連結版本／2026-09-22 擷取快照","https://arxiv.org/html/2603.04356v1","Section 3.2; 50 layouts × 50 styles","Not 2,500 independently designed geometry layouts or task-bound G3 initial states."
"RoboCasa365","P071","history","50","exact","pretraining layouts","layout","training","引用連結版本／2026-09-22 擷取快照","https://arxiv.org/html/2603.04356v1","Section 3.2",""
"RoboCasa365","P071","history","50","exact","pretraining styles","style","training","引用連結版本／2026-09-22 擷取快照","https://arxiv.org/html/2603.04356v1","Section 3.2",""
"RoboCasa365","P071","history","10","exact","target kitchens","native_scene","evaluated_subset","引用連結版本／2026-09-22 擷取快照","https://arxiv.org/html/2603.04356v1","Section 3.2; target kitchen scenes",""
"RoboCasa365","P071","data","500000","at_least","demonstrations","demonstration_trajectory","whole_resource","引用連結版本／2026-09-22 擷取快照","https://arxiv.org/html/2603.04356v1","Abstract or the checked task/dataset overview","Human-teleoperated robot data are not human-action observation videos."
"RoboCasa365","P071","detail","365","exact","pinned heterogeneous source records","source_record","available_source_snapshot","引用連結版本／2026-09-22 擷取快照","https://github.com/robocasa/robocasa/tree/4f8a2980def75a55dff96b990745b83540425f09","source inventory key robocasa","Not automatically a task count; includes source-specific schemas, registrations, entrypoints or configurations."
"RoboCasa365","P071","environment","60","exact","命名layout定義（50 train＋10 test）","layout","available_source_snapshot","本版固定清單 2026-10-02","https://github.com/robocasa/robocasa/tree/4f8a2980def75a55dff96b990745b83540425f09/robocasa/models/assets/scenes/kitchen_layouts","逐筆ID清單及inventory_summary.json；固定commit來源","2,500種預訓練樣式組合不改名為2,500個layout。"
"PARTNR","P143","history","60","exact","houses","native_scene","whole_resource","引用連結版本／2026-09-22 擷取快照","https://arxiv.org/html/2411.00081","Section 3.3",""
"PARTNR","P143","history","100000","exact","training episodes","episode","training","引用連結版本／2026-09-22 擷取快照","https://arxiv.org/html/2411.00081","Section 3.3",""
"PARTNR","P143","history","1000","exact","validation episodes","episode","validation","引用連結版本／2026-09-22 擷取快照","https://arxiv.org/html/2411.00081","Section 3.3",""
"PARTNR","P143","history","1000","exact","test episodes","episode","test","引用連結版本／2026-09-22 擷取快照","https://arxiv.org/html/2411.00081","Section 3.3",""
"PARTNR","P143","task","4","exact","task constraint types","native_task_schema","whole_resource","引用連結版本／2026-09-22 擷取快照","https://arxiv.org/html/2411.00081","Abstract or the checked task/dataset overview",""
"PARTNR","P143","detail","5819","exact","unique objects","asset","whole_resource","引用連結版本／2026-09-22 擷取快照","https://arxiv.org/html/2411.00081","Abstract or the checked task/dataset overview",""
"PARTNR","P143","detail","6","exact","pinned heterogeneous source records","source_record","available_source_snapshot","引用連結版本／2026-09-22 擷取快照","https://github.com/facebookresearch/partnr-planner/tree/ddfff19f4b6c098a31edea4d19e7b75db72433c2","source inventory key partnr","Not automatically a task count; includes source-specific schemas, registrations, entrypoints or configurations."
"PARTNR","P143","environment","50","exact","公開HSSD-partnr場景定義","native_scene","available_source_snapshot","本版固定清單 2026-10-02","https://huggingface.co/datasets/hssd/hssd-hab/tree/bdc2c6c1e2e96e5ab690e9a8555ebf1a16d39632/scenes-partnr-filtered","逐筆ID清單及inventory_summary.json；固定commit來源","此公開版本有50個場景檔；所取train／val題目引用49個。論文60房屋是不同範圍。"
"PARTNR","P143","case","111652","exact","train題目定義","episode","training","本版固定清單 2026-10-02","https://huggingface.co/datasets/ai-habitat/partnr_episodes/resolve/c6cffbdd82691c2f4240b75aa5289cd9efd0a32b/v0_0/train.json.gz","逐筆ID清單及inventory_summary.json；固定commit來源","按原生episode_id實數；只表示定義元資料，不是已跑的模型試驗。"
"PARTNR","P143","case","1000","exact","val題目定義","episode","validation","本版固定清單 2026-10-02","https://huggingface.co/datasets/ai-habitat/partnr_episodes/resolve/c6cffbdd82691c2f4240b75aa5289cd9efd0a32b/v0_0/val.json.gz","逐筆ID清單及inventory_summary.json；固定commit來源","此固定repo未提供test.json.gz，不額外計入1,000 test。"
"CALVIN","P065","history","4","exact","environments","native_scene","whole_resource","引用連結版本／2026-09-22 擷取快照","https://arxiv.org/abs/2112.03227","Data collection; environments A–D",""
"CALVIN","P065","history","34","exact","subtasks","native_task","whole_resource","引用連結版本／2026-09-22 擷取快照","https://arxiv.org/abs/2112.03227","Task list; long-horizon evaluation",""
"CALVIN","P065","case","1000","exact","instruction chains","evaluation_case","test","引用連結版本／2026-09-22 擷取快照","https://arxiv.org/abs/2112.03227","Long Horizon MTLC evaluation","Do not add 34 subtasks and 1,000 chains as 1,034 tasks."
"CALVIN","P065","data","24","approximate","play data hours","video_hour","training","引用連結版本／2026-09-22 擷取快照","https://arxiv.org/abs/2112.03227","Abstract or the checked task/dataset overview",""
"CALVIN","P065","data","20000","approximate","language directives","language_directive","training","引用連結版本／2026-09-22 擷取快照","https://arxiv.org/abs/2112.03227","Abstract or the checked task/dataset overview",""
"CALVIN","P065","environment","4","exact","原作A–D場景定義","native_scene","available_source_snapshot","本版固定清單 2026-10-02","https://github.com/mees/calvin_env/tree/1431a46bd36bde5903fb6345e68b5ccc30def666/conf/scene","逐筆ID清單及inventory_summary.json；固定commit來源","D_eval沿用D的layout，不加成第五個。"
"CALVIN","P065","task","34","exact","原作子任務定義","native_task","available_source_snapshot","本版固定清單 2026-10-02","https://github.com/mees/calvin/blob/fa03f01f19c65920e18cf37398a9ce859274af76/calvin_models/conf/callbacks/rollout/tasks/new_playtable_tasks.yaml","逐筆ID清單及inventory_summary.json；固定commit來源",""
"LIBERO","P064","task","130","exact","native task IDs","native_task","whole_resource","引用連結版本／2026-09-22 擷取快照","https://arxiv.org/abs/2306.03310","Abstract or the checked task/dataset overview","Original suite counts and source versions are retained separately from canonical G2."
"LIBERO","P064","detail","130","exact","pinned heterogeneous source records","source_record","available_source_snapshot","引用連結版本／2026-09-22 擷取快照","https://github.com/Lifelong-Robot-Learning/LIBERO/tree/8f1084e3132a39270c3a13ebe37270a43ece2a01","source inventory key libero","Not automatically a task count; includes source-specific schemas, registrations, entrypoints or configurations."
"RLBench","P062","task","100","exact","tasks in paper","native_task","whole_resource","引用連結版本／2026-09-22 擷取快照","https://arxiv.org/abs/1909.12271","Abstract or the checked task/dataset overview",""
"RLBench","P062","detail","106","exact","pinned heterogeneous source records","source_record","available_source_snapshot","引用連結版本／2026-09-22 擷取快照","https://github.com/stepjam/RLBench/tree/02720bba4c73fe02eb75df946b8791b806028a9d","source inventory key rlbench","Not automatically a task count; includes source-specific schemas, registrations, entrypoints or configurations."
"Meta-World","P063","task","50","exact","manipulation tasks","native_task","whole_resource","引用連結版本／2026-09-22 擷取快照","https://arxiv.org/abs/1910.10897","Abstract or the checked task/dataset overview",""
"Meta-World","P063","detail","50","exact","pinned heterogeneous source records","source_record","available_source_snapshot","引用連結版本／2026-09-22 擷取快照","https://github.com/Farama-Foundation/Metaworld/tree/59fc34d7768af9785e4688c3e1db671424f4a6c3","source inventory key metaworld","Not automatically a task count; includes source-specific schemas, registrations, entrypoints or configurations."
"ManiSkill2","P067","task","20","exact","task families","native_task_category","whole_resource","引用連結版本／2026-09-22 擷取快照","https://arxiv.org/abs/2302.04659","Abstract or the checked task/dataset overview",""
"ManiSkill2","P067","detail","2000","at_least","object models","asset","whole_resource","引用連結版本／2026-09-22 擷取快照","https://arxiv.org/abs/2302.04659","Abstract or the checked task/dataset overview",""
"ManiSkill2","P067","data","4000000","at_least","demonstration frames","frame","whole_resource","引用連結版本／2026-09-22 擷取快照","https://arxiv.org/abs/2302.04659","Abstract or the checked task/dataset overview",""
"ManiSkill2","P067","detail","21","exact","pinned heterogeneous source records","source_record","available_source_snapshot","引用連結版本／2026-09-22 擷取快照","https://github.com/mani-skill/ManiSkill/tree/493be36121a9dd06071a57172274babe617b789f","source inventory key maniskill2","Not automatically a task count; includes source-specific schemas, registrations, entrypoints or configurations."
"RoboTwin 2.0","P074","task","50","exact","dual-arm tasks","native_task","whole_resource","引用連結版本／2026-09-22 擷取快照","https://arxiv.org/abs/2506.18088","Abstract or the checked task/dataset overview",""
"RoboTwin 2.0","P074","detail","5","exact","robot embodiments","robot_profile","whole_resource","引用連結版本／2026-09-22 擷取快照","https://arxiv.org/abs/2506.18088","Abstract or the checked task/dataset overview",""
"RoboTwin 2.0","P074","detail","731","exact","object instances","asset","whole_resource","引用連結版本／2026-09-22 擷取快照","https://arxiv.org/abs/2506.18088","Abstract or the checked task/dataset overview",""
"RoboTwin 2.0","P074","detail","147","exact","object categories","asset_category","whole_resource","引用連結版本／2026-09-22 擷取快照","https://arxiv.org/abs/2506.18088","Abstract or the checked task/dataset overview",""
"RoboTwin 2.0","P074","detail","50","exact","pinned heterogeneous source records","source_record","available_source_snapshot","引用連結版本／2026-09-22 擷取快照","https://github.com/RoboTwin-Platform/RoboTwin/tree/6dde57155eafa3e4ebf6ad1f93a7cf7d5d41a755","source inventory key robotwin","Not automatically a task count; includes source-specific schemas, registrations, entrypoints or configurations."
"GarmentLab","P087","task","20","exact","tasks","native_task","whole_resource","引用連結版本／2026-09-22 擷取快照","https://arxiv.org/abs/2411.01200","Benchmark task categories; Table 3",""
"GarmentLab","P087","detail","5","exact","interaction groups","capability_category","whole_resource","引用連結版本／2026-09-22 擷取快照","https://arxiv.org/abs/2411.01200","Table 3",""
"GarmentLab","P087","detail","10","exact","pinned heterogeneous source records","source_record","available_source_snapshot","引用連結版本／2026-09-22 擷取快照","https://github.com/GarmentLab/GarmentLab/tree/6ee0620fddb8083d5eab554fa343cdc966c61d5f","source inventory key garmentlab","Not automatically a task count; includes source-specific schemas, registrations, entrypoints or configurations."
"ALFRED","P096","task","7","exact","task types","native_task_schema","whole_resource","引用連結版本／2026-09-22 擷取快照","https://arxiv.org/abs/1912.01734","Dataset construction; seven parameterized task types",""
"ALFRED","P096","environment","120","exact","scenes","native_scene","whole_resource","引用連結版本／2026-09-22 擷取快照","https://arxiv.org/abs/1912.01734","Dataset construction",""
"ALFRED","P096","data","8055","exact","expert demonstrations","episode","whole_resource","引用連結版本／2026-09-22 擷取快照","https://arxiv.org/abs/1912.01734","Abstract or the checked task/dataset overview",""
"ALFRED","P096","data","25743","exact","language directives","language_directive","whole_resource","引用連結版本／2026-09-22 擷取快照","https://arxiv.org/abs/1912.01734","Abstract or the checked task/dataset overview",""
"ALFRED","P096","detail","7","exact","pinned heterogeneous source records","source_record","available_source_snapshot","引用連結版本／2026-09-22 擷取快照","https://github.com/askforalfred/alfred/tree/f91f4c0c96c7a29f33d0557f86b0a21035379b3b","source inventory key alfred","Not automatically a task count; includes source-specific schemas, registrations, entrypoints or configurations."
"TEACh","P097","task","12","exact","task types represented in sessions","native_task_schema","whole_resource","引用連結版本／2026-09-22 擷取快照","https://arxiv.org/abs/2110.00534","Table 2",""
"TEACh","P097","data","3047","exact","successful gameplay sessions","episode","whole_resource","引用連結版本／2026-09-22 擷取快照","https://arxiv.org/abs/2110.00534","Abstract or the checked task/dataset overview",""
"TEACh","P097","detail","25","exact","pinned heterogeneous source records","source_record","available_source_snapshot","引用連結版本／2026-09-22 擷取快照","https://github.com/alexa/teach/tree/903191e256da866a603d1bbfb21db34e0874392d","source inventory key teach","Not automatically a task count; includes source-specific schemas, registrations, entrypoints or configurations."
"WatchAct","P123","task","14","exact","cognitive task schemas","native_task_schema","whole_resource","引用連結版本／2026-09-22 擷取快照","https://arxiv.org/html/2606.26443v1","Section 3.2 and Table 2",""
"WatchAct","P123","case","3000","exact","video–task instances","task_instance","whole_resource","引用連結版本／2026-09-22 擷取快照","https://arxiv.org/html/2606.26443v1","Abstract or the checked task/dataset overview",""
"WatchAct","P123","detail","4","exact","cognitive capability domains","capability_category","whole_resource","引用連結版本／2026-09-22 擷取快照","https://arxiv.org/html/2606.26443v1","Abstract or the checked task/dataset overview","Not four application domains."
"WatchAct","P123","case","3045","exact","public HF evaluation rows","evaluation_case","available_source_snapshot","HF 459e9a9faf7399754d34d53c48f277292ccc7885 / retrieved 2026-09-25","https://huggingface.co/datasets/BaiqiL/WatchAct/tree/459e9a9faf7399754d34d53c48f277292ccc7885","14 JSONL tables joined to 14 metadata JSON files and the versioned repository file list","609 originals produce five evaluation rows and three external-view videos each. Metadata linkage only; no new G2 or decoded-pixel/execution claim."
"WatchAct","P123","data","609","exact","public HF original examples","task_instance","available_source_snapshot","HF 459e9a9faf7399754d34d53c48f277292ccc7885 / retrieved 2026-09-25","https://huggingface.co/datasets/BaiqiL/WatchAct/tree/459e9a9faf7399754d34d53c48f277292ccc7885","14 JSONL tables joined to 14 metadata JSON files and the versioned repository file list","609 originals produce five evaluation rows and three external-view videos each. Metadata linkage only; no new G2 or decoded-pixel/execution claim."
"WatchAct","P123","data","1827","exact","public HF referenced external-view videos","video","available_source_snapshot","HF 459e9a9faf7399754d34d53c48f277292ccc7885 / retrieved 2026-09-25","https://huggingface.co/datasets/BaiqiL/WatchAct/tree/459e9a9faf7399754d34d53c48f277292ccc7885","14 JSONL tables joined to 14 metadata JSON files and the versioned repository file list","609 originals produce five evaluation rows and three external-view videos each. Metadata linkage only; no new G2 or decoded-pixel/execution claim."
"WatchAct","P123","detail","14","exact","pinned heterogeneous source records","source_record","available_source_snapshot","引用連結版本／2026-09-22 擷取快照","https://github.com/Baiqi-Li/WatchAct/tree/7036927a94a160e7d420e3f7156cd5b2e9e8f3e6","source inventory key watchact","Not automatically a task count; includes source-specific schemas, registrations, entrypoints or configurations."
"VIMA","P075","data","600000","at_least","專家軌跡","demonstration_trajectory","whole_resource","2026-10-02原始摘要／官方概述快照","https://arxiv.org/abs/2210.03094","Abstract／官方會議頁摘要","示範資源量，不是固定測試題數。"
"VIMA","P075","task","17","exact","原生task模板","native_task_template","available_source_snapshot","2026-09-29已取得的固定原生清單","https://github.com/vimalabs/VIMABench/blob/97e0af11e126fd477c9d81eeabfb6c739021c680/vima_bench/tasks/task_suite/instruction_following/simple_manipulation.py","本庫task_source_bridge.json中的完整固定版本條目集合；逐條來源保留","來源清單量；與原作全集／跨來源共同任務量分開。"
"ARNOLD","P081","task","8","exact","語言條件任務","native_task","whole_resource","2026-10-02原始摘要／官方概述快照","https://arxiv.org/abs/2304.04321","Abstract／官方會議頁摘要",""
"COIN","P003","task","180","exact","人類程序活動","human_activity","whole_resource","2026-10-02原始摘要／官方概述快照","https://arxiv.org/abs/1903.02874","Abstract／官方會議頁摘要",""
"COIN","P003","domain","12","exact","原作應用領域","native_domain_category","whole_resource","2026-10-02原始摘要／官方概述快照","https://arxiv.org/abs/1903.02874","Abstract／官方會議頁摘要","COIN自有分類；不等同本計畫12領域。"
"COIN","P003","data","11827","exact","影片","video","whole_resource","2026-10-02原始摘要／官方概述快照","https://arxiv.org/abs/1903.02874","Abstract／官方會議頁摘要",""
"CrossTask","P004","task","83","exact","人類活動定義（18 primary＋65 related）","human_activity","available_source_snapshot","2026-09-29已取得的固定原生清單","https://www.di.ens.fr/~dzhukov/crosstask/crosstask_release.zip","本庫task_source_bridge.json中的完整固定版本條目集合；逐條來源保留","來源清單量；與原作全集／跨來源共同任務量分開。"
"OpenEQA","P038","history","180","more_than","問答來源的真實環境","observation_environment","whole_resource","2026-10-02原始摘要／官方概述快照","https://openaccess.thecvf.com/content/CVPR2024/html/Majumdar_OpenEQA_Embodied_Question_Answering_in_the_Era_of_Foundation_Models_CVPR_2024_paper.html","Abstract／官方會議頁摘要","episodic／active EQA來源環境，不能直接視為180個機器人操作場景。"
"OpenEQA","P038","history","1600","more_than","人工產生問題","evaluation_case","whole_resource","2026-10-02原始摘要／官方概述快照","https://openaccess.thecvf.com/content/CVPR2024/html/Majumdar_OpenEQA_Embodied_Question_Answering_in_the_Era_of_Foundation_Models_CVPR_2024_paper.html","Abstract／官方會議頁摘要",""
"OpenEQA","P038","task","7","exact","原作資訊題型","information_task_schema","available_source_snapshot","本版固定清單 2026-10-02","https://github.com/facebookresearch/open-eqa/blob/cfa3fce4595c1622bb2f8a38ae2ca9aae9eb685b/data/open-eqa-v0.json","逐筆ID清單及inventory_summary.json；固定commit來源","問答category，不是7個robot工作。"
"OpenEQA","P038","case","1636","exact","question_id題目定義","evaluation_case","available_source_snapshot","本版固定清單 2026-10-02","https://github.com/facebookresearch/open-eqa/blob/cfa3fce4595c1622bb2f8a38ae2ca9aae9eb685b/data/open-eqa-v0.json","逐筆ID清單及inventory_summary.json；固定commit來源","已取得問題、答案與episode_history引用；未完整下載歷史影像。原作未分train／val／test。"
"RoboArena","P108","data","600","more_than","成對實體評估episodes","paired_evaluation_episode","evaluated_subset","2026-10-02原始摘要／官方概述快照","https://arxiv.org/abs/2506.18123","Abstract／官方會議頁摘要","成對政策評估記錄；不是600種獨立任務，也不是全庫去重題數。"
"EgoPlan-Bench2","P031","domain","4","exact","major domains","native_domain_category","whole_resource","引用連結版本／2026-09-22 擷取快照","https://arxiv.org/html/2412.04447v2","Abstract or the checked task/dataset overview",""
"EgoPlan-Bench2","P031","domain","24","exact","detailed scenarios","native_domain_category","whole_resource","引用連結版本／2026-09-22 擷取快照","https://arxiv.org/html/2412.04447v2","Abstract or the checked task/dataset overview",""
"EgoPlan-Bench2","P031","case","1321","exact","multiple-choice QA","evaluation_case","whole_resource","引用連結版本／2026-09-22 擷取快照","https://arxiv.org/html/2412.04447v2","Abstract or the checked task/dataset overview",""
"EgoPlan-Bench2","P031","data","1113","exact","videos","video","whole_resource","引用連結版本／2026-09-22 擷取快照","https://arxiv.org/html/2412.04447v2","Abstract or the checked task/dataset overview",""
"EgoSchema","P028","case","5000","at_least","multiple-choice QA","evaluation_case","whole_resource","引用連結版本／2026-09-22 擷取快照","https://arxiv.org/abs/2308.09126v1","Abstract or the checked task/dataset overview",""
"EgoSchema","P028","data","250","at_least","video hours","video_hour","whole_resource","引用連結版本／2026-09-22 擷取快照","https://arxiv.org/abs/2308.09126v1","Abstract or the checked task/dataset overview",""
"Ego4D","P013","data","3670","exact","video hours","video_hour","whole_resource","引用連結版本／2026-09-22 擷取快照","https://arxiv.org/abs/2110.07058","Abstract or the checked task/dataset overview",""
"Ego4D","P013","environment","74","exact","recording locations","native_scene","whole_resource","引用連結版本／2026-09-22 擷取快照","https://arxiv.org/abs/2110.07058","Abstract or the checked task/dataset overview",""
"Ego-Exo4D","P014","data","1286","exact","video hours","video_hour","whole_resource","引用連結版本／2026-09-22 擷取快照","https://arxiv.org/abs/2311.18259","Abstract or the checked task/dataset overview",""
"Ego-Exo4D","P014","environment","123","exact","natural scene contexts","native_scene","whole_resource","引用連結版本／2026-09-22 擷取快照","https://arxiv.org/abs/2311.18259","Abstract or the checked task/dataset overview",""
"EPIC-KITCHENS-100","P010","data","100","exact","video hours","video_hour","whole_resource","引用連結版本／2026-09-22 擷取快照","https://arxiv.org/abs/2006.13256","Abstract or the checked task/dataset overview",""
"EPIC-KITCHENS-100","P010","data","700","exact","videos","video","whole_resource","引用連結版本／2026-09-22 擷取快照","https://arxiv.org/abs/2006.13256","Abstract or the checked task/dataset overview",""
"EPIC-KITCHENS-100","P010","environment","45","exact","recording environments","native_scene","whole_resource","引用連結版本／2026-09-22 擷取快照","https://arxiv.org/abs/2006.13256","Abstract or the checked task/dataset overview",""
"EPIC-KITCHENS-100","P010","data","90000","approximate","annotated actions","evaluation_case","whole_resource","引用連結版本／2026-09-22 擷取快照","https://arxiv.org/abs/2006.13256","Abstract or the checked task/dataset overview",""
"ARB4WM","P212","task","20","exact","inherited tasks","native_task","evaluated_subset","原始arXiv版本／2026-09-25摘要查核；P212","https://arxiv.org/abs/2606.16605","Complete primary arXiv abstract reviewed 2026-09-25","四個Dreamer類agent、20個既有控制任務，比較不同世界模型內部與時間位置的視覺擾動；不是新建20個任務。 本列是原文明示範圍整理，未經本計畫逐題重跑。"
"ARB4WM","P212","detail","4","exact","Dreamer-style agents","model_entry","evaluated_subset","原始arXiv版本／2026-09-25摘要查核；P212","https://arxiv.org/abs/2606.16605","Complete primary arXiv abstract reviewed 2026-09-25","四個Dreamer類agent、20個既有控制任務，比較不同世界模型內部與時間位置的視覺擾動；不是新建20個任務。 本列是原文明示範圍整理，未經本計畫逐題重跑。"
"ARB4WM","P212","detail","5","exact","white-box loss objectives","capability_category","whole_resource","原始arXiv版本／2026-09-25摘要查核；P212","https://arxiv.org/abs/2606.16605","Complete primary arXiv abstract reviewed 2026-09-25","四個Dreamer類agent、20個既有控制任務，比較不同世界模型內部與時間位置的視覺擾動；不是新建20個任務。 本列是原文明示範圍整理，未經本計畫逐題重跑。"
"Assembly101","P015","data","4321","exact","影片","video","whole_resource","2026-10-02原始摘要／官方概述快照","https://arxiv.org/abs/2203.14712","Abstract／官方會議頁摘要",""
"Assembly101","P015","task","3","exact","辨識／預測／時間分割端點","evaluation_endpoint","whole_resource","2026-10-02原始摘要／官方概述快照","https://arxiv.org/abs/2203.14712","Abstract／官方會議頁摘要","另提出錯誤偵測；101指玩具車款，並非101種任務。"
"AssemblyGrid","P211","task","3","exact","workload families","native_task_category","whole_resource","原始arXiv版本／2026-09-25摘要查核；P211","https://arxiv.org/abs/2609.16075","Complete primary arXiv abstract reviewed 2026-09-25","生產流程、短期多robot合作、局部資訊和幾何可行性，三工作負載家族各三情境層；屬任務級抽象，不預設連續接觸物理。 本列是原文明示範圍整理，未經本計畫逐題重跑。"
"AssemblyGrid","P211","detail","3","exact","scenario levels PER family","capability_category","whole_resource","原始arXiv版本／2026-09-25摘要查核；P211","https://arxiv.org/abs/2609.16075","Complete primary arXiv abstract reviewed 2026-09-25","生產流程、短期多robot合作、局部資訊和幾何可行性，三工作負載家族各三情境層；屬任務級抽象，不預設連續接觸物理。 本列是原文明示範圍整理，未經本計畫逐題重跑。"
"AutoBio","P176","task","16","exact","tasks","native_task","whole_resource","引用連結版本／2026-09-22 擷取快照","https://arxiv.org/abs/2505.14030","Benchmark; tasks and difficulty",""
"AutoBio","P176","task","9","exact","evaluated tasks","native_task","evaluated_subset","引用連結版本／2026-09-22 擷取快照","https://arxiv.org/abs/2505.14030","Experiments; 3 tasks per difficulty level",""
"AutoBio","P176","detail","3","exact","design difficulty levels","capability_category","whole_resource","引用連結版本／2026-09-22 擷取快照","https://arxiv.org/abs/2505.14030","Abstract or the checked task/dataset overview",""
"AutoBio","P176","data","100","exact","demonstrations per evaluated task","demonstration_trajectory","training","引用連結版本／2026-09-22 擷取快照","https://arxiv.org/abs/2505.14030","Experiments; demonstration generation",""
"Bench2Dex","P171","task","26","exact","bimanual tasks","native_task","whole_resource","原始arXiv版本／2026-09-25摘要查核；P171","https://arxiv.org/abs/2609.15726","Complete primary arXiv abstract reviewed 2026-09-25","26項雙手操作跨12種靈巧手，提供共用接觸影像介面；模擬觸覺不等同特定實體感測器。 本列是原文明示範圍整理，未經本計畫逐題重跑。"
"Bench2Dex","P171","detail","12","exact","dexterous hands","robot_profile","whole_resource","原始arXiv版本／2026-09-25摘要查核；P171","https://arxiv.org/abs/2609.15726","Complete primary arXiv abstract reviewed 2026-09-25","26項雙手操作跨12種靈巧手，提供共用接觸影像介面；模擬觸覺不等同特定實體感測器。 本列是原文明示範圍整理，未經本計畫逐題重跑。"
"Bench2Dex","P171","data","1300","approximate","teleoperated demonstrations","demonstration_trajectory","whole_resource","原始arXiv版本／2026-09-25摘要查核；P171","https://arxiv.org/abs/2609.15726","Complete primary arXiv abstract reviewed 2026-09-25","26項雙手操作跨12種靈巧手，提供共用接觸影像介面；模擬觸覺不等同特定實體感測器。 本列是原文明示範圍整理，未經本計畫逐題重跑。"
"Bench2Dex","P171","detail","7","exact","perturbation types","capability_category","whole_resource","原始arXiv版本／2026-09-25摘要查核；P171","https://arxiv.org/abs/2609.15726","Complete primary arXiv abstract reviewed 2026-09-25","26項雙手操作跨12種靈巧手，提供共用接觸影像介面；模擬觸覺不等同特定實體感測器。 本列是原文明示範圍整理，未經本計畫逐題重跑。"
"Breakfast","P006","task","10","exact","烹飪活動","human_activity","whole_resource","2026-10-02原始摘要／官方概述快照","https://openaccess.thecvf.com/content_cvpr_2014/html/Kuehne_The_Language_of_2014_CVPR_paper.html","Abstract／官方會議頁摘要",""
"Breakfast","P006","data","77","more_than","錄影時數","video_hour","whole_resource","2026-10-02原始摘要／官方概述快照","https://openaccess.thecvf.com/content_cvpr_2014/html/Kuehne_The_Language_of_2014_CVPR_paper.html","Abstract／官方會議頁摘要",""
"CapMem","P205","case","1000","exact","multiple-choice QA","evaluation_case","whole_resource","原始arXiv版本／2026-09-25摘要查核；P205","https://arxiv.org/abs/2609.17688","Complete primary arXiv abstract reviewed 2026-09-25","75影片、33.7小時與1,000題，檢查文字caption記憶；比較時須對齊影格預算和實際影片涵蓋量。 本列是原文明示範圍整理，未經本計畫逐題重跑。"
"CapMem","P205","domain","16","exact","native scenarios","native_domain_category","whole_resource","原始arXiv版本／2026-09-25摘要查核；P205","https://arxiv.org/abs/2609.17688","Complete primary arXiv abstract reviewed 2026-09-25","75影片、33.7小時與1,000題，檢查文字caption記憶；比較時須對齊影格預算和實際影片涵蓋量。 本列是原文明示範圍整理，未經本計畫逐題重跑。"
"CapMem","P205","data","75","exact","videos","video","whole_resource","原始arXiv版本／2026-09-25摘要查核；P205","https://arxiv.org/abs/2609.17688","Complete primary arXiv abstract reviewed 2026-09-25","75影片、33.7小時與1,000題，檢查文字caption記憶；比較時須對齊影格預算和實際影片涵蓋量。 本列是原文明示範圍整理，未經本計畫逐題重跑。"
"CapMem","P205","data","33.7","exact","video hours","video_hour","whole_resource","原始arXiv版本／2026-09-25摘要查核；P205","https://arxiv.org/abs/2609.17688","Complete primary arXiv abstract reviewed 2026-09-25","75影片、33.7小時與1,000題，檢查文字caption記憶；比較時須對齊影格預算和實際影片涵蓋量。 本列是原文明示範圍整理，未經本計畫逐題重跑。"
"Charades-Ego","P007","data","68536","exact","活動標註實例","annotation","whole_resource","2026-10-02原始摘要／官方概述快照","https://arxiv.org/abs/1804.09626","Abstract／官方會議頁摘要","Charades-Ego自身數量；不再加上其父Charades資料。"
"Charades-Ego","P007","data","68.8","exact","第一／第三視角錄影時數","video_hour","whole_resource","2026-10-02原始摘要／官方概述快照","https://arxiv.org/abs/1804.09626","Abstract／官方會議頁摘要",""
"COIN（interactive）","P214","task","50","exact","COIN-50 interactive tasks","native_task","whole_resource","原始arXiv版本／2026-09-25摘要查核；P214","https://arxiv.org/abs/2604.16886","Complete primary arXiv abstract reviewed 2026-09-25","50個因果互動任務，另列primitive和composition集合；與教學影片COIN資料集是同名不同作。 本列是原文明示範圍整理，未經本計畫逐題重跑。"
"COIN（interactive）","P214","data","1000","exact","primitive demonstrations","demonstration_trajectory","training","原始arXiv版本／2026-09-25摘要查核；P214","https://arxiv.org/abs/2604.16886","Complete primary arXiv abstract reviewed 2026-09-25","50個因果互動任務，另列primitive和composition集合；與教學影片COIN資料集是同名不同作。 本列是原文明示範圍整理，未經本計畫逐題重跑。"
"COIN（interactive）","P214","data","50","exact","demonstrations PER primitive task","demonstration_trajectory","training","原始arXiv版本／2026-09-25摘要查核；P214","https://arxiv.org/abs/2604.16886","Complete primary arXiv abstract reviewed 2026-09-25","50個因果互動任務，另列primitive和composition集合；與教學影片COIN資料集是同名不同作。 本列是原文明示範圍整理，未經本計畫逐題重跑。"
"Deform360","P196","detail","198","exact","objects","asset","whole_resource","原始arXiv版本／2026-09-25摘要查核；P196","https://arxiv.org/abs/2607.05390","Complete primary arXiv abstract reviewed 2026-09-25","198物件、1,980互動序列、41相機及雙手觸覺觀測，用於2D／3D動態模型比較；資料時數不直接當控制題數。 本列是原文明示範圍整理，未經本計畫逐題重跑。"
"Deform360","P196","case","1980","exact","interaction sequences","episode","whole_resource","原始arXiv版本／2026-09-25摘要查核；P196","https://arxiv.org/abs/2607.05390","Complete primary arXiv abstract reviewed 2026-09-25","198物件、1,980互動序列、41相機及雙手觸覺觀測，用於2D／3D動態模型比較；資料時數不直接當控制題數。 本列是原文明示範圍整理，未經本計畫逐題重跑。"
"Deform360","P196","data","215","at_least","observation hours","video_hour","whole_resource","原始arXiv版本／2026-09-25摘要查核；P196","https://arxiv.org/abs/2607.05390","Complete primary arXiv abstract reviewed 2026-09-25","198物件、1,980互動序列、41相機及雙手觸覺觀測，用於2D／3D動態模型比較；資料時數不直接當控制題數。 本列是原文明示範圍整理，未經本計畫逐題重跑。"
"Deform360","P196","detail","41","exact","surround-view cameras","camera_view","whole_resource","原始arXiv版本／2026-09-25摘要查核；P196","https://arxiv.org/abs/2607.05390","Complete primary arXiv abstract reviewed 2026-09-25","198物件、1,980互動序列、41相機及雙手觸覺觀測，用於2D／3D動態模型比較；資料時數不直接當控制題數。 本列是原文明示範圍整理，未經本計畫逐題重跑。"
"DexGarmentLab","P167","task","15","exact","task scenarios","native_task","whole_resource","引用連結版本／2026-09-22 擷取快照","https://arxiv.org/abs/2505.11032","Abstract or the checked task/dataset overview",""
"DexGarmentLab","P167","detail","15","exact","pinned heterogeneous source records","source_record","available_source_snapshot","引用連結版本／2026-09-22 擷取快照","https://github.com/wayrise/DexGarmentLab/tree/e4e298e696bae5d866ded3b31e0ae27becea5376","source inventory key dexgarment","Not automatically a task count; includes source-specific schemas, registrations, entrypoints or configurations."
"DYAD","P208","data","20","exact","recording sessions","recording_session","whole_resource","原始arXiv版本／2026-09-25摘要查核；P208","https://arxiv.org/abs/2609.09023","Complete primary arXiv abstract reviewed 2026-09-25","20個齒輪箱裝配合作session，連結請求、介入、動作階段與結果；人類協助資料不等於已控制機器人完成合作。 本列是原文明示範圍整理，未經本計畫逐題重跑。"
"DYAD","P208","task","3","exact","reference evaluation tasks","native_task_schema","whole_resource","原始arXiv版本／2026-09-25摘要查核；P208","https://arxiv.org/abs/2609.09023","Complete primary arXiv abstract reviewed 2026-09-25","20個齒輪箱裝配合作session，連結請求、介入、動作階段與結果；人類協助資料不等於已控制機器人完成合作。 本列是原文明示範圍整理，未經本計畫逐題重跑。"
"DYAD","P208","data","851","exact","assistance records","annotation","whole_resource","原始arXiv版本／2026-09-25摘要查核；P208","https://arxiv.org/abs/2609.09023","Complete primary arXiv abstract reviewed 2026-09-25","20個齒輪箱裝配合作session，連結請求、介入、動作階段與結果；人類協助資料不等於已控制機器人完成合作。 本列是原文明示範圍整理，未經本計畫逐題重跑。"
"DYAD","P208","case","829","exact","eligible mode events","evaluation_case","evaluated_subset","原始arXiv版本／2026-09-25摘要查核；P208","https://arxiv.org/abs/2609.09023","Complete primary arXiv abstract reviewed 2026-09-25","20個齒輪箱裝配合作session，連結請求、介入、動作階段與結果；人類協助資料不等於已控制機器人完成合作。 本列是原文明示範圍整理，未經本計畫逐題重跑。"
"EgoCoT-Bench","P207","case","3172","exact","verifiable QA","evaluation_case","whole_resource","原始arXiv版本／2026-09-25摘要查核；P207","https://arxiv.org/abs/2605.19559","Complete primary arXiv abstract reviewed 2026-09-25","351影片及3,172個可核對QA，檢查答案與時空證據一致性；對應我們的可公開理由／證據，不要求模型私有思考。 本列是原文明示範圍整理，未經本計畫逐題重跑。"
"EgoCoT-Bench","P207","data","351","exact","videos","video","whole_resource","原始arXiv版本／2026-09-25摘要查核；P207","https://arxiv.org/abs/2605.19559","Complete primary arXiv abstract reviewed 2026-09-25","351影片及3,172個可核對QA，檢查答案與時空證據一致性；對應我們的可公開理由／證據，不要求模型私有思考。 本列是原文明示範圍整理，未經本計畫逐題重跑。"
"EgoCoT-Bench","P207","task","4","exact","task groups","native_task_category","whole_resource","原始arXiv版本／2026-09-25摘要查核；P207","https://arxiv.org/abs/2605.19559","Complete primary arXiv abstract reviewed 2026-09-25","351影片及3,172個可核對QA，檢查答案與時空證據一致性；對應我們的可公開理由／證據，不要求模型私有思考。 本列是原文明示範圍整理，未經本計畫逐題重跑。"
"EgoCoT-Bench","P207","task","12","exact","subtask groups","native_task_schema","whole_resource","原始arXiv版本／2026-09-25摘要查核；P207","https://arxiv.org/abs/2605.19559","Complete primary arXiv abstract reviewed 2026-09-25","351影片及3,172個可核對QA，檢查答案與時空證據一致性；對應我們的可公開理由／證據，不要求模型私有思考。 本列是原文明示範圍整理，未經本計畫逐題重跑。"
"EgoLife","P033","case","3000","exact","full EgoLifeQA questions","evaluation_case","whole_resource","引用連結版本／2026-09-22 擷取快照","https://arxiv.org/abs/2503.03803","Dataset table and Figure 6",""
"EgoLife","P033","case","500","exact","Jake subset questions","evaluation_case","evaluated_subset","引用連結版本／2026-09-22 擷取快照","https://arxiv.org/abs/2503.03803","Experimental evaluation","Subset of 3,000, not an additional independent corpus."
"EgoLife","P033","data","300","exact","video hours","video_hour","whole_resource","引用連結版本／2026-09-22 擷取快照","https://arxiv.org/abs/2503.03803","Abstract or the checked task/dataset overview",""
"EgoMonth","P202","case","1443","exact","multiple-choice QA","evaluation_case","whole_resource","原始arXiv版本／2026-09-25摘要查核；P202","https://arxiv.org/abs/2608.13113","Complete primary arXiv abstract reviewed 2026-09-25","20位參與者跨20–120天，300多小時與1,443題；14種認知題型不是14種可執行物理工作。 本列是原文明示範圍整理，未經本計畫逐題重跑。"
"EgoMonth","P202","task","14","exact","cognitive task schemas","native_task_schema","whole_resource","原始arXiv版本／2026-09-25摘要查核；P202","https://arxiv.org/abs/2608.13113","Complete primary arXiv abstract reviewed 2026-09-25","20位參與者跨20–120天，300多小時與1,443題；14種認知題型不是14種可執行物理工作。 本列是原文明示範圍整理，未經本計畫逐題重跑。"
"EgoMonth","P202","data","300","at_least","recording hours","video_hour","whole_resource","原始arXiv版本／2026-09-25摘要查核；P202","https://arxiv.org/abs/2608.13113","Complete primary arXiv abstract reviewed 2026-09-25","20位參與者跨20–120天，300多小時與1,443題；14種認知題型不是14種可執行物理工作。 本列是原文明示範圍整理，未經本計畫逐題重跑。"
"EgoMonth","P202","detail","20","exact","participants","participant","whole_resource","原始arXiv版本／2026-09-25摘要查核；P202","https://arxiv.org/abs/2608.13113","Complete primary arXiv abstract reviewed 2026-09-25","20位參與者跨20–120天，300多小時與1,443題；14種認知題型不是14種可執行物理工作。 本列是原文明示範圍整理，未經本計畫逐題重跑。"
"EgoSAT","P201","case","4800","approximate","QA pairs","evaluation_case","whole_resource","原始arXiv版本／2026-09-25摘要查核；P201","https://arxiv.org/abs/2606.24422","Complete primary arXiv abstract reviewed 2026-09-25","以串流方式整合過去、現在與未來QA，約4,800題／1,997影片；只允許已觀測前綴並區分可回答性。 本列是原文明示範圍整理，未經本計畫逐題重跑。"
"EgoSAT","P201","data","1997","exact","unique videos","video","whole_resource","原始arXiv版本／2026-09-25摘要查核；P201","https://arxiv.org/abs/2606.24422","Complete primary arXiv abstract reviewed 2026-09-25","以串流方式整合過去、現在與未來QA，約4,800題／1,997影片；只允許已觀測前綴並區分可回答性。 本列是原文明示範圍整理，未經本計畫逐題重跑。"
"EgoSAT","P201","data","165","exact","video hours","video_hour","whole_resource","原始arXiv版本／2026-09-25摘要查核；P201","https://arxiv.org/abs/2606.24422","Complete primary arXiv abstract reviewed 2026-09-25","以串流方式整合過去、現在與未來QA，約4,800題／1,997影片；只允許已觀測前綴並區分可回答性。 本列是原文明示範圍整理，未經本計畫逐題重跑。"
"EgoSim / MultiEgoView","P197","data","119","exact","synthetic video hours","video_hour","whole_resource","原始arXiv版本／2026-09-25摘要查核；P197","https://arxiv.org/abs/2502.18373","Complete primary arXiv abstract reviewed 2026-09-25","六個身體佩戴位置的相機，119小時合成與5小時真實資料；人體／相機合成影片不能標成真人原始錄製。 本列是原文明示範圍整理，未經本計畫逐題重跑。"
"EgoSim / MultiEgoView","P197","data","5","exact","real video hours","video_hour","whole_resource","原始arXiv版本／2026-09-25摘要查核；P197","https://arxiv.org/abs/2502.18373","Complete primary arXiv abstract reviewed 2026-09-25","六個身體佩戴位置的相機，119小時合成與5小時真實資料；人體／相機合成影片不能標成真人原始錄製。 本列是原文明示範圍整理，未經本計畫逐題重跑。"
"EgoSim / MultiEgoView","P197","detail","6","exact","body-worn camera views","camera_view","whole_resource","原始arXiv版本／2026-09-25摘要查核；P197","https://arxiv.org/abs/2502.18373","Complete primary arXiv abstract reviewed 2026-09-25","六個身體佩戴位置的相機，119小時合成與5小時真實資料；人體／相機合成影片不能標成真人原始錄製。 本列是原文明示範圍整理，未經本計畫逐題重跑。"
"EgoSim / MultiEgoView","P197","environment","4","exact","virtual environments","native_scene","whole_resource","原始arXiv版本／2026-09-25摘要查核；P197","https://arxiv.org/abs/2502.18373","Complete primary arXiv abstract reviewed 2026-09-25","六個身體佩戴位置的相機，119小時合成與5小時真實資料；人體／相機合成影片不能標成真人原始錄製。 本列是原文明示範圍整理，未經本計畫逐題重跑。"
"EgoSim / MultiEgoView","P197","detail","13","exact","real participants","participant","whole_resource","原始arXiv版本／2026-09-25摘要查核；P197","https://arxiv.org/abs/2502.18373","Complete primary arXiv abstract reviewed 2026-09-25","六個身體佩戴位置的相機，119小時合成與5小時真實資料；人體／相機合成影片不能標成真人原始錄製。 本列是原文明示範圍整理，未經本計畫逐題重跑。"
"EGOSTREAM","P203","case","2250","exact","curated questions","evaluation_case","whole_resource","原始arXiv版本／2026-09-25摘要查核；P203","https://arxiv.org/abs/2605.31557","Complete primary arXiv abstract reviewed 2026-09-25","2,250問題展成8,528個不同召回時間評測；答案有效時間窗把模型遺忘與世界本身變化分開。 本列是原文明示範圍整理，未經本計畫逐題重跑。"
"EGOSTREAM","P203","case","8528","exact","recall-conditioned evaluations","evaluation_case","whole_resource","原始arXiv版本／2026-09-25摘要查核；P203","https://arxiv.org/abs/2605.31557","Complete primary arXiv abstract reviewed 2026-09-25","2,250問題展成8,528個不同召回時間評測；答案有效時間窗把模型遺忘與世界本身變化分開。 本列是原文明示範圍整理，未經本計畫逐題重跑。"
"EGOSTREAM","P203","detail","7","exact","cognitive dimensions","capability_category","whole_resource","原始arXiv版本／2026-09-25摘要查核；P203","https://arxiv.org/abs/2605.31557","Complete primary arXiv abstract reviewed 2026-09-25","2,250問題展成8,528個不同召回時間評測；答案有效時間窗把模型遺忘與世界本身變化分開。 本列是原文明示範圍整理，未經本計畫逐題重跑。"
"EgoTaskQA","P032","case","40000","exact","balanced QA","evaluation_case","whole_resource","引用連結版本／2026-09-22 擷取快照","https://arxiv.org/html/2210.03929v1","Section 3",""
"EgoTaskQA","P032","data","368000","exact","candidate QA before balancing","evaluation_case","whole_resource","引用連結版本／2026-09-22 擷取快照","https://arxiv.org/html/2210.03929v1","Section 3","Not an additional disjoint test set."
"EgoTaskQA","P032","data","2000","exact","egocentric videos","video","whole_resource","引用連結版本／2026-09-22 擷取快照","https://arxiv.org/html/2210.03929v1","Section 3",""
"Embodied Agent Interface","P101","task","100","exact","BEHAVIOR task names","native_task","whole_resource","引用連結版本／2026-09-22 擷取快照","https://arxiv.org/html/2410.07166v2","Dataset statistics table",""
"Embodied Agent Interface","P101","task","26","exact","VirtualHome task names","native_task","whole_resource","引用連結版本／2026-09-22 擷取快照","https://arxiv.org/html/2410.07166v2","Dataset statistics table",""
"Embodied Agent Interface","P101","case","338","exact","VirtualHome instructions/trajectories","episode","whole_resource","引用連結版本／2026-09-22 擷取快照","https://arxiv.org/html/2410.07166v2","Dataset statistics table",""
"Embodied Agent Interface","P101","case","100","exact","BEHAVIOR instructions/trajectories","episode","whole_resource","引用連結版本／2026-09-22 擷取快照","https://arxiv.org/html/2410.07166v2","Dataset statistics table",""
"Embodied Agent Interface","P101","detail","3","exact","pinned heterogeneous source records","source_record","available_source_snapshot","引用連結版本／2026-09-22 擷取快照","https://github.com/embodied-agent-interface/embodied-agent-interface/tree/531c62f8df2cb392bdf1907923c76da41cad4fe6","source inventory key eai","Not automatically a task count; includes source-specific schemas, registrations, entrypoints or configurations."
"EmbodiedMemory-Bench","P206","case","2554","exact","interactive episodes","episode","whole_resource","原始arXiv版本／2026-09-25摘要查核；P206","https://arxiv.org/abs/2609.28236","Complete primary arXiv abstract reviewed 2026-09-25","2,554互動episodes、四記憶家族，先互動建立記憶再用行動完成後續任務；摘要不足以推定連續機器人控制保真度。 本列是原文明示範圍整理，未經本計畫逐題重跑。"
"EmbodiedMemory-Bench","P206","task","4","exact","memory task families","native_task_category","whole_resource","原始arXiv版本／2026-09-25摘要查核；P206","https://arxiv.org/abs/2609.28236","Complete primary arXiv abstract reviewed 2026-09-25","2,554互動episodes、四記憶家族，先互動建立記憶再用行動完成後續任務；摘要不足以推定連續機器人控制保真度。 本列是原文明示範圍整理，未經本計畫逐題重跑。"
"H2R-Bench","P151","task","6","exact","影片生成操作家族","native_task_category","whole_resource","2026-10-02原始摘要／官方概述快照","https://arxiv.org/abs/2608.13049","Abstract／官方會議頁摘要","影片生成評測的家族；不等於6個已驗證robot控制工作。"
"H2RBench（human transfer）","P177","task","4","exact","manipulation tasks","native_task","whole_resource","原始arXiv版本／2026-09-25摘要查核；P177","https://arxiv.org/abs/2609.24778","Complete primary arXiv abstract reviewed 2026-09-25","四項Real2Sim人類到機器人轉移任務，控制人類示範量与robot監督；與世界模型文獻H2R-Bench為不同工作。 本列是原文明示範圍整理，未經本計畫逐題重跑。"
"HOI4D","P017","environment","610","exact","資料收集的室內房間","recording_room","whole_resource","2026-10-02原始摘要／官方概述快照","https://arxiv.org/abs/2203.01577","Abstract／官方會議頁摘要","人類觀察資料的錄製房間；未當作可交互robot場景。"
"HOI4D","P017","data","4000","exact","RGB-D序列","video_sequence","whole_resource","2026-10-02原始摘要／官方概述快照","https://arxiv.org/abs/2203.01577","Abstract／官方會議頁摘要",""
"HOI4D","P017","data","2400000","exact","RGB-D影格","frame","whole_resource","2026-10-02原始摘要／官方概述快照","https://arxiv.org/abs/2203.01577","Abstract／官方會議頁摘要",""
"HOI4D","P017","task","3","exact","4D HOI評測端點","evaluation_endpoint","whole_resource","2026-10-02原始摘要／官方概述快照","https://arxiv.org/abs/2203.01577","Abstract／官方會議頁摘要",""
"HoloAssist","P141","data","166","exact","多模態錄製時數","video_hour","whole_resource","2026-10-02原始摘要／官方概述快照","https://arxiv.org/abs/2309.17024","Abstract／官方會議頁摘要",""
"HoloAssist","P141","task","3","exact","錯誤／介入預測／手部預測端點","evaluation_endpoint","whole_resource","2026-10-02原始摘要／官方概述快照","https://arxiv.org/abs/2309.17024","Abstract／官方會議頁摘要",""
"HOT3D","P018","data","833","more_than","錄影分鐘","video_minute","whole_resource","2026-10-02原始摘要／官方概述快照","https://arxiv.org/abs/2411.19167","Abstract／官方會議頁摘要",""
"HOT3D","P018","data","3700000","at_least","多視角影像","image","whole_resource","2026-10-02原始摘要／官方概述快照","https://arxiv.org/abs/2411.19167","Abstract／官方會議頁摘要",""
"HOT3D","P018","task","3","exact","3D手／物件評測端點","evaluation_endpoint","whole_resource","2026-10-02原始摘要／官方概述快照","https://arxiv.org/abs/2411.19167","Abstract／官方會議頁摘要",""
"HUI360","P209","data","1000000","exact","HUI360 annotations","annotation","whole_resource","原始arXiv版本／2026-09-25摘要查核；P209","https://arxiv.org/abs/2608.11051","Complete primary arXiv abstract reviewed 2026-09-25","原作的原始影像為研究用途依申請提供；1M與6M分屬不同來源。robot-egocentric不可改標人類頭戴影片。"
"HUI360","P209","data","6000000","exact","SSUP-HRI derived annotations","annotation","whole_resource","原始arXiv版本／2026-09-25摘要查核；P209","https://arxiv.org/abs/2608.11051","Complete primary arXiv abstract reviewed 2026-09-25","原作的原始影像為研究用途依申請提供；1M與6M分屬不同來源。robot-egocentric不可改標人類頭戴影片。"
"IKEA ASM","P016","data","3000000","exact","多視角影格","frame","whole_resource","2026-10-02原始摘要／官方概述快照","https://arxiv.org/abs/2007.00394","Abstract／官方會議頁摘要",""
"LabDex","P173","detail","3","exact","hierarchical task levels","capability_category","whole_resource","原始arXiv版本／2026-09-25摘要查核；P173","https://arxiv.org/abs/2608.18618","Complete primary arXiv abstract reviewed 2026-09-25","把實驗室靈巧操作分為原子技能、組合技能、完整實驗；真實與模擬共用框架，摘要沒有可歸一的總題數。 本列是原文明示範圍整理，未經本計畫逐題重跑。"
"Labimus","P174","task","6","exact","atomic operations","native_task","whole_resource","原始arXiv版本／2026-09-25摘要查核；P174","https://arxiv.org/abs/2606.31037","Complete primary arXiv abstract reviewed 2026-09-25","人形靈巧實驗室操作，六項原子操作及七步秤重流程；顆粒、儀器讀值與量測誤差不能只用終態成功替代。 本列是原文明示範圍整理，未經本計畫逐題重跑。"
"Labimus","P174","detail","7","exact","steps in the solid-weighing workflow","workflow_step","whole_resource","原始arXiv版本／2026-09-25摘要查核；P174","https://arxiv.org/abs/2606.31037","Complete primary arXiv abstract reviewed 2026-09-25","人形靈巧實驗室操作，六項原子操作及七步秤重流程；顆粒、儀器讀值與量測誤差不能只用終態成功替代。 本列是原文明示範圍整理，未經本計畫逐題重跑。"
"Labimus","P174","detail","30","at_least","functional laboratory assets","asset","whole_resource","原始arXiv版本／2026-09-25摘要查核；P174","https://arxiv.org/abs/2606.31037","Complete primary arXiv abstract reviewed 2026-09-25","人形靈巧實驗室操作，六項原子操作及七步秤重流程；顆粒、儀器讀值與量測誤差不能只用終態成功替代。 本列是原文明示範圍整理，未經本計畫逐題重跑。"
"LabUtopia","P172","task","30","exact","tasks","native_task","whole_resource","原始arXiv版本／2026-09-25摘要查核；P172","https://arxiv.org/abs/2505.22634","Complete primary arXiv abstract reviewed 2026-09-25","30項科學實驗室任務，含五層複雜度與200多項場景／儀器資產；化學或多物理主張要再核對具體實作。 本列是原文明示範圍整理，未經本計畫逐題重跑。"
"LabUtopia","P172","detail","5","exact","complexity levels","capability_category","whole_resource","原始arXiv版本／2026-09-25摘要查核；P172","https://arxiv.org/abs/2505.22634","Complete primary arXiv abstract reviewed 2026-09-25","30項科學實驗室任務，含五層複雜度與200多項場景／儀器資產；化學或多物理主張要再核對具體實作。 本列是原文明示範圍整理，未經本計畫逐題重跑。"
"LabUtopia","P172","detail","200","at_least","scene AND instrument assets","asset","whole_resource","原始arXiv版本／2026-09-25摘要查核；P172","https://arxiv.org/abs/2505.22634","Complete primary arXiv abstract reviewed 2026-09-25","30項科學實驗室任務，含五層複雜度與200多項場景／儀器資產；化學或多物理主張要再核對具體實作。 本列是原文明示範圍整理，未經本計畫逐題重跑。"
"LIBERO-Recover","P165","case","1000","at_least","failure scenarios","task_instance","whole_resource","引用連結版本／2026-09-22 擷取快照","https://arxiv.org/abs/2609.05178v2","Abstract or the checked task/dataset overview",""
"LIBERO-Recover","P165","detail","4","exact","recovery levels","capability_category","whole_resource","引用連結版本／2026-09-22 擷取快照","https://arxiv.org/abs/2609.05178v2","Abstract or the checked task/dataset overview",""
"ManiSkill3","P068","detail","12","exact","domains","capability_category","whole_resource","引用連結版本／2026-09-22 擷取快照","https://arxiv.org/abs/2410.00425","Abstract or the checked task/dataset overview","Not 12 application/deployment domains."
"ManiSkill3","P068","detail","65","exact","pinned heterogeneous source records","source_record","available_source_snapshot","引用連結版本／2026-09-22 擷取快照","https://github.com/mani-skill/ManiSkill/tree/62ff3a5896b4d5b4cf0ac4c8d79afe600c9404a3","source inventory key maniskill","Not automatically a task count; includes source-specific schemas, registrations, entrypoints or configurations."
"MoDeSuite","P093","task","8","exact","mobile manipulation tasks","native_task","whole_resource","引用連結版本／2026-09-22 擷取快照","https://arxiv.org/abs/2507.21796","Abstract or the checked task/dataset overview",""
"MotionForge","P170","task","40","exact","dynamic tasks","native_task","whole_resource","原始arXiv版本／2026-09-25摘要查核；P170","https://arxiv.org/abs/2609.25689","Complete primary arXiv abstract reviewed 2026-09-25","40個動態互動任務，含17個長流程任務；環境隨推論時間持續演化，提示我們須量測延遲而非暫停世界等答案。 本列是原文明示範圍整理，未經本計畫逐題重跑。"
"MotionForge","P170","task","17","exact","long-horizon tasks","native_task","evaluated_subset","原始arXiv版本／2026-09-25摘要查核；P170","https://arxiv.org/abs/2609.25689","Complete primary arXiv abstract reviewed 2026-09-25","40個動態互動任務，含17個長流程任務；環境隨推論時間持續演化，提示我們須量測延遲而非暫停世界等答案。 本列是原文明示範圍整理，未經本計畫逐題重跑。"
"MotionForge","P170","detail","11","exact","motion patterns","capability_category","whole_resource","原始arXiv版本／2026-09-25摘要查核；P170","https://arxiv.org/abs/2609.25689","Complete primary arXiv abstract reviewed 2026-09-25","40個動態互動任務，含17個長流程任務；環境隨推論時間持續演化，提示我們須量測延遲而非暫停世界等答案。 本列是原文明示範圍整理，未經本計畫逐題重跑。"
"OpenEgo","P199","task","290","exact","human manipulation tasks","native_activity","whole_resource","原始arXiv版本／2026-09-25摘要查核；P199","https://arxiv.org/abs/2509.05513","Complete primary arXiv abstract reviewed 2026-09-25","整合六個既有來源，報告1,107小時與290種人類操作活動；其來源相依、姿態及語言標準化需保留，不能重複累加原集。 本列是原文明示範圍整理，未經本計畫逐題重跑。"
"OpenEgo","P199","environment","600","at_least","recording environments","native_scene","whole_resource","原始arXiv版本／2026-09-25摘要查核；P199","https://arxiv.org/abs/2509.05513","Complete primary arXiv abstract reviewed 2026-09-25","整合六個既有來源，報告1,107小時與290種人類操作活動；其來源相依、姿態及語言標準化需保留，不能重複累加原集。 本列是原文明示範圍整理，未經本計畫逐題重跑。"
"OpenEgo","P199","data","1107","exact","aggregated recording hours","video_hour","whole_resource","原始arXiv版本／2026-09-25摘要查核；P199","https://arxiv.org/abs/2509.05513","Complete primary arXiv abstract reviewed 2026-09-25","整合六個既有來源，報告1,107小時與290種人類操作活動；其來源相依、姿態及語言標準化需保留，不能重複累加原集。 本列是原文明示範圍整理，未經本計畫逐題重跑。"
"Phys-Liquid","P192","data","97200","exact","simulation images","frame","whole_resource","原始arXiv版本／2026-09-25摘要查核；P192","https://arxiv.org/abs/2511.11077","Complete primary arXiv abstract reviewed 2026-09-25","97,200模擬影像和3D液體mesh用於形狀／體積估計；主要評測是感知，不能據此宣稱完整倒液控制。 本列是原文明示範圍整理，未經本計畫逐題重跑。"
"Pipette","P175","task","12","exact","tasks","native_task","whole_resource","原始arXiv版本／2026-09-25摘要查核；P175","https://arxiv.org/abs/2606.12936","Complete primary arXiv abstract reviewed 2026-09-25","12項wet-lab任務、三種手臂及100多件可編輯資產；示範增強產物與新的任務種類分開計數。 本列是原文明示範圍整理，未經本計畫逐題重跑。"
"Pipette","P175","detail","100","at_least","editable assets","asset","whole_resource","原始arXiv版本／2026-09-25摘要查核；P175","https://arxiv.org/abs/2606.12936","Complete primary arXiv abstract reviewed 2026-09-25","12項wet-lab任務、三種手臂及100多件可編輯資產；示範增強產物與新的任務種類分開計數。 本列是原文明示範圍整理，未經本計畫逐題重跑。"
"Pipette","P175","detail","3","exact","arm embodiments","robot_profile","whole_resource","原始arXiv版本／2026-09-25摘要查核；P175","https://arxiv.org/abs/2606.12936","Complete primary arXiv abstract reviewed 2026-09-25","12項wet-lab任務、三種手臂及100多件可編輯資產；示範增強產物與新的任務種類分開計數。 本列是原文明示範圍整理，未經本計畫逐題重跑。"
"Pipette","P175","data","30","exact","demonstrations PER task","demonstration_trajectory","training","原始arXiv版本／2026-09-25摘要查核；P175","https://arxiv.org/abs/2606.12936","Complete primary arXiv abstract reviewed 2026-09-25","12項wet-lab任務、三種手臂及100多件可編輯資產；示範增強產物與新的任務種類分開計數。 本列是原文明示範圍整理，未經本計畫逐題重跑。"
"REBOOT","P179","task","18","exact","precision assembly tasks","native_task","whole_resource","原始arXiv版本／2026-09-25摘要查核；P179","https://arxiv.org/abs/2609.22591","Complete primary arXiv abstract reviewed 2026-09-25","18項精密装配及2,160份示範，把取件／運送／裝入分成五階段；成敗與專家恢復軌跡均保留，示範不當題型。 本列是原文明示範圍整理，未經本計畫逐題重跑。"
"REBOOT","P179","data","2160","exact","demonstrations","demonstration_trajectory","whole_resource","原始arXiv版本／2026-09-25摘要查核；P179","https://arxiv.org/abs/2609.22591","Complete primary arXiv abstract reviewed 2026-09-25","18項精密装配及2,160份示範，把取件／運送／裝入分成五階段；成敗與專家恢復軌跡均保留，示範不當題型。 本列是原文明示範圍整理，未經本計畫逐題重跑。"
"REBOOT","P179","detail","5","exact","shared phases","capability_category","whole_resource","原始arXiv版本／2026-09-25摘要查核；P179","https://arxiv.org/abs/2609.22591","Complete primary arXiv abstract reviewed 2026-09-25","18項精密装配及2,160份示範，把取件／運送／裝入分成五階段；成敗與專家恢復軌跡均保留，示範不當題型。 本列是原文明示範圍整理，未經本計畫逐題重跑。"
"RGBench","P185","detail","6000","at_least","garment meshes","asset","whole_resource","原始arXiv版本／2026-09-25摘要查核；P185","https://arxiv.org/abs/2511.06434","Complete primary arXiv abstract reviewed 2026-09-25","6,000多衣物mesh與真實衣物動態的模擬品質評測；資產規模與完成操作的任務數是不同軸。 本列是原文明示範圍整理，未經本計畫逐題重跑。"
"RH20T","P129","data","110000","more_than","接觸操作序列","demonstration_trajectory","whole_resource","2026-10-02原始摘要／官方概述快照","https://arxiv.org/abs/2307.00595","Abstract／官方會議頁摘要",""
"RoboDojo","P083","task","42","exact","simulation tasks","native_task","whole_resource","引用連結版本／2026-09-22 擷取快照","https://arxiv.org/abs/2607.04434v3","Abstract or the checked task/dataset overview",""
"RoboDojo","P083","task","18","exact","real tasks","native_task","whole_resource","引用連結版本／2026-09-22 擷取快照","https://arxiv.org/abs/2607.04434v3","Abstract or the checked task/dataset overview","Do not infer 42+18=60 distinct semantic tasks."
"RoboDojo","P083","detail","5","exact","simulation capability dimensions","capability_category","whole_resource","引用連結版本／2026-09-22 擷取快照","https://arxiv.org/abs/2607.04434v3","Abstract or the checked task/dataset overview",""
"RoboDojo","P083","detail","54","exact","pinned heterogeneous source records","source_record","available_source_snapshot","引用連結版本／2026-09-22 擷取快照","https://github.com/RoboDojo-Benchmark/RoboDojo/tree/726e9aabfaa642203722eb126f5eaf0f37f3e1ad","source inventory key robodojo","Not automatically a task count; includes source-specific schemas, registrations, entrypoints or configurations."
"RoboFolDeX","P181","task","20","at_least","tasks in data resource","native_task","whole_resource","原始arXiv版本／2026-09-25摘要查核；P181","https://arxiv.org/abs/2609.10243","Complete primary arXiv abstract reviewed 2026-09-25","以真實衣物摺疊為主，報告2,000多小時、20多項任務與10多種機體；資料全庫與外部提交的實際評測集合分開。 本列是原文明示範圍整理，未經本計畫逐題重跑。"
"RoboFolDeX","P181","data","2000","at_least","real-robot data hours","video_hour","whole_resource","原始arXiv版本／2026-09-25摘要查核；P181","https://arxiv.org/abs/2609.10243","Complete primary arXiv abstract reviewed 2026-09-25","以真實衣物摺疊為主，報告2,000多小時、20多項任務與10多種機體；資料全庫與外部提交的實際評測集合分開。 本列是原文明示範圍整理，未經本計畫逐題重跑。"
"RoboFolDeX","P181","detail","10","at_least","embodiments in data resource","robot_profile","whole_resource","原始arXiv版本／2026-09-25摘要查核；P181","https://arxiv.org/abs/2609.10243","Complete primary arXiv abstract reviewed 2026-09-25","以真實衣物摺疊為主，報告2,000多小時、20多項任務與10多種機體；資料全庫與外部提交的實際評測集合分開。 本列是原文明示範圍整理，未經本計畫逐題重跑。"
"RoboRecover","P178","case","2000","exact","deviation scenarios","task_instance","whole_resource","原始arXiv版本／2026-09-25摘要查核；P178","https://arxiv.org/abs/2609.28952","Complete primary arXiv abstract reviewed 2026-09-25","RoboTwin與LIBERO各1,000個恢復情境，各用800／200切分；動作前綴重播重建偏離狀態，不是2,000種新工作。 本列是原文明示範圍整理，未經本計畫逐題重跑。"
"RoboRecover","P178","case","1000","exact","scenarios PER platform","task_instance","whole_resource","原始arXiv版本／2026-09-25摘要查核；P178","https://arxiv.org/abs/2609.28952","Complete primary arXiv abstract reviewed 2026-09-25","RoboTwin與LIBERO各1,000個恢復情境，各用800／200切分；動作前綴重播重建偏離狀態，不是2,000種新工作。 本列是原文明示範圍整理，未經本計畫逐題重跑。"
"RoboRecover","P178","case","800","exact","train scenarios PER platform","task_instance","training","原始arXiv版本／2026-09-25摘要查核；P178","https://arxiv.org/abs/2609.28952","Complete primary arXiv abstract reviewed 2026-09-25","RoboTwin與LIBERO各1,000個恢復情境，各用800／200切分；動作前綴重播重建偏離狀態，不是2,000種新工作。 本列是原文明示範圍整理，未經本計畫逐題重跑。"
"RoboRecover","P178","case","200","exact","test scenarios PER platform","task_instance","test","原始arXiv版本／2026-09-25摘要查核；P178","https://arxiv.org/abs/2609.28952","Complete primary arXiv abstract reviewed 2026-09-25","RoboTwin與LIBERO各1,000個恢復情境，各用800／200切分；動作前綴重播重建偏離狀態，不是2,000種新工作。 本列是原文明示範圍整理，未經本計畫逐題重跑。"
"RoboReel","P124","task","10","exact","manipulation tasks","native_task","whole_resource","引用連結版本／2026-09-22 擷取快照","https://arxiv.org/abs/2609.08209v2","Abstract or the checked task/dataset overview",""
"RoboReel","P124","detail","4","exact","test suites","capability_category","whole_resource","引用連結版本／2026-09-22 擷取快照","https://arxiv.org/abs/2609.08209v2","Abstract or the checked task/dataset overview",""
"RoboSpatial","P042","data","1000000","exact","影像","image","whole_resource","2026-10-02原始摘要／官方概述快照","https://arxiv.org/abs/2411.16537","Abstract／官方會議頁摘要",""
"RoboSpatial","P042","data","5000","exact","3D掃描","scan","whole_resource","2026-10-02原始摘要／官方概述快照","https://arxiv.org/abs/2411.16537","Abstract／官方會議頁摘要","掃描資料，不是經場景去重的可交互環境數。"
"RoboSpatial","P042","data","3000000","exact","空間關係標註","annotation","whole_resource","2026-10-02原始摘要／官方概述快照","https://arxiv.org/abs/2411.16537","Abstract／官方會議頁摘要",""
"RoboVerse","P082","task","276","exact","task categories","native_task_category","whole_resource","引用連結版本／2026-09-22 擷取快照","https://arxiv.org/html/2504.18904v1","Dataset composition table and dataset section",""
"RoboVerse","P082","data","510500","exact","trajectories","demonstration_trajectory","whole_resource","引用連結版本／2026-09-22 擷取快照","https://arxiv.org/html/2504.18904v1","Dataset composition table",""
"RoboVerse","P082","detail","5500","approximate","assets","asset","whole_resource","引用連結版本／2026-09-22 擷取快照","https://arxiv.org/html/2504.18904v1","Dataset composition table",""
"RoboVerse","P082","detail","2897","exact","pinned heterogeneous source records","source_record","available_source_snapshot","引用連結版本／2026-09-22 擷取快照","https://github.com/RoboVerseOrg/RoboVerse/tree/5f3ec0185d2d3bcb59d53b0bd1f5b0f8a6f2ce14","source inventory key roboverse","Not automatically a task count; includes source-specific schemas, registrations, entrypoints or configurations."
"RoboVQA","P039","environment","3","exact","辦公大樓","recording_building","whole_resource","2026-10-02原始摘要／官方概述快照","https://arxiv.org/abs/2311.00899","Abstract／官方會議頁摘要","原作資料收集範圍；不是3個獨立模擬layout。"
"RoboVQA","P039","data","29520","exact","不同文字指令","language_directive","whole_resource","2026-10-02原始摘要／官方概述快照","https://arxiv.org/abs/2311.00899","Abstract／官方會議頁摘要","文字指令數，不是跨來源去重後的任務數。"
"RoboVQA","P039","data","829502","exact","影片—文字配對","video_text_pair","whole_resource","2026-10-02原始摘要／官方概述快照","https://arxiv.org/abs/2311.00899","Abstract／官方會議頁摘要","資料全集配對數；本轮未取得固定測試split清單。"
"S-EMBER","P204","case","9448","exact","QA pairs","evaluation_case","whole_resource","原始arXiv版本／2026-09-25摘要查核；P204","https://arxiv.org/abs/2607.02689","Complete primary arXiv abstract reviewed 2026-09-25","388小時、3,141個智慧眼鏡影片與9,448個具時間證據QA；因果串流檢索與離線任意看未來不同。 本列是原文明示範圍整理，未經本計畫逐題重跑。"
"S-EMBER","P204","data","3141","exact","videos","video","whole_resource","原始arXiv版本／2026-09-25摘要查核；P204","https://arxiv.org/abs/2607.02689","Complete primary arXiv abstract reviewed 2026-09-25","388小時、3,141個智慧眼鏡影片與9,448個具時間證據QA；因果串流檢索與離線任意看未來不同。 本列是原文明示範圍整理，未經本計畫逐題重跑。"
"S-EMBER","P204","data","388","exact","video hours","video_hour","whole_resource","原始arXiv版本／2026-09-25摘要查核；P204","https://arxiv.org/abs/2607.02689","Complete primary arXiv abstract reviewed 2026-09-25","388小時、3,141個智慧眼鏡影片與9,448個具時間證據QA；因果串流檢索與離線任意看未來不同。 本列是原文明示範圍整理，未經本計畫逐題重跑。"
"SABER","P200","task","10","exact","evaluated retail tasks","native_task","evaluated_subset","原始arXiv版本／2026-09-25摘要查核；P200","https://arxiv.org/abs/2605.09613","Complete primary arXiv abstract reviewed 2026-09-25","商店頭戴與外部360影片形成三種動作表示，共44.8K訓練樣本；同一錄製的不同表示不是獨立人類經驗。 本列是原文明示範圍整理，未經本計畫逐題重跑。"
"SABER","P200","data","100","at_least","natural recording hours","video_hour","whole_resource","原始arXiv版本／2026-09-25摘要查核；P200","https://arxiv.org/abs/2605.09613","Complete primary arXiv abstract reviewed 2026-09-25","商店頭戴與外部360影片形成三種動作表示，共44.8K訓練樣本；同一錄製的不同表示不是獨立人類經驗。 本列是原文明示範圍整理，未經本計畫逐題重跑。"
"SABER","P200","data","44800","exact","multi-stream training samples","training_sample","training","原始arXiv版本／2026-09-25摘要查核；P200","https://arxiv.org/abs/2605.09613","Complete primary arXiv abstract reviewed 2026-09-25","商店頭戴與外部360影片形成三種動作表示，共44.8K訓練樣本；同一錄製的不同表示不是獨立人類經驗。 本列是原文明示範圍整理，未經本計畫逐題重跑。"
"SafeManip","P180","task","50","exact","inherited evaluated tasks","native_task","evaluated_subset","原始arXiv版本／2026-09-25摘要查核；P180","https://arxiv.org/abs/2605.12386","Complete primary arXiv abstract reviewed 2026-09-25","在50項RoboCasa365任務上用八類LTLf性質檢查完整過程；這是可重用評測層，不新增50個獨立任務。 本列是原文明示範圍整理，未經本計畫逐題重跑。"
"SafeManip","P180","detail","8","exact","temporal property categories","capability_category","whole_resource","原始arXiv版本／2026-09-25摘要查核；P180","https://arxiv.org/abs/2605.12386","Complete primary arXiv abstract reviewed 2026-09-25","在50項RoboCasa365任務上用八類LTLf性質檢查完整過程；這是可重用評測層，不新增50個獨立任務。 本列是原文明示範圍整理，未經本計畫逐題重跑。"
"SafeManip","P180","detail","6","exact","evaluated policies","model_entry","evaluated_subset","原始arXiv版本／2026-09-25摘要查核；P180","https://arxiv.org/abs/2605.12386","Complete primary arXiv abstract reviewed 2026-09-25","在50項RoboCasa365任務上用八類LTLf性質檢查完整過程；這是可重用評測層，不新增50個獨立任務。 本列是原文明示範圍整理，未經本計畫逐題重跑。"
"SafeVLA-Bench","P166","detail","9","exact","policy–benchmark entries","model_entry","evaluated_subset","引用連結版本／2026-09-22 擷取快照","https://arxiv.org/abs/2606.00773v1","Abstract or the checked task/dataset overview","Methods evaluated on benchmark settings; not nine task kinds."
"SoftGym","P085","detail","12","exact","pinned heterogeneous source records","source_record","available_source_snapshot","引用連結版本／2026-09-22 擷取快照","https://github.com/Xingyu-Lin/softgym/tree/bb383f64cd488062587714abbae38f27ed9f2457","source inventory key softgym","Not automatically a task count; includes source-specific schemas, registrations, entrypoints or configurations."
"SoftVTBench","P182","data","4000","exact","expert demonstrations","demonstration_trajectory","whole_resource","原始arXiv版本／2026-09-25摘要查核；P182","https://arxiv.org/abs/2608.18701","Complete primary arXiv abstract reviewed 2026-09-25","4,000專家示範、50多件柔性與剛性對照資產，分開公開觸覺和evaluator-only FEM狀態；以形變限制後的成功評測。 本列是原文明示範圍整理，未經本計畫逐題重跑。"
"SoftVTBench","P182","detail","50","at_least","assets including rigid twins","asset","whole_resource","原始arXiv版本／2026-09-25摘要查核；P182","https://arxiv.org/abs/2608.18701","Complete primary arXiv abstract reviewed 2026-09-25","4,000專家示範、50多件柔性與剛性對照資產，分開公開觸覺和evaluator-only FEM狀態；以形變限制後的成功評測。 本列是原文明示範圍整理，未經本計畫逐題重跑。"
"SoftVTBench","P182","detail","12","exact","in-distribution evaluated configurations","model_entry","evaluated_subset","原始arXiv版本／2026-09-25摘要查核；P182","https://arxiv.org/abs/2608.18701","Complete primary arXiv abstract reviewed 2026-09-25","4,000專家示範、50多件柔性與剛性對照資產，分開公開觸覺和evaluator-only FEM狀態；以形變限制後的成功評測。 本列是原文明示範圍整理，未經本計畫逐題重跑。"
"TACO","P198","case","2500","approximate","motion sequences","episode","whole_resource","原始arXiv版本／2026-09-25摘要查核；P198","https://arxiv.org/abs/2401.08399","Complete primary arXiv abstract reviewed 2026-09-25","約2,500雙手工具—動作—物件序列，含ego/exo與3D標註；識別、動作預測及合作抓取生成不等於機器人完成率。 本列是原文明示範圍整理，未經本計畫逐題重跑。"
"TACO","P198","task","3","exact","HOI evaluation endpoints","native_task_schema","whole_resource","原始arXiv版本／2026-09-25摘要查核；P198","https://arxiv.org/abs/2401.08399","Complete primary arXiv abstract reviewed 2026-09-25","約2,500雙手工具—動作—物件序列，含ego/exo與3D標註；識別、動作預測及合作抓取生成不等於機器人完成率。 本列是原文明示範圍整理，未經本計畫逐題重跑。"
"The Imitator Game","P164","task","50","at_least","base tasks","native_task","whole_resource","引用連結版本／2026-09-22 擷取快照","https://arxiv.org/html/2608.22301v1","Abstract or the checked task/dataset overview",""
"The Imitator Game","P164","task","53","exact","listed per-domain base tasks","native_task","whole_resource","引用連結版本／2026-09-22 擷取快照","https://arxiv.org/html/2608.22301v1","Task suite table","Do not add this listing count to the paper's 50+ statement."
"The Imitator Game","P164","domain","6","exact","application domains","native_domain_category","whole_resource","引用連結版本／2026-09-22 擷取快照","https://arxiv.org/html/2608.22301v1","Abstract or the checked task/dataset overview",""
"The Imitator Game","P164","data","20000","at_least","paired episodes","demonstration_pair","whole_resource","引用連結版本／2026-09-22 擷取快照","https://arxiv.org/html/2608.22301v1","Abstract or the checked task/dataset overview","Data-resource pairs are not per-model test rollouts."
"The Imitator Game","P164","data","11700","approximate","real paired episodes","demonstration_pair","whole_resource","引用連結版本／2026-09-22 擷取快照","https://arxiv.org/html/2608.22301v1","Abstract or the checked task/dataset overview",""
"The Imitator Game","P164","data","10000","approximate","simulation paired episodes","demonstration_pair","whole_resource","引用連結版本／2026-09-22 擷取快照","https://arxiv.org/html/2608.22301v1","Abstract or the checked task/dataset overview",""
"The Imitator Game","P164","detail","53","exact","pinned heterogeneous source records","source_record","available_source_snapshot","引用連結版本／2026-09-22 擷取快照","https://github.com/imitator-game/The-Imitator-Game/tree/d6d16ec511bc389e0a207692730c137bc022ef14","source inventory key imitator","Not automatically a task count; includes source-specific schemas, registrations, entrypoints or configurations."
"VLABench","P072","task","100","exact","task categories","native_task_category","whole_resource","引用連結版本／2026-09-22 擷取快照","https://arxiv.org/abs/2412.18194v1","Abstract or the checked task/dataset overview",""
"VLABench","P072","detail","2000","at_least","objects","asset","whole_resource","引用連結版本／2026-09-22 擷取快照","https://arxiv.org/abs/2412.18194v1","Abstract or the checked task/dataset overview",""
"VLABench","P072","detail","96","exact","pinned heterogeneous source records","source_record","available_source_snapshot","引用連結版本／2026-09-22 擷取快照","https://github.com/OpenMOSS/VLABench/tree/cf588fe60c0c7282174fe979f5913170cfe69017","source inventory key vlabench","Not automatically a task count; includes source-specific schemas, registrations, entrypoints or configurations."
"VLOG","P001","task","2","exact","影片／影格接觸判斷端點","evaluation_endpoint","whole_resource","2026-10-02原始摘要／官方概述快照","https://arxiv.org/abs/1712.02310","Abstract／官方會議頁摘要","另外展示手部未來預測；兩個端點不是兩個物理工作。"
"WireCraft","P183","task","3","exact","task families","native_task_category","whole_resource","原始arXiv版本／2026-09-25摘要查核；P183","https://arxiv.org/abs/2606.18097","Complete primary arXiv abstract reviewed 2026-09-25","摘要稱benchmark、data、tools待接受後釋出；不能當成本計畫已取得可跑的公開資產。三家族不是三個部署領域。"
"X2Real","P169","task","44","exact","hierarchical tasks","native_task","whole_resource","原始arXiv版本／2026-09-25摘要查核；P169","https://arxiv.org/abs/2609.27449","Complete primary arXiv abstract reviewed 2026-09-25","44個長流程操作任務、10能力維度及sim-to-real評測；能力維度不是應用場域，手臂與訓練資訊約定須分層。 本列是原文明示範圍整理，未經本計畫逐題重跑。"
"X2Real","P169","detail","10","exact","capability dimensions","capability_category","whole_resource","原始arXiv版本／2026-09-25摘要查核；P169","https://arxiv.org/abs/2609.27449","Complete primary arXiv abstract reviewed 2026-09-25","44個長流程操作任務、10能力維度及sim-to-real評測；能力維度不是應用場域，手臂與訓練資訊約定須分層。 本列是原文明示範圍整理，未經本計畫逐題重跑。"
"X2Real","P169","data","300","approximate","annotated simulation hours","video_hour","whole_resource","原始arXiv版本／2026-09-25摘要查核；P169","https://arxiv.org/abs/2609.27449","Complete primary arXiv abstract reviewed 2026-09-25","44個長流程操作任務、10能力維度及sim-to-real評測；能力維度不是應用場域，手臂與訓練資訊約定須分層。 本列是原文明示範圍整理，未經本計畫逐題重跑。"
