source_id,name,paper_ids,records,native_units,buckets,repositories,commits,definition_url,source_snapshot
"alfred","ALFRED","[""P096""]","7","{""native_task_schema"":7}","{""native_task_candidates"":7}","[""askforalfred/alfred""]","[""f91f4c0c96c7a29f33d0557f86b0a21035379b3b""]","https://github.com/askforalfred/alfred/blob/f91f4c0c96c7a29f33d0557f86b0a21035379b3b/gen/constants.py","2026-09-22/25"
"arnold","ARNOLD","[""P081""]","8","{""native_task_class"":8}","{""native_task_candidates"":8}","[""arnold-benchmark/arnold""]","[""40ad6861f45b676bf538b7a0e180d81c8d454823""]","https://github.com/arnold-benchmark/arnold/blob/40ad6861f45b676bf538b7a0e180d81c8d454823/tasks/pour_water.py","2026-09-29"
"behavior","BEHAVIOR-1K","[""P100""]","1016","{""activity_definition_directory"":1016}","{""native_task_candidates"":1016}","[""StanfordVL/BEHAVIOR-1K""]","[""4b0f43dfb7f7f759e5e9f575e8d72f56492eab5f""]","https://github.com/StanfordVL/BEHAVIOR-1K/blob/4b0f43dfb7f7f759e5e9f575e8d72f56492eab5f/bddl3/bddl/activity_definitions/adding_chemicals_to_hot_tub/problem0.bddl","2026-09-22/25"
"coin_video","COIN","[""P003""]","180","{""instructional_activity_definition"":180}","{""human_activity_definitions"":180}","[""coin-dataset/annotations""]","[""67e31260e9c25951e27cda8d4336a23eacf62a80""]","https://github.com/coin-dataset/annotations/blob/67e31260e9c25951e27cda8d4336a23eacf62a80/COIN.json","2026-09-29"
"crosstask","CrossTask","[""P004""]","83","{""instructional_activity_definition"":83}","{""human_activity_definitions"":83}","[""DmZhukov/CrossTask""]","[""9e6fdccbce430c27ae2febbc7ad9c4bbf33e00d5""]","https://www.di.ens.fr/~dzhukov/crosstask/crosstask_release.zip","2026-09-29"
"deformable_ravens","DeformableRavens","[""P086""]","25","{""native_task_id"":25}","{""native_task_candidates"":25}","[""DanielTakeshi/deformable-ravens""]","[""73982748bdfe756e04553e28698948facccecb41""]","https://github.com/DanielTakeshi/deformable-ravens/blob/73982748bdfe756e04553e28698948facccecb41/ravens/tasks/__init__.py","2026-09-22/25"
"dexgarment","DexGarmentLab","[""P167""]","15","{""task_scene_entrypoint"":15}","{""native_task_candidates"":15}","[""wayrise/DexGarmentLab""]","[""e4e298e696bae5d866ded3b31e0ae27becea5376""]","https://github.com/wayrise/DexGarmentLab/blob/e4e298e696bae5d866ded3b31e0ae27becea5376/Env_StandAlone/Fling_Dress_Env.py","2026-09-22/25"
"eai","Embodied Agent Interface","[""P101""]","3","{""evaluation_protocol"":3}","{""integration_or_protocol"":3}","[""embodied-agent-interface/embodied-agent-interface""]","[""531c62f8df2cb392bdf1907923c76da41cad4fe6""]","https://github.com/embodied-agent-interface/embodied-agent-interface/blob/531c62f8df2cb392bdf1907923c76da41cad4fe6/src/behavior_eval/evaluation/goal_interpretation/resources/data/task_to_demo.json","2026-09-22/25"
"garmentlab","GarmentLab","[""P087""]","10","{""demo_entrypoint"":10}","{""documented_examples"":10}","[""GarmentLab/GarmentLab""]","[""6ee0620fddb8083d5eab554fa343cdc966c61d5f""]","https://github.com/GarmentLab/GarmentLab/blob/6ee0620fddb8083d5eab554fa343cdc966c61d5f/demo/BimanualFoldDemo.py","2026-09-22/25"
"imitator","The Imitator Game","[""P164""]","53","{""human_sim_task_mapping"":53}","{""video_pairing"":53}","[""imitator-game/The-Imitator-Game""]","[""d6d16ec511bc389e0a207692730c137bc022ef14""]","https://github.com/imitator-game/The-Imitator-Game/blob/d6d16ec511bc389e0a207692730c137bc022ef14/examples/baselines/lerobot_dataset/task_mapping.json","2026-09-22/25"
"libero","LIBERO","[""P064""]","130","{""native_task_id"":130}","{""native_task_candidates"":130}","[""Lifelong-Robot-Learning/LIBERO""]","[""8f1084e3132a39270c3a13ebe37270a43ece2a01""]","https://github.com/Lifelong-Robot-Learning/LIBERO/blob/8f1084e3132a39270c3a13ebe37270a43ece2a01/libero/libero/bddl_files/libero_spatial/pick_up_the_black_bowl_between_the_plate_and_the_ramekin_and_place_it_on_the_plate.bddl","2026-09-22/25"
"maniskill","ManiSkill3","[""P068""]","65","{""native_task_registration"":65}","{""native_task_candidates"":65}","[""mani-skill/ManiSkill""]","[""62ff3a5896b4d5b4cf0ac4c8d79afe600c9404a3""]","https://github.com/mani-skill/ManiSkill/blob/62ff3a5896b4d5b4cf0ac4c8d79afe600c9404a3/mani_skill/envs/tasks/control/ant.py","2026-09-22/25"
"maniskill2","ManiSkill2","[""P067""]","21","{""native_task_registration"":21}","{""native_task_candidates"":21}","[""mani-skill/ManiSkill""]","[""493be36121a9dd06071a57172274babe617b789f""]","https://github.com/mani-skill/ManiSkill/blob/493be36121a9dd06071a57172274babe617b789f/mani_skill2/envs/assembly/assembling_kits.py","2026-09-22/25"
"metaworld","Meta-World","[""P063""]","50","{""native_task_id"":50}","{""native_task_candidates"":50}","[""Farama-Foundation/Metaworld""]","[""59fc34d7768af9785e4688c3e1db671424f4a6c3""]","https://github.com/Farama-Foundation/Metaworld/blob/59fc34d7768af9785e4688c3e1db671424f4a6c3/metaworld/env_dict.py","2026-09-22/25"
"partnr","PARTNR","[""P143""]","6","{""generator_configuration"":6}","{""integration_or_protocol"":6}","[""facebookresearch/partnr-planner""]","[""ddfff19f4b6c098a31edea4d19e7b75db72433c2""]","https://github.com/facebookresearch/partnr-planner/blob/ddfff19f4b6c098a31edea4d19e7b75db72433c2/habitat_llm/conf/habitat_conf/task/rearrange_easy.yaml","2026-09-22/25"
"rlbench","RLBench","[""P062""]","106","{""native_task_class"":106}","{""native_task_candidates"":106}","[""stepjam/RLBench""]","[""02720bba4c73fe02eb75df946b8791b806028a9d""]","https://github.com/stepjam/RLBench/blob/02720bba4c73fe02eb75df946b8791b806028a9d/rlbench/tasks/basketball_in_hoop.py","2026-09-22/25"
"robocasa","RoboCasa / RoboCasa365","[""P070"",""P071""]","365","{""native_task_id"":365}","{""native_task_candidates"":365}","[""robocasa/robocasa""]","[""4f8a2980def75a55dff96b990745b83540425f09""]","https://github.com/robocasa/robocasa/blob/4f8a2980def75a55dff96b990745b83540425f09/robocasa/utils/dataset_registry.py","2026-09-22/25"
"robodojo","RoboDojo","[""P083""]","54","{""native_task_module"":54}","{""native_task_candidates"":54}","[""RoboDojo-Benchmark/RoboDojo""]","[""726e9aabfaa642203722eb126f5eaf0f37f3e1ad""]","https://github.com/RoboDojo-Benchmark/RoboDojo/blob/726e9aabfaa642203722eb126f5eaf0f37f3e1ad/task/RoboDojo/tasks/align_blocks.py","2026-09-22/25"
"robotwin","RoboTwin / RoboTwin 2.0","[""P073"",""P074""]","50","{""native_task_module"":50}","{""native_task_candidates"":50}","[""RoboTwin-Platform/RoboTwin""]","[""6dde57155eafa3e4ebf6ad1f93a7cf7d5d41a755""]","https://github.com/RoboTwin-Platform/RoboTwin/blob/6dde57155eafa3e4ebf6ad1f93a7cf7d5d41a755/envs/adjust_bottle.py","2026-09-22/25"
"roboverse","RoboVerse","[""P082""]","2897","{""integration_registration_group"":2897}","{""integration_or_protocol"":2897}","[""RoboVerseOrg/RoboVerse""]","[""5f3ec0185d2d3bcb59d53b0bd1f5b0f8a6f2ce14""]","https://github.com/RoboVerseOrg/RoboVerse/blob/5f3ec0185d2d3bcb59d53b0bd1f5b0f8a6f2ce14/roboverse_pack/tasks/beyondmimic/isaaclab/envs/tracking_rl_env.py","2026-09-22/25"
"softgym","SoftGym","[""P085""]","12","{""native_task_id"":12}","{""native_task_candidates"":12}","[""Xingyu-Lin/softgym""]","[""bb383f64cd488062587714abbae38f27ed9f2457""]","https://github.com/Xingyu-Lin/softgym/blob/bb383f64cd488062587714abbae38f27ed9f2457/softgym/registered_env.py","2026-09-22/25"
"teach","TEACh","[""P097""]","25","{""native_task_schema"":25}","{""native_task_candidates"":25}","[""alexa/teach""]","[""903191e256da866a603d1bbfb21db34e0874392d""]","https://github.com/alexa/teach/blob/903191e256da866a603d1bbfb21db34e0874392d/src/teach/meta_data_files/task_definitions/101__toast.json","2026-09-22/25"
"vima","VIMA","[""P075""]","17","{""native_task_template"":17}","{""native_task_candidates"":17}","[""vimalabs/VIMABench""]","[""97e0af11e126fd477c9d81eeabfb6c739021c680""]","https://github.com/vimalabs/VIMABench/blob/97e0af11e126fd477c9d81eeabfb6c739021c680/vima_bench/tasks/task_suite/instruction_following/simple_manipulation.py","2026-09-29"
"vlabench","VLABench","[""P072""]","96","{""native_task_registration"":96}","{""native_task_candidates"":96}","[""OpenMOSS/VLABench""]","[""cf588fe60c0c7282174fe979f5913170cfe69017""]","https://github.com/OpenMOSS/VLABench/blob/cf588fe60c0c7282174fe979f5913170cfe69017/VLABench/tasks/hierarchical_tasks/composite/cluster_series.py","2026-09-22/25"
"watchact","WatchAct","[""P123""]","14","{""video_task_schema"":14}","{""video_pairing"":14}","[""Baiqi-Li/WatchAct""]","[""7036927a94a160e7d420e3f7156cd5b2e9e8f3e6""]","https://github.com/Baiqi-Li/WatchAct/blob/7036927a94a160e7d420e3f7156cd5b2e9e8f3e6/README.md","2026-09-22/25"
"calvin","CALVIN","[""P065""]","34","{""native_task_definition"":34}","{""native_task_candidates"":34}","[""mees/calvin""]","[""fa03f01f19c65920e18cf37398a9ce859274af76""]","https://raw.githubusercontent.com/mees/calvin/fa03f01f19c65920e18cf37398a9ce859274af76/calvin_models/conf/callbacks/rollout/tasks/new_playtable_tasks.yaml","2026-10-02"
"openeqa","OpenEQA","[""P038""]","7","{""information_task_schema"":7}","{""information_task_definitions"":7}","[""facebookresearch/open-eqa""]","[""cfa3fce4595c1622bb2f8a38ae2ca9aae9eb685b""]","https://raw.githubusercontent.com/facebookresearch/open-eqa/cfa3fce4595c1622bb2f8a38ae2ca9aae9eb685b/data/open-eqa-v0.json","2026-10-02"
