native_task_id,method_id,requested_trials,completed_trials,execution_errors,initially_solved_trials,native_success_ever_all_requested,native_success_final_all_requested,native_success_last_10_all_requested,nontrivial_completed_trials,success_ever_nontrivial_completed
assembly-v3,scripted_reference,5,5,0,0,1.0,1.0,1.0,5,1.0
assembly-v3,uniform_random,5,5,0,0,0.0,0.0,0.0,5,0.0
assembly-v3,zero_action,5,5,0,0,0.0,0.0,0.0,5,0.0
assembly-v3,bc_linear,5,5,0,0,0.0,0.0,0.0,5,0.0
assembly-v3,bc_extra_trees,5,5,0,0,1.0,0.2,0.2,5,1.0
basketball-v3,scripted_reference,5,5,0,0,1.0,0.8,0.8,5,1.0
basketball-v3,uniform_random,5,5,0,0,0.0,0.0,0.0,5,0.0
basketball-v3,zero_action,5,5,0,0,0.0,0.0,0.0,5,0.0
basketball-v3,bc_linear,5,5,0,0,0.0,0.0,0.0,5,0.0
basketball-v3,bc_extra_trees,5,5,0,0,0.6,0.2,0.2,5,0.6
bin-picking-v3,scripted_reference,5,5,0,0,1.0,1.0,1.0,5,1.0
bin-picking-v3,uniform_random,5,5,0,0,0.0,0.0,0.0,5,0.0
bin-picking-v3,zero_action,5,5,0,0,0.0,0.0,0.0,5,0.0
bin-picking-v3,bc_linear,5,5,0,0,0.0,0.0,0.0,5,0.0
bin-picking-v3,bc_extra_trees,5,5,0,0,0.6,0.6,0.6,5,0.6
box-close-v3,scripted_reference,5,5,0,0,0.8,0.4,0.4,5,0.8
box-close-v3,uniform_random,5,5,0,0,0.0,0.0,0.0,5,0.0
box-close-v3,zero_action,5,5,0,0,0.0,0.0,0.0,5,0.0
box-close-v3,bc_linear,5,5,0,0,0.6,0.0,0.0,5,0.6
box-close-v3,bc_extra_trees,5,5,0,0,0.8,0.6,0.6,5,0.8
button-press-topdown-v3,scripted_reference,5,5,0,0,1.0,1.0,1.0,5,1.0
button-press-topdown-v3,uniform_random,5,5,0,0,0.0,0.0,0.0,5,0.0
button-press-topdown-v3,zero_action,5,5,0,0,0.0,0.0,0.0,5,0.0
button-press-topdown-v3,bc_linear,5,5,0,0,1.0,0.2,0.2,5,1.0
button-press-topdown-v3,bc_extra_trees,5,5,0,0,1.0,0.2,0.2,5,1.0
button-press-topdown-wall-v3,scripted_reference,5,5,0,0,1.0,1.0,1.0,5,1.0
button-press-topdown-wall-v3,uniform_random,5,5,0,0,0.0,0.0,0.0,5,0.0
button-press-topdown-wall-v3,zero_action,5,5,0,0,0.0,0.0,0.0,5,0.0
button-press-topdown-wall-v3,bc_linear,5,5,0,0,1.0,0.2,0.0,5,1.0
button-press-topdown-wall-v3,bc_extra_trees,5,5,0,0,0.6,0.0,0.0,5,0.6
button-press-v3,scripted_reference,5,5,0,0,1.0,1.0,1.0,5,1.0
button-press-v3,uniform_random,5,5,0,0,0.0,0.0,0.0,5,0.0
button-press-v3,zero_action,5,5,0,0,0.0,0.0,0.0,5,0.0
button-press-v3,bc_linear,5,5,0,0,1.0,1.0,1.0,5,1.0
button-press-v3,bc_extra_trees,5,5,0,0,1.0,0.6,0.6,5,1.0
button-press-wall-v3,scripted_reference,5,5,0,0,1.0,1.0,1.0,5,1.0
button-press-wall-v3,uniform_random,5,5,0,0,0.0,0.0,0.0,5,0.0
button-press-wall-v3,zero_action,5,5,0,0,0.0,0.0,0.0,5,0.0
button-press-wall-v3,bc_linear,5,5,0,0,1.0,1.0,1.0,5,1.0
button-press-wall-v3,bc_extra_trees,5,5,0,0,1.0,1.0,1.0,5,1.0
coffee-button-v3,scripted_reference,5,5,0,0,1.0,0.0,0.0,5,1.0
coffee-button-v3,uniform_random,5,5,0,0,0.0,0.0,0.0,5,0.0
coffee-button-v3,zero_action,5,5,0,0,0.0,0.0,0.0,5,0.0
coffee-button-v3,bc_linear,5,5,0,0,1.0,0.0,0.0,5,1.0
coffee-button-v3,bc_extra_trees,5,5,0,0,1.0,0.4,0.4,5,1.0
coffee-pull-v3,scripted_reference,5,5,0,0,1.0,1.0,1.0,5,1.0
coffee-pull-v3,uniform_random,5,5,0,0,0.0,0.0,0.0,5,0.0
coffee-pull-v3,zero_action,5,5,0,0,0.0,0.0,0.0,5,0.0
coffee-pull-v3,bc_linear,5,5,0,0,0.0,0.0,0.0,5,0.0
coffee-pull-v3,bc_extra_trees,5,5,0,0,0.8,0.2,0.2,5,0.8
coffee-push-v3,scripted_reference,5,5,0,0,1.0,0.8,0.8,5,1.0
coffee-push-v3,uniform_random,5,5,0,0,0.0,0.0,0.0,5,0.0
coffee-push-v3,zero_action,5,5,0,0,0.0,0.0,0.0,5,0.0
coffee-push-v3,bc_linear,5,5,0,0,0.6,0.0,0.0,5,0.6
coffee-push-v3,bc_extra_trees,5,5,0,0,0.6,0.0,0.0,5,0.6
dial-turn-v3,scripted_reference,5,5,0,0,1.0,1.0,1.0,5,1.0
dial-turn-v3,uniform_random,5,5,0,0,0.0,0.0,0.0,5,0.0
dial-turn-v3,zero_action,5,5,0,0,0.0,0.0,0.0,5,0.0
dial-turn-v3,bc_linear,5,5,0,0,1.0,1.0,1.0,5,1.0
dial-turn-v3,bc_extra_trees,5,5,0,0,0.8,0.8,0.8,5,0.8
disassemble-v3,scripted_reference,5,5,0,0,1.0,1.0,1.0,5,1.0
disassemble-v3,uniform_random,5,5,0,0,0.0,0.0,0.0,5,0.0
disassemble-v3,zero_action,5,5,0,0,0.0,0.0,0.0,5,0.0
disassemble-v3,bc_linear,5,5,0,0,0.0,0.0,0.0,5,0.0
disassemble-v3,bc_extra_trees,5,5,0,0,0.6,0.6,0.6,5,0.6
door-close-v3,scripted_reference,5,5,0,0,1.0,1.0,1.0,5,1.0
door-close-v3,uniform_random,5,5,0,0,0.0,0.0,0.0,5,0.0
door-close-v3,zero_action,5,5,0,0,0.0,0.0,0.0,5,0.0
door-close-v3,bc_linear,5,5,0,0,1.0,1.0,1.0,5,1.0
door-close-v3,bc_extra_trees,5,5,0,0,1.0,1.0,1.0,5,1.0
door-lock-v3,scripted_reference,5,5,0,0,1.0,1.0,1.0,5,1.0
door-lock-v3,uniform_random,5,5,0,0,0.0,0.0,0.0,5,0.0
door-lock-v3,zero_action,5,5,0,0,0.0,0.0,0.0,5,0.0
door-lock-v3,bc_linear,5,5,0,0,0.0,0.0,0.0,5,0.0
door-lock-v3,bc_extra_trees,5,5,0,0,0.6,0.6,0.6,5,0.6
door-open-v3,scripted_reference,5,5,0,0,1.0,0.0,0.0,5,1.0
door-open-v3,uniform_random,5,5,0,0,0.0,0.0,0.0,5,0.0
door-open-v3,zero_action,5,5,0,0,0.0,0.0,0.0,5,0.0
door-open-v3,bc_linear,5,5,0,0,1.0,0.0,0.0,5,1.0
door-open-v3,bc_extra_trees,5,5,0,0,1.0,0.0,0.0,5,1.0
door-unlock-v3,scripted_reference,5,5,0,0,1.0,1.0,0.8,5,1.0
door-unlock-v3,uniform_random,5,5,0,0,0.0,0.0,0.0,5,0.0
door-unlock-v3,zero_action,5,5,0,0,0.0,0.0,0.0,5,0.0
door-unlock-v3,bc_linear,5,5,0,0,1.0,1.0,1.0,5,1.0
door-unlock-v3,bc_extra_trees,5,5,0,0,0.8,0.6,0.6,5,0.8
drawer-close-v3,scripted_reference,5,5,0,0,1.0,1.0,1.0,5,1.0
drawer-close-v3,uniform_random,5,5,0,0,0.0,0.0,0.0,5,0.0
drawer-close-v3,zero_action,5,5,0,0,0.0,0.0,0.0,5,0.0
drawer-close-v3,bc_linear,5,5,0,0,0.4,0.4,0.4,5,0.4
drawer-close-v3,bc_extra_trees,5,5,0,0,1.0,1.0,1.0,5,1.0
drawer-open-v3,scripted_reference,5,5,0,0,1.0,1.0,1.0,5,1.0
drawer-open-v3,uniform_random,5,5,0,0,0.0,0.0,0.0,5,0.0
drawer-open-v3,zero_action,5,5,0,0,0.0,0.0,0.0,5,0.0
drawer-open-v3,bc_linear,5,5,0,0,1.0,1.0,1.0,5,1.0
drawer-open-v3,bc_extra_trees,5,5,0,0,1.0,1.0,1.0,5,1.0
faucet-close-v3,scripted_reference,5,5,0,0,1.0,0.6,0.6,5,1.0
faucet-close-v3,uniform_random,5,5,0,0,0.0,0.0,0.0,5,0.0
faucet-close-v3,zero_action,5,5,0,0,0.0,0.0,0.0,5,0.0
faucet-close-v3,bc_linear,5,5,0,0,1.0,1.0,1.0,5,1.0
faucet-close-v3,bc_extra_trees,5,5,0,0,0.8,0.8,0.8,5,0.8
faucet-open-v3,scripted_reference,5,5,0,0,1.0,0.6,0.6,5,1.0
faucet-open-v3,uniform_random,5,5,0,0,0.0,0.0,0.0,5,0.0
faucet-open-v3,zero_action,5,5,0,0,0.0,0.0,0.0,5,0.0
faucet-open-v3,bc_linear,5,5,0,0,1.0,1.0,1.0,5,1.0
faucet-open-v3,bc_extra_trees,5,5,0,0,1.0,1.0,1.0,5,1.0
hammer-v3,scripted_reference,5,5,0,0,1.0,1.0,1.0,5,1.0
hammer-v3,uniform_random,5,5,0,0,0.0,0.0,0.0,5,0.0
hammer-v3,zero_action,5,5,0,0,0.0,0.0,0.0,5,0.0
hammer-v3,bc_linear,5,5,0,0,1.0,1.0,1.0,5,1.0
hammer-v3,bc_extra_trees,5,5,0,0,0.2,0.2,0.2,5,0.2
hand-insert-v3,scripted_reference,5,5,0,0,1.0,1.0,1.0,5,1.0
hand-insert-v3,uniform_random,5,5,0,0,0.0,0.0,0.0,5,0.0
hand-insert-v3,zero_action,5,5,0,0,0.0,0.0,0.0,5,0.0
hand-insert-v3,bc_linear,5,5,0,0,0.6,0.0,0.0,5,0.6
hand-insert-v3,bc_extra_trees,5,5,0,0,0.8,0.2,0.2,5,0.8
handle-press-side-v3,scripted_reference,5,5,0,0,1.0,0.0,0.0,5,1.0
handle-press-side-v3,uniform_random,5,5,0,0,0.0,0.0,0.0,5,0.0
handle-press-side-v3,zero_action,5,5,0,0,0.0,0.0,0.0,5,0.0
handle-press-side-v3,bc_linear,5,5,0,0,1.0,0.0,0.0,5,1.0
handle-press-side-v3,bc_extra_trees,5,5,0,0,1.0,1.0,1.0,5,1.0
handle-press-v3,scripted_reference,5,5,0,0,1.0,0.0,0.0,5,1.0
handle-press-v3,uniform_random,5,5,0,0,0.0,0.0,0.0,5,0.0
handle-press-v3,zero_action,5,5,0,0,0.0,0.0,0.0,5,0.0
handle-press-v3,bc_linear,5,5,0,0,0.4,0.4,0.4,5,0.4
handle-press-v3,bc_extra_trees,5,5,0,0,1.0,1.0,1.0,5,1.0
handle-pull-side-v3,scripted_reference,5,5,0,0,1.0,0.8,0.8,5,1.0
handle-pull-side-v3,uniform_random,5,5,0,0,0.0,0.0,0.0,5,0.0
handle-pull-side-v3,zero_action,5,5,0,0,0.0,0.0,0.0,5,0.0
handle-pull-side-v3,bc_linear,5,5,0,0,0.0,0.0,0.0,5,0.0
handle-pull-side-v3,bc_extra_trees,5,5,0,0,0.0,0.0,0.0,5,0.0
handle-pull-v3,scripted_reference,5,5,0,0,1.0,1.0,1.0,5,1.0
handle-pull-v3,uniform_random,5,5,0,0,0.0,0.0,0.0,5,0.0
handle-pull-v3,zero_action,5,5,0,0,0.0,0.0,0.0,5,0.0
handle-pull-v3,bc_linear,5,5,0,0,1.0,1.0,1.0,5,1.0
handle-pull-v3,bc_extra_trees,5,5,0,0,0.0,0.0,0.0,5,0.0
lever-pull-v3,scripted_reference,5,5,0,0,1.0,0.0,0.0,5,1.0
lever-pull-v3,uniform_random,5,5,0,0,0.0,0.0,0.0,5,0.0
lever-pull-v3,zero_action,5,5,0,0,0.0,0.0,0.0,5,0.0
lever-pull-v3,bc_linear,5,5,0,0,0.2,0.2,0.0,5,0.2
lever-pull-v3,bc_extra_trees,5,5,0,0,0.4,0.0,0.0,5,0.4
peg-insert-side-v3,scripted_reference,5,5,0,0,0.8,0.6,0.6,5,0.8
peg-insert-side-v3,uniform_random,5,5,0,0,0.0,0.0,0.0,5,0.0
peg-insert-side-v3,zero_action,5,5,0,0,0.0,0.0,0.0,5,0.0
peg-insert-side-v3,bc_linear,5,5,0,0,0.0,0.0,0.0,5,0.0
peg-insert-side-v3,bc_extra_trees,5,5,0,0,0.0,0.0,0.0,5,0.0
peg-unplug-side-v3,scripted_reference,5,5,0,0,1.0,0.0,0.0,5,1.0
peg-unplug-side-v3,uniform_random,5,5,0,0,0.0,0.0,0.0,5,0.0
peg-unplug-side-v3,zero_action,5,5,0,0,0.0,0.0,0.0,5,0.0
peg-unplug-side-v3,bc_linear,5,5,0,0,0.0,0.0,0.0,5,0.0
peg-unplug-side-v3,bc_extra_trees,5,5,0,0,0.0,0.0,0.0,5,0.0
pick-out-of-hole-v3,scripted_reference,5,5,0,0,1.0,0.2,0.0,5,1.0
pick-out-of-hole-v3,uniform_random,5,5,0,0,0.0,0.0,0.0,5,0.0
pick-out-of-hole-v3,zero_action,5,5,0,0,0.0,0.0,0.0,5,0.0
pick-out-of-hole-v3,bc_linear,5,5,0,0,0.4,0.0,0.0,5,0.4
pick-out-of-hole-v3,bc_extra_trees,5,5,0,0,0.4,0.0,0.0,5,0.4
pick-place-v3,scripted_reference,5,5,0,0,1.0,1.0,1.0,5,1.0
pick-place-v3,uniform_random,5,5,0,0,0.0,0.0,0.0,5,0.0
pick-place-v3,zero_action,5,5,0,0,0.0,0.0,0.0,5,0.0
pick-place-v3,bc_linear,5,5,0,0,0.2,0.2,0.2,5,0.2
pick-place-v3,bc_extra_trees,5,5,0,0,0.6,0.0,0.0,5,0.6
pick-place-wall-v3,scripted_reference,5,5,0,0,1.0,1.0,1.0,5,1.0
pick-place-wall-v3,uniform_random,5,5,0,0,0.0,0.0,0.0,5,0.0
pick-place-wall-v3,zero_action,5,5,0,0,0.0,0.0,0.0,5,0.0
pick-place-wall-v3,bc_linear,5,5,0,0,0.6,0.0,0.0,5,0.6
pick-place-wall-v3,bc_extra_trees,5,5,0,0,1.0,0.0,0.0,5,1.0
plate-slide-back-side-v3,scripted_reference,5,5,0,0,1.0,0.0,0.0,5,1.0
plate-slide-back-side-v3,uniform_random,5,5,0,0,0.0,0.0,0.0,5,0.0
plate-slide-back-side-v3,zero_action,5,5,0,0,0.0,0.0,0.0,5,0.0
plate-slide-back-side-v3,bc_linear,5,5,0,0,1.0,0.2,0.2,5,1.0
plate-slide-back-side-v3,bc_extra_trees,5,5,0,0,1.0,0.2,0.2,5,1.0
plate-slide-back-v3,scripted_reference,5,5,0,0,1.0,0.0,0.0,5,1.0
plate-slide-back-v3,uniform_random,5,5,0,0,0.0,0.0,0.0,5,0.0
plate-slide-back-v3,zero_action,5,5,0,0,0.0,0.0,0.0,5,0.0
plate-slide-back-v3,bc_linear,5,5,0,0,0.0,0.0,0.0,5,0.0
plate-slide-back-v3,bc_extra_trees,5,5,0,0,0.2,0.2,0.2,5,0.2
plate-slide-side-v3,scripted_reference,5,5,0,0,1.0,0.0,0.0,5,1.0
plate-slide-side-v3,uniform_random,5,5,0,0,0.0,0.0,0.0,5,0.0
plate-slide-side-v3,zero_action,5,5,0,0,0.0,0.0,0.0,5,0.0
plate-slide-side-v3,bc_linear,5,5,0,0,0.2,0.2,0.2,5,0.2
plate-slide-side-v3,bc_extra_trees,5,5,0,0,1.0,0.0,0.0,5,1.0
plate-slide-v3,scripted_reference,5,5,0,0,1.0,1.0,1.0,5,1.0
plate-slide-v3,uniform_random,5,5,0,0,0.0,0.0,0.0,5,0.0
plate-slide-v3,zero_action,5,5,0,0,0.0,0.0,0.0,5,0.0
plate-slide-v3,bc_linear,5,5,0,0,1.0,1.0,1.0,5,1.0
plate-slide-v3,bc_extra_trees,5,5,0,0,1.0,1.0,1.0,5,1.0
push-back-v3,scripted_reference,5,5,0,0,1.0,0.2,0.2,5,1.0
push-back-v3,uniform_random,5,5,0,0,0.0,0.0,0.0,5,0.0
push-back-v3,zero_action,5,5,0,0,0.0,0.0,0.0,5,0.0
push-back-v3,bc_linear,5,5,0,0,0.4,0.2,0.0,5,0.4
push-back-v3,bc_extra_trees,5,5,0,0,0.2,0.0,0.0,5,0.2
push-v3,scripted_reference,5,5,0,0,1.0,0.4,0.4,5,1.0
push-v3,uniform_random,5,5,0,0,0.0,0.0,0.0,5,0.0
push-v3,zero_action,5,5,0,0,0.0,0.0,0.0,5,0.0
push-v3,bc_linear,5,5,0,0,0.6,0.2,0.2,5,0.6
push-v3,bc_extra_trees,5,5,0,0,0.8,0.0,0.0,5,0.8
push-wall-v3,scripted_reference,5,5,0,0,1.0,0.0,0.0,5,1.0
push-wall-v3,uniform_random,5,5,0,0,0.0,0.0,0.0,5,0.0
push-wall-v3,zero_action,5,5,0,0,0.0,0.0,0.0,5,0.0
push-wall-v3,bc_linear,5,5,0,0,0.8,0.8,0.6,5,0.8
push-wall-v3,bc_extra_trees,5,5,0,0,1.0,0.0,0.0,5,1.0
reach-v3,scripted_reference,5,5,0,0,1.0,1.0,1.0,5,1.0
reach-v3,uniform_random,5,5,0,0,0.0,0.0,0.0,5,0.0
reach-v3,zero_action,5,5,0,0,0.0,0.0,0.0,5,0.0
reach-v3,bc_linear,5,5,0,0,1.0,0.2,0.2,5,1.0
reach-v3,bc_extra_trees,5,5,0,0,0.4,0.0,0.0,5,0.4
reach-wall-v3,scripted_reference,5,5,0,0,1.0,1.0,1.0,5,1.0
reach-wall-v3,uniform_random,5,5,0,0,0.0,0.0,0.0,5,0.0
reach-wall-v3,zero_action,5,5,0,0,0.0,0.0,0.0,5,0.0
reach-wall-v3,bc_linear,5,5,0,0,1.0,0.0,0.0,5,1.0
reach-wall-v3,bc_extra_trees,5,5,0,0,0.8,0.0,0.0,5,0.8
shelf-place-v3,scripted_reference,5,5,0,0,1.0,0.2,0.2,5,1.0
shelf-place-v3,uniform_random,5,5,0,0,0.0,0.0,0.0,5,0.0
shelf-place-v3,zero_action,5,5,0,0,0.0,0.0,0.0,5,0.0
shelf-place-v3,bc_linear,5,5,0,0,0.0,0.0,0.0,5,0.0
shelf-place-v3,bc_extra_trees,5,5,0,0,0.2,0.0,0.0,5,0.2
soccer-v3,scripted_reference,5,5,0,0,1.0,1.0,1.0,5,1.0
soccer-v3,uniform_random,5,5,0,0,0.0,0.0,0.0,5,0.0
soccer-v3,zero_action,5,5,0,0,0.0,0.0,0.0,5,0.0
soccer-v3,bc_linear,5,5,0,0,0.8,0.8,0.8,5,0.8
soccer-v3,bc_extra_trees,5,5,0,0,0.4,0.4,0.4,5,0.4
stick-pull-v3,scripted_reference,5,5,0,0,1.0,0.2,0.2,5,1.0
stick-pull-v3,uniform_random,5,5,0,0,0.0,0.0,0.0,5,0.0
stick-pull-v3,zero_action,5,5,0,0,0.0,0.0,0.0,5,0.0
stick-pull-v3,bc_linear,5,5,0,0,0.2,0.0,0.0,5,0.2
stick-pull-v3,bc_extra_trees,5,5,0,0,0.8,0.2,0.0,5,0.8
stick-push-v3,scripted_reference,5,5,0,0,1.0,0.0,0.0,5,1.0
stick-push-v3,uniform_random,5,5,0,0,0.0,0.0,0.0,5,0.0
stick-push-v3,zero_action,5,5,0,0,0.0,0.0,0.0,5,0.0
stick-push-v3,bc_linear,5,5,0,0,1.0,0.2,0.2,5,1.0
stick-push-v3,bc_extra_trees,5,5,0,0,1.0,0.0,0.0,5,1.0
sweep-into-v3,scripted_reference,5,5,0,0,1.0,0.4,0.4,5,1.0
sweep-into-v3,uniform_random,5,5,0,0,0.0,0.0,0.0,5,0.0
sweep-into-v3,zero_action,5,5,0,0,0.0,0.0,0.0,5,0.0
sweep-into-v3,bc_linear,5,5,0,0,0.0,0.0,0.0,5,0.0
sweep-into-v3,bc_extra_trees,5,5,0,0,0.4,0.2,0.2,5,0.4
sweep-v3,scripted_reference,5,5,0,0,1.0,1.0,1.0,5,1.0
sweep-v3,uniform_random,5,5,0,0,0.0,0.0,0.0,5,0.0
sweep-v3,zero_action,5,5,0,0,0.0,0.0,0.0,5,0.0
sweep-v3,bc_linear,5,5,0,0,0.6,0.6,0.6,5,0.6
sweep-v3,bc_extra_trees,5,5,0,0,0.2,0.2,0.2,5,0.2
window-close-v3,scripted_reference,5,5,0,0,1.0,1.0,1.0,5,1.0
window-close-v3,uniform_random,5,5,0,0,0.0,0.0,0.0,5,0.0
window-close-v3,zero_action,5,5,0,0,0.0,0.0,0.0,5,0.0
window-close-v3,bc_linear,5,5,0,0,1.0,1.0,1.0,5,1.0
window-close-v3,bc_extra_trees,5,5,0,0,0.4,0.4,0.4,5,0.4
window-open-v3,scripted_reference,5,5,0,0,1.0,1.0,1.0,5,1.0
window-open-v3,uniform_random,5,5,0,0,0.0,0.0,0.0,5,0.0
window-open-v3,zero_action,5,5,0,0,0.0,0.0,0.0,5,0.0
window-open-v3,bc_linear,5,5,0,0,1.0,1.0,1.0,5,1.0
window-open-v3,bc_extra_trees,5,5,0,0,0.0,0.0,0.0,5,0.0
