split,case_id,world_seed,order_id,sku,bay_id,fault_mode,initial_state_hash,initial_pixel_sha256,completion_witness_available,main_program_joint_success
development,case-a86690c3093ac59be7ab,505,ord-dc580d94f570dcaed25c0605,SKU-P,BAY-R,reply_lost_after_commit,d3d451a621a599ce26f82e3b6234e8c465f5c1a842c27a2236d03859f338a1fd,1410477f2437bc9f0f5ae89edd1c3f48aaa217e4908ecc123908a5ca0c2fa8ea,True,True
development,case-66724bde348e8ec1af0c,504,ord-959d58b7a1dcb12512c02606,SKU-G,BAY-R,clean,1be467943b80ab1cd018d369e4aca937240435b9d837819b523acbbc10757ec8,0f98811bf6c74e3f136c17ccf94f4811a2cf20ad2387e9ede04d378d20e994dd,True,True
development,case-4e36e7ed5ee623fb07d9,503,ord-16e2e4f7123cd894e6d0d55f,SKU-P,BAY-L,clean,1bce56927c1be80d932a6a4e78dd6c049e27a925a6bfb3b426f631aa0a602cf1,f3ccad257efb56c4597a4d3eb6f48c8d1efb1c2f71772f0408aec37556db5aed,True,True
development,case-fea7c4a669e3e615915e,501,ord-42550c17209fc048328c33f9,SKU-P,BAY-R,clean,dce4e481a5e4ee6b4916e269e05361def0bc178d383fec0c0d3196d33b5c232a,4f6704fe198ee67d051179305ae69eb8e4028daeb40c4153262b99ffbef63f69,True,True
development,case-0af8a8dc572af5ad2e5c,501,ord-9b495f815d68242ce5be54a7,SKU-P,BAY-L,reply_lost_after_commit,dce4e481a5e4ee6b4916e269e05361def0bc178d383fec0c0d3196d33b5c232a,4f6704fe198ee67d051179305ae69eb8e4028daeb40c4153262b99ffbef63f69,True,True
development,case-4cfa91fbbc5b599f6a56,501,ord-7936cb00aab27b72f24326f6,SKU-G,BAY-R,reply_lost_after_commit,dce4e481a5e4ee6b4916e269e05361def0bc178d383fec0c0d3196d33b5c232a,4f6704fe198ee67d051179305ae69eb8e4028daeb40c4153262b99ffbef63f69,True,True
development,case-af4fd96656bdf25bcaac,503,ord-16e2e4f7123cd894e6d0d55f,SKU-P,BAY-L,reply_lost_after_commit,1bce56927c1be80d932a6a4e78dd6c049e27a925a6bfb3b426f631aa0a602cf1,f3ccad257efb56c4597a4d3eb6f48c8d1efb1c2f71772f0408aec37556db5aed,True,True
development,case-4c405bac0271105b6dfc,501,ord-42550c17209fc048328c33f9,SKU-P,BAY-R,reply_lost_after_commit,dce4e481a5e4ee6b4916e269e05361def0bc178d383fec0c0d3196d33b5c232a,4f6704fe198ee67d051179305ae69eb8e4028daeb40c4153262b99ffbef63f69,True,True
development,case-fa9d7a1d6202704672e6,505,ord-2aa0858394eea1c251118665,SKU-G,BAY-L,reply_lost_after_commit,d3d451a621a599ce26f82e3b6234e8c465f5c1a842c27a2236d03859f338a1fd,1410477f2437bc9f0f5ae89edd1c3f48aaa217e4908ecc123908a5ca0c2fa8ea,True,True
development,case-53350df10fe7378b15e8,502,ord-ed3a02009a755c3ac151f8d8,SKU-G,BAY-R,clean,8da740a458704ad70481e25b8ccc769a62f0d37bd38006207e3dafa85b70de50,51d793949cc1a3f1a32bfc9212b1efa6efc6f29966aedbb22244a9a103893edf,True,True
development,case-729fb842db7fc3b49d86,504,ord-8c705bbc10092dd28edd4e58,SKU-P,BAY-R,reply_lost_after_commit,1be467943b80ab1cd018d369e4aca937240435b9d837819b523acbbc10757ec8,0f98811bf6c74e3f136c17ccf94f4811a2cf20ad2387e9ede04d378d20e994dd,True,True
development,case-265200306a78c984fd7c,502,ord-65e5da6cfea722744c62c504,SKU-P,BAY-L,clean,8da740a458704ad70481e25b8ccc769a62f0d37bd38006207e3dafa85b70de50,51d793949cc1a3f1a32bfc9212b1efa6efc6f29966aedbb22244a9a103893edf,True,True
development,case-893f2f4f6377d2bfa1d7,504,ord-959d58b7a1dcb12512c02606,SKU-G,BAY-R,reply_lost_after_commit,1be467943b80ab1cd018d369e4aca937240435b9d837819b523acbbc10757ec8,0f98811bf6c74e3f136c17ccf94f4811a2cf20ad2387e9ede04d378d20e994dd,True,True
development,case-e700bcd53ba588f36e69,502,ord-754440896a876bb6f1de919f,SKU-G,BAY-L,clean,8da740a458704ad70481e25b8ccc769a62f0d37bd38006207e3dafa85b70de50,51d793949cc1a3f1a32bfc9212b1efa6efc6f29966aedbb22244a9a103893edf,True,True
development,case-432630820db9de5c1f72,501,ord-6f77986c997c6bdd2caa908e,SKU-G,BAY-L,reply_lost_after_commit,dce4e481a5e4ee6b4916e269e05361def0bc178d383fec0c0d3196d33b5c232a,4f6704fe198ee67d051179305ae69eb8e4028daeb40c4153262b99ffbef63f69,True,True
development,case-bf46706471e94a24278c,503,ord-526f3a28f809259edd4f7be7,SKU-G,BAY-L,clean,1bce56927c1be80d932a6a4e78dd6c049e27a925a6bfb3b426f631aa0a602cf1,f3ccad257efb56c4597a4d3eb6f48c8d1efb1c2f71772f0408aec37556db5aed,True,True
development,case-a4a25f140604a1cd323c,503,ord-9d51d308c736738ae1ba3709,SKU-G,BAY-R,reply_lost_after_commit,1bce56927c1be80d932a6a4e78dd6c049e27a925a6bfb3b426f631aa0a602cf1,f3ccad257efb56c4597a4d3eb6f48c8d1efb1c2f71772f0408aec37556db5aed,True,True
development,case-a7f03b8afa48a635c237,502,ord-e714b9830964a91488240d75,SKU-P,BAY-R,reply_lost_after_commit,8da740a458704ad70481e25b8ccc769a62f0d37bd38006207e3dafa85b70de50,51d793949cc1a3f1a32bfc9212b1efa6efc6f29966aedbb22244a9a103893edf,True,True
development,case-8b29b80be74ce543f09a,505,ord-dc580d94f570dcaed25c0605,SKU-P,BAY-R,clean,d3d451a621a599ce26f82e3b6234e8c465f5c1a842c27a2236d03859f338a1fd,1410477f2437bc9f0f5ae89edd1c3f48aaa217e4908ecc123908a5ca0c2fa8ea,True,True
development,case-18faa76a5cf04b9240ca,501,ord-6f77986c997c6bdd2caa908e,SKU-G,BAY-L,clean,dce4e481a5e4ee6b4916e269e05361def0bc178d383fec0c0d3196d33b5c232a,4f6704fe198ee67d051179305ae69eb8e4028daeb40c4153262b99ffbef63f69,True,True
development,case-e133a194ca64fda2f044,503,ord-9d51d308c736738ae1ba3709,SKU-G,BAY-R,clean,1bce56927c1be80d932a6a4e78dd6c049e27a925a6bfb3b426f631aa0a602cf1,f3ccad257efb56c4597a4d3eb6f48c8d1efb1c2f71772f0408aec37556db5aed,True,True
development,case-07906d87c49f62730929,502,ord-65e5da6cfea722744c62c504,SKU-P,BAY-L,reply_lost_after_commit,8da740a458704ad70481e25b8ccc769a62f0d37bd38006207e3dafa85b70de50,51d793949cc1a3f1a32bfc9212b1efa6efc6f29966aedbb22244a9a103893edf,True,True
development,case-a5f69ff1b82a8722e852,504,ord-8c705bbc10092dd28edd4e58,SKU-P,BAY-R,clean,1be467943b80ab1cd018d369e4aca937240435b9d837819b523acbbc10757ec8,0f98811bf6c74e3f136c17ccf94f4811a2cf20ad2387e9ede04d378d20e994dd,True,True
development,case-1cf18b92200dde153b06,505,ord-bd5df86c0188bcfed869bd3f,SKU-G,BAY-R,clean,d3d451a621a599ce26f82e3b6234e8c465f5c1a842c27a2236d03859f338a1fd,1410477f2437bc9f0f5ae89edd1c3f48aaa217e4908ecc123908a5ca0c2fa8ea,True,True
development,case-bb1ba7b5013639c919c7,502,ord-754440896a876bb6f1de919f,SKU-G,BAY-L,reply_lost_after_commit,8da740a458704ad70481e25b8ccc769a62f0d37bd38006207e3dafa85b70de50,51d793949cc1a3f1a32bfc9212b1efa6efc6f29966aedbb22244a9a103893edf,True,True
development,case-fb97f581b5d6f09624c4,503,ord-526f3a28f809259edd4f7be7,SKU-G,BAY-L,reply_lost_after_commit,1bce56927c1be80d932a6a4e78dd6c049e27a925a6bfb3b426f631aa0a602cf1,f3ccad257efb56c4597a4d3eb6f48c8d1efb1c2f71772f0408aec37556db5aed,True,True
development,case-27216a679dfcd2976958,504,ord-d13910c4392809d0eb56902a,SKU-G,BAY-L,clean,1be467943b80ab1cd018d369e4aca937240435b9d837819b523acbbc10757ec8,0f98811bf6c74e3f136c17ccf94f4811a2cf20ad2387e9ede04d378d20e994dd,True,True
development,case-3ea16cf61d13183d521a,503,ord-0eef71e38fc8c4d55c49137d,SKU-P,BAY-R,reply_lost_after_commit,1bce56927c1be80d932a6a4e78dd6c049e27a925a6bfb3b426f631aa0a602cf1,f3ccad257efb56c4597a4d3eb6f48c8d1efb1c2f71772f0408aec37556db5aed,True,True
development,case-df16a43fc48eb7363dcb,503,ord-0eef71e38fc8c4d55c49137d,SKU-P,BAY-R,clean,1bce56927c1be80d932a6a4e78dd6c049e27a925a6bfb3b426f631aa0a602cf1,f3ccad257efb56c4597a4d3eb6f48c8d1efb1c2f71772f0408aec37556db5aed,True,True
development,case-89ec3545d57a12f9ec1c,505,ord-2aa0858394eea1c251118665,SKU-G,BAY-L,clean,d3d451a621a599ce26f82e3b6234e8c465f5c1a842c27a2236d03859f338a1fd,1410477f2437bc9f0f5ae89edd1c3f48aaa217e4908ecc123908a5ca0c2fa8ea,True,True
development,case-77dccecdae9ec6de3a77,505,ord-748eddcfe203421217e67d84,SKU-P,BAY-L,reply_lost_after_commit,d3d451a621a599ce26f82e3b6234e8c465f5c1a842c27a2236d03859f338a1fd,1410477f2437bc9f0f5ae89edd1c3f48aaa217e4908ecc123908a5ca0c2fa8ea,True,True
development,case-10a5b21070f007c48980,504,ord-44256651f2c79ace973b0a4f,SKU-P,BAY-L,reply_lost_after_commit,1be467943b80ab1cd018d369e4aca937240435b9d837819b523acbbc10757ec8,0f98811bf6c74e3f136c17ccf94f4811a2cf20ad2387e9ede04d378d20e994dd,True,True
development,case-a279634abe92d5862ec4,505,ord-748eddcfe203421217e67d84,SKU-P,BAY-L,clean,d3d451a621a599ce26f82e3b6234e8c465f5c1a842c27a2236d03859f338a1fd,1410477f2437bc9f0f5ae89edd1c3f48aaa217e4908ecc123908a5ca0c2fa8ea,True,True
development,case-727172f6ffcfc89c4978,502,ord-e714b9830964a91488240d75,SKU-P,BAY-R,clean,8da740a458704ad70481e25b8ccc769a62f0d37bd38006207e3dafa85b70de50,51d793949cc1a3f1a32bfc9212b1efa6efc6f29966aedbb22244a9a103893edf,True,True
development,case-0c71fb1cbd228fa246d0,502,ord-ed3a02009a755c3ac151f8d8,SKU-G,BAY-R,reply_lost_after_commit,8da740a458704ad70481e25b8ccc769a62f0d37bd38006207e3dafa85b70de50,51d793949cc1a3f1a32bfc9212b1efa6efc6f29966aedbb22244a9a103893edf,True,True
development,case-e55935203d05c9ea8839,501,ord-9b495f815d68242ce5be54a7,SKU-P,BAY-L,clean,dce4e481a5e4ee6b4916e269e05361def0bc178d383fec0c0d3196d33b5c232a,4f6704fe198ee67d051179305ae69eb8e4028daeb40c4153262b99ffbef63f69,True,True
development,case-44488caa23c7fa2b233f,501,ord-7936cb00aab27b72f24326f6,SKU-G,BAY-R,clean,dce4e481a5e4ee6b4916e269e05361def0bc178d383fec0c0d3196d33b5c232a,4f6704fe198ee67d051179305ae69eb8e4028daeb40c4153262b99ffbef63f69,True,True
development,case-4db1591a4fcec820fdaf,504,ord-44256651f2c79ace973b0a4f,SKU-P,BAY-L,clean,1be467943b80ab1cd018d369e4aca937240435b9d837819b523acbbc10757ec8,0f98811bf6c74e3f136c17ccf94f4811a2cf20ad2387e9ede04d378d20e994dd,True,True
development,case-3a1ea4024edfb3f47c05,505,ord-bd5df86c0188bcfed869bd3f,SKU-G,BAY-R,reply_lost_after_commit,d3d451a621a599ce26f82e3b6234e8c465f5c1a842c27a2236d03859f338a1fd,1410477f2437bc9f0f5ae89edd1c3f48aaa217e4908ecc123908a5ca0c2fa8ea,True,True
development,case-1ae0cc2d8221fc8ee910,504,ord-d13910c4392809d0eb56902a,SKU-G,BAY-L,reply_lost_after_commit,1be467943b80ab1cd018d369e4aca937240435b9d837819b523acbbc10757ec8,0f98811bf6c74e3f136c17ccf94f4811a2cf20ad2387e9ede04d378d20e994dd,True,True
test,case-beb978aa150222727401,705,ord-42575f8ad05311cc4ab9db50,SKU-P,BAY-R,clean,c91c84c1438239a35f96ceace823efcffd8c7acb8dd6ea1bc58e5bb50bdd4e65,9fdfa2b98394724fff44297b41e1dad6806e68677361ceb3ea312f4c637f3e18,True,True
test,case-aceb574c0ee1f6e5496f,703,ord-db0d7b94399d03dfac23b89b,SKU-P,BAY-R,reply_lost_after_commit,2d98fd5583346f10ca450727d3c71e6e63d716516e460c843bbc9c2187373b82,6b9582430a1cfb0507b8986ae4e2d02f0089ba016326e607eddba68677949ff5,True,True
test,case-57777f483dd4b11fa71f,701,ord-b5501684f01bc7fe83ca0bdf,SKU-G,BAY-R,reply_lost_after_commit,763971c002eb2dead67fbe88bdcb94c7d750bd5d9e14d6e0f86b198c5279b892,e151a03da35ee46f2974c65e4f93a6766c6665822a2719bc8302f23bc33d0cda,True,True
test,case-efd8f2ccae80898e521f,701,ord-de171a3cd06e92fa037bb955,SKU-P,BAY-R,reply_lost_after_commit,763971c002eb2dead67fbe88bdcb94c7d750bd5d9e14d6e0f86b198c5279b892,e151a03da35ee46f2974c65e4f93a6766c6665822a2719bc8302f23bc33d0cda,True,True
test,case-b6bf84e82d5cff53e629,707,ord-c94003f6e4bcdd42125f5d7e,SKU-G,BAY-L,reply_lost_after_commit,40e5838ee59bccfde0fc299f9e94faf6699bfe48eca4fb0e43a0413de127b044,ea3974adb169222022592d71dea34e70d8f31a032438a334a8ba341c9f8b422f,True,True
test,case-9653aade1ec755385060,706,ord-c5eb8be1497605d0d512ee1e,SKU-P,BAY-L,reply_lost_after_commit,15c69bfc92b5b67f424ef18c47b0d50e58779f7c9e785edd935d80f559e08bb7,d1b036383957c9bc8070a5ee3b0cd287a5de596309b6d22d6344012e634d5ce2,True,True
test,case-0b3faedbb391afe5a8d4,702,ord-d1cfd3ac11d46c1889857102,SKU-P,BAY-R,clean,806dd4547a112b6d4fa99b2c9a434e402459b6bf083050d274e224ab6c8339af,5c0be7ad952d70bb52bb73557c916751c2db881173dc6d34343e17f647c192ce,True,True
test,case-5968c3a5b98de25d4d3d,703,ord-02b026facf4658596294491f,SKU-G,BAY-R,clean,2d98fd5583346f10ca450727d3c71e6e63d716516e460c843bbc9c2187373b82,6b9582430a1cfb0507b8986ae4e2d02f0089ba016326e607eddba68677949ff5,True,True
test,case-2e769883eea4daca71be,703,ord-02b026facf4658596294491f,SKU-G,BAY-R,reply_lost_after_commit,2d98fd5583346f10ca450727d3c71e6e63d716516e460c843bbc9c2187373b82,6b9582430a1cfb0507b8986ae4e2d02f0089ba016326e607eddba68677949ff5,True,True
test,case-414d98045e724772fc96,709,ord-a1c0c86abc09a241062e80aa,SKU-P,BAY-R,clean,defba0cc255df4fbd7ba1658edce557b8196d14a0795cc4889a5a38b03a258dc,e81d8ecef6abf797457d18af748ccb66933776b8c797f35f7299ab312bad8e21,True,False
test,case-c8624d03aba7504e01d3,709,ord-a5bb97e8b1c4d9500abf8824,SKU-G,BAY-L,reply_lost_after_commit,defba0cc255df4fbd7ba1658edce557b8196d14a0795cc4889a5a38b03a258dc,e81d8ecef6abf797457d18af748ccb66933776b8c797f35f7299ab312bad8e21,True,True
test,case-35642ae10ae1a94208f8,710,ord-01df2c9dd537497c173d9bac,SKU-G,BAY-R,reply_lost_after_commit,da8442303c2c809ddbbea0c48f5ac109a1c6d13c3bb85f84c7a194ecb876400b,94cd1439de8f6354c1e4f72d6972fe277617e7670c017de0888e1c4142d8ebbf,True,True
test,case-619798228c3ddd26d46c,706,ord-c5eb8be1497605d0d512ee1e,SKU-P,BAY-L,clean,15c69bfc92b5b67f424ef18c47b0d50e58779f7c9e785edd935d80f559e08bb7,d1b036383957c9bc8070a5ee3b0cd287a5de596309b6d22d6344012e634d5ce2,True,True
test,case-d02b3fe536674dac8c3d,701,ord-de171a3cd06e92fa037bb955,SKU-P,BAY-R,clean,763971c002eb2dead67fbe88bdcb94c7d750bd5d9e14d6e0f86b198c5279b892,e151a03da35ee46f2974c65e4f93a6766c6665822a2719bc8302f23bc33d0cda,True,True
test,case-64998709383f9ebdc3fe,705,ord-7fc69a95338116eab66fe3f9,SKU-P,BAY-L,clean,c91c84c1438239a35f96ceace823efcffd8c7acb8dd6ea1bc58e5bb50bdd4e65,9fdfa2b98394724fff44297b41e1dad6806e68677361ceb3ea312f4c637f3e18,True,True
test,case-63f17feacb2d71791647,708,ord-95225c4912f3d9386f8db2ad,SKU-G,BAY-R,reply_lost_after_commit,28727f241c9d11286d7106a8ff5d2f3f9644866fe142eed56b7ff69cad8f4923,c853101dfc4a1b710801beaebc95bf5582cafeec10266de0505299b5646d0b2f,True,True
test,case-312dc72a48b5b5e937aa,707,ord-9bd78c81efc9923997075296,SKU-P,BAY-R,reply_lost_after_commit,40e5838ee59bccfde0fc299f9e94faf6699bfe48eca4fb0e43a0413de127b044,ea3974adb169222022592d71dea34e70d8f31a032438a334a8ba341c9f8b422f,True,True
test,case-46c6505cb0904de23e12,710,ord-323d9208a7319c5e36c1c095,SKU-P,BAY-R,reply_lost_after_commit,da8442303c2c809ddbbea0c48f5ac109a1c6d13c3bb85f84c7a194ecb876400b,94cd1439de8f6354c1e4f72d6972fe277617e7670c017de0888e1c4142d8ebbf,True,True
test,case-5b8e4da62ab4e41f67e3,703,ord-792293bf0a62450bf333fd34,SKU-P,BAY-L,clean,2d98fd5583346f10ca450727d3c71e6e63d716516e460c843bbc9c2187373b82,6b9582430a1cfb0507b8986ae4e2d02f0089ba016326e607eddba68677949ff5,True,True
test,case-8b451fb808adaaec1ab5,705,ord-ca7e90a09706c2a7ec24d9fd,SKU-G,BAY-R,reply_lost_after_commit,c91c84c1438239a35f96ceace823efcffd8c7acb8dd6ea1bc58e5bb50bdd4e65,9fdfa2b98394724fff44297b41e1dad6806e68677361ceb3ea312f4c637f3e18,True,True
test,case-dc28b337291ceb24fd81,701,ord-4f5529027b22048f94599e89,SKU-P,BAY-L,reply_lost_after_commit,763971c002eb2dead67fbe88bdcb94c7d750bd5d9e14d6e0f86b198c5279b892,e151a03da35ee46f2974c65e4f93a6766c6665822a2719bc8302f23bc33d0cda,True,True
test,case-6b4b169ed566e91eba83,709,ord-600ff681509ad6fa152e576c,SKU-G,BAY-R,clean,defba0cc255df4fbd7ba1658edce557b8196d14a0795cc4889a5a38b03a258dc,e81d8ecef6abf797457d18af748ccb66933776b8c797f35f7299ab312bad8e21,True,False
test,case-6fc22e5d502b89c3b0ff,701,ord-28c62669c2d975dfab0c20cb,SKU-G,BAY-L,clean,763971c002eb2dead67fbe88bdcb94c7d750bd5d9e14d6e0f86b198c5279b892,e151a03da35ee46f2974c65e4f93a6766c6665822a2719bc8302f23bc33d0cda,True,True
test,case-1377f8c19f6c99433c88,701,ord-28c62669c2d975dfab0c20cb,SKU-G,BAY-L,reply_lost_after_commit,763971c002eb2dead67fbe88bdcb94c7d750bd5d9e14d6e0f86b198c5279b892,e151a03da35ee46f2974c65e4f93a6766c6665822a2719bc8302f23bc33d0cda,True,True
test,case-b9607adb1f656c913362,704,ord-861765148a1d6d0af2df358d,SKU-G,BAY-L,clean,691029ed7df041a36a494c0a8f5cd0fac2e2f8ca81c4f53b6148f9a1dbcbfe70,eec3ad6967ce7eb0e916eabc57c25c99dfc078c163d91e918511c4de5f2443e9,True,True
test,case-1366e777fc25be491fb0,710,ord-4c49963392a6967202be394f,SKU-G,BAY-L,clean,da8442303c2c809ddbbea0c48f5ac109a1c6d13c3bb85f84c7a194ecb876400b,94cd1439de8f6354c1e4f72d6972fe277617e7670c017de0888e1c4142d8ebbf,True,True
test,case-3165b72c8f2660fd24dd,707,ord-c94003f6e4bcdd42125f5d7e,SKU-G,BAY-L,clean,40e5838ee59bccfde0fc299f9e94faf6699bfe48eca4fb0e43a0413de127b044,ea3974adb169222022592d71dea34e70d8f31a032438a334a8ba341c9f8b422f,True,True
test,case-d150518738923ce84cec,705,ord-ca7e90a09706c2a7ec24d9fd,SKU-G,BAY-R,clean,c91c84c1438239a35f96ceace823efcffd8c7acb8dd6ea1bc58e5bb50bdd4e65,9fdfa2b98394724fff44297b41e1dad6806e68677361ceb3ea312f4c637f3e18,True,True
test,case-0cec6e1fbae4fb6ec239,702,ord-513e7a81a67a28109a446695,SKU-P,BAY-L,clean,806dd4547a112b6d4fa99b2c9a434e402459b6bf083050d274e224ab6c8339af,5c0be7ad952d70bb52bb73557c916751c2db881173dc6d34343e17f647c192ce,True,True
test,case-d621e5e7f69a9ab67b75,707,ord-51d3bf28922cdc2ef1e26271,SKU-P,BAY-L,clean,40e5838ee59bccfde0fc299f9e94faf6699bfe48eca4fb0e43a0413de127b044,ea3974adb169222022592d71dea34e70d8f31a032438a334a8ba341c9f8b422f,True,False
test,case-f9f139fa882b9c553896,708,ord-62bacbe5729e4c76536c0edf,SKU-P,BAY-R,reply_lost_after_commit,28727f241c9d11286d7106a8ff5d2f3f9644866fe142eed56b7ff69cad8f4923,c853101dfc4a1b710801beaebc95bf5582cafeec10266de0505299b5646d0b2f,True,True
test,case-4ad56e09b935c30bfb56,702,ord-d5feb18c7a6d7c573a1ec97b,SKU-G,BAY-R,clean,806dd4547a112b6d4fa99b2c9a434e402459b6bf083050d274e224ab6c8339af,5c0be7ad952d70bb52bb73557c916751c2db881173dc6d34343e17f647c192ce,True,True
test,case-1973ae6f81a59f8b2112,704,ord-ff629da2197137c494b69aa8,SKU-P,BAY-R,clean,691029ed7df041a36a494c0a8f5cd0fac2e2f8ca81c4f53b6148f9a1dbcbfe70,eec3ad6967ce7eb0e916eabc57c25c99dfc078c163d91e918511c4de5f2443e9,True,True
test,case-07777004782ec15d4a77,708,ord-95225c4912f3d9386f8db2ad,SKU-G,BAY-R,clean,28727f241c9d11286d7106a8ff5d2f3f9644866fe142eed56b7ff69cad8f4923,c853101dfc4a1b710801beaebc95bf5582cafeec10266de0505299b5646d0b2f,True,True
test,case-944be828ac0926ee822c,707,ord-a02d2d66687db9b6aa1d003a,SKU-G,BAY-R,reply_lost_after_commit,40e5838ee59bccfde0fc299f9e94faf6699bfe48eca4fb0e43a0413de127b044,ea3974adb169222022592d71dea34e70d8f31a032438a334a8ba341c9f8b422f,True,True
test,case-60723853a0fa7e789313,710,ord-01df2c9dd537497c173d9bac,SKU-G,BAY-R,clean,da8442303c2c809ddbbea0c48f5ac109a1c6d13c3bb85f84c7a194ecb876400b,94cd1439de8f6354c1e4f72d6972fe277617e7670c017de0888e1c4142d8ebbf,True,True
test,case-5f8d4d7b7e559b8329a7,703,ord-792293bf0a62450bf333fd34,SKU-P,BAY-L,reply_lost_after_commit,2d98fd5583346f10ca450727d3c71e6e63d716516e460c843bbc9c2187373b82,6b9582430a1cfb0507b8986ae4e2d02f0089ba016326e607eddba68677949ff5,True,True
test,case-c0a229e43e1f08f1224c,705,ord-42575f8ad05311cc4ab9db50,SKU-P,BAY-R,reply_lost_after_commit,c91c84c1438239a35f96ceace823efcffd8c7acb8dd6ea1bc58e5bb50bdd4e65,9fdfa2b98394724fff44297b41e1dad6806e68677361ceb3ea312f4c637f3e18,True,True
test,case-66df7733d9ed7fb4d2c6,705,ord-7fc69a95338116eab66fe3f9,SKU-P,BAY-L,reply_lost_after_commit,c91c84c1438239a35f96ceace823efcffd8c7acb8dd6ea1bc58e5bb50bdd4e65,9fdfa2b98394724fff44297b41e1dad6806e68677361ceb3ea312f4c637f3e18,True,True
test,case-ac27162014f01babf84b,707,ord-a02d2d66687db9b6aa1d003a,SKU-G,BAY-R,clean,40e5838ee59bccfde0fc299f9e94faf6699bfe48eca4fb0e43a0413de127b044,ea3974adb169222022592d71dea34e70d8f31a032438a334a8ba341c9f8b422f,True,True
test,case-100b916ae81a3c91ad9f,704,ord-62dcaff1eda836b3f719ead5,SKU-G,BAY-R,reply_lost_after_commit,691029ed7df041a36a494c0a8f5cd0fac2e2f8ca81c4f53b6148f9a1dbcbfe70,eec3ad6967ce7eb0e916eabc57c25c99dfc078c163d91e918511c4de5f2443e9,True,True
test,case-8b0167785c165cce8f8d,709,ord-c1f7b1ff4cc9c9a8c229dd96,SKU-P,BAY-L,clean,defba0cc255df4fbd7ba1658edce557b8196d14a0795cc4889a5a38b03a258dc,e81d8ecef6abf797457d18af748ccb66933776b8c797f35f7299ab312bad8e21,True,True
test,case-3d6e191a4b20a7071835,702,ord-3901012a087b11517f7c94c1,SKU-G,BAY-L,clean,806dd4547a112b6d4fa99b2c9a434e402459b6bf083050d274e224ab6c8339af,5c0be7ad952d70bb52bb73557c916751c2db881173dc6d34343e17f647c192ce,True,True
test,case-be54c7c33367cba70253,704,ord-62dcaff1eda836b3f719ead5,SKU-G,BAY-R,clean,691029ed7df041a36a494c0a8f5cd0fac2e2f8ca81c4f53b6148f9a1dbcbfe70,eec3ad6967ce7eb0e916eabc57c25c99dfc078c163d91e918511c4de5f2443e9,True,True
test,case-8a8977ea0cde241172fc,709,ord-a5bb97e8b1c4d9500abf8824,SKU-G,BAY-L,clean,defba0cc255df4fbd7ba1658edce557b8196d14a0795cc4889a5a38b03a258dc,e81d8ecef6abf797457d18af748ccb66933776b8c797f35f7299ab312bad8e21,True,True
test,case-1ea1ee373dbbdd1246f2,702,ord-d5feb18c7a6d7c573a1ec97b,SKU-G,BAY-R,reply_lost_after_commit,806dd4547a112b6d4fa99b2c9a434e402459b6bf083050d274e224ab6c8339af,5c0be7ad952d70bb52bb73557c916751c2db881173dc6d34343e17f647c192ce,True,True
test,case-32f6b7fd2a37cba95dae,706,ord-10c8df35ea3dcac80b0154a2,SKU-G,BAY-R,clean,15c69bfc92b5b67f424ef18c47b0d50e58779f7c9e785edd935d80f559e08bb7,d1b036383957c9bc8070a5ee3b0cd287a5de596309b6d22d6344012e634d5ce2,True,True
test,case-e8a18cba84ee87f40247,707,ord-51d3bf28922cdc2ef1e26271,SKU-P,BAY-L,reply_lost_after_commit,40e5838ee59bccfde0fc299f9e94faf6699bfe48eca4fb0e43a0413de127b044,ea3974adb169222022592d71dea34e70d8f31a032438a334a8ba341c9f8b422f,True,False
test,case-85ed8808ec4609aad75f,709,ord-c1f7b1ff4cc9c9a8c229dd96,SKU-P,BAY-L,reply_lost_after_commit,defba0cc255df4fbd7ba1658edce557b8196d14a0795cc4889a5a38b03a258dc,e81d8ecef6abf797457d18af748ccb66933776b8c797f35f7299ab312bad8e21,True,True
test,case-b846f757e8d2bd887d48,708,ord-32d30373c82c6d5c0d484297,SKU-G,BAY-L,reply_lost_after_commit,28727f241c9d11286d7106a8ff5d2f3f9644866fe142eed56b7ff69cad8f4923,c853101dfc4a1b710801beaebc95bf5582cafeec10266de0505299b5646d0b2f,True,True
test,case-5a5027c685fec709d72e,704,ord-ff629da2197137c494b69aa8,SKU-P,BAY-R,reply_lost_after_commit,691029ed7df041a36a494c0a8f5cd0fac2e2f8ca81c4f53b6148f9a1dbcbfe70,eec3ad6967ce7eb0e916eabc57c25c99dfc078c163d91e918511c4de5f2443e9,True,True
test,case-a4017c5fe0812f90afcd,704,ord-9c5969d9ffdf01bed01b9732,SKU-P,BAY-L,reply_lost_after_commit,691029ed7df041a36a494c0a8f5cd0fac2e2f8ca81c4f53b6148f9a1dbcbfe70,eec3ad6967ce7eb0e916eabc57c25c99dfc078c163d91e918511c4de5f2443e9,True,True
test,case-29cf344615419961d2ea,708,ord-62bacbe5729e4c76536c0edf,SKU-P,BAY-R,clean,28727f241c9d11286d7106a8ff5d2f3f9644866fe142eed56b7ff69cad8f4923,c853101dfc4a1b710801beaebc95bf5582cafeec10266de0505299b5646d0b2f,True,True
test,case-7535b63fae3fca7e8b8f,706,ord-5d052d866445f90b13577584,SKU-P,BAY-R,clean,15c69bfc92b5b67f424ef18c47b0d50e58779f7c9e785edd935d80f559e08bb7,d1b036383957c9bc8070a5ee3b0cd287a5de596309b6d22d6344012e634d5ce2,True,True
test,case-6ca3b7f92240d0b50a42,703,ord-0558f859de06376867f1828c,SKU-G,BAY-L,clean,2d98fd5583346f10ca450727d3c71e6e63d716516e460c843bbc9c2187373b82,6b9582430a1cfb0507b8986ae4e2d02f0089ba016326e607eddba68677949ff5,True,True
test,case-020928ada57dfb22b4b2,702,ord-513e7a81a67a28109a446695,SKU-P,BAY-L,reply_lost_after_commit,806dd4547a112b6d4fa99b2c9a434e402459b6bf083050d274e224ab6c8339af,5c0be7ad952d70bb52bb73557c916751c2db881173dc6d34343e17f647c192ce,True,True
test,case-9ccda7672dd151b34af7,702,ord-3901012a087b11517f7c94c1,SKU-G,BAY-L,reply_lost_after_commit,806dd4547a112b6d4fa99b2c9a434e402459b6bf083050d274e224ab6c8339af,5c0be7ad952d70bb52bb73557c916751c2db881173dc6d34343e17f647c192ce,True,True
test,case-fa968d907e65f2fe4ec0,706,ord-9223a5699c20a4e40e22bcba,SKU-G,BAY-L,clean,15c69bfc92b5b67f424ef18c47b0d50e58779f7c9e785edd935d80f559e08bb7,d1b036383957c9bc8070a5ee3b0cd287a5de596309b6d22d6344012e634d5ce2,True,True
test,case-20b2b67a7a291c2d8e2f,705,ord-cbb9e79b85eef48cb93063b6,SKU-G,BAY-L,reply_lost_after_commit,c91c84c1438239a35f96ceace823efcffd8c7acb8dd6ea1bc58e5bb50bdd4e65,9fdfa2b98394724fff44297b41e1dad6806e68677361ceb3ea312f4c637f3e18,True,True
test,case-71264654a5e256ef3b9a,709,ord-a1c0c86abc09a241062e80aa,SKU-P,BAY-R,reply_lost_after_commit,defba0cc255df4fbd7ba1658edce557b8196d14a0795cc4889a5a38b03a258dc,e81d8ecef6abf797457d18af748ccb66933776b8c797f35f7299ab312bad8e21,True,False
test,case-4dbb78eec19cf123e9bf,702,ord-d1cfd3ac11d46c1889857102,SKU-P,BAY-R,reply_lost_after_commit,806dd4547a112b6d4fa99b2c9a434e402459b6bf083050d274e224ab6c8339af,5c0be7ad952d70bb52bb73557c916751c2db881173dc6d34343e17f647c192ce,True,True
test,case-e3486fb8ea96d8121b6e,706,ord-10c8df35ea3dcac80b0154a2,SKU-G,BAY-R,reply_lost_after_commit,15c69bfc92b5b67f424ef18c47b0d50e58779f7c9e785edd935d80f559e08bb7,d1b036383957c9bc8070a5ee3b0cd287a5de596309b6d22d6344012e634d5ce2,True,True
test,case-de359ed926e1b6a3ea04,705,ord-cbb9e79b85eef48cb93063b6,SKU-G,BAY-L,clean,c91c84c1438239a35f96ceace823efcffd8c7acb8dd6ea1bc58e5bb50bdd4e65,9fdfa2b98394724fff44297b41e1dad6806e68677361ceb3ea312f4c637f3e18,True,True
test,case-679fac9c825c87f53ac4,709,ord-600ff681509ad6fa152e576c,SKU-G,BAY-R,reply_lost_after_commit,defba0cc255df4fbd7ba1658edce557b8196d14a0795cc4889a5a38b03a258dc,e81d8ecef6abf797457d18af748ccb66933776b8c797f35f7299ab312bad8e21,True,False
test,case-67bbd6bc5cfcee34d63f,708,ord-32d30373c82c6d5c0d484297,SKU-G,BAY-L,clean,28727f241c9d11286d7106a8ff5d2f3f9644866fe142eed56b7ff69cad8f4923,c853101dfc4a1b710801beaebc95bf5582cafeec10266de0505299b5646d0b2f,True,True
test,case-bbdf13a38a40e1bd82e7,710,ord-337e05f5689162f9254794cf,SKU-P,BAY-L,clean,da8442303c2c809ddbbea0c48f5ac109a1c6d13c3bb85f84c7a194ecb876400b,94cd1439de8f6354c1e4f72d6972fe277617e7670c017de0888e1c4142d8ebbf,True,True
test,case-ece2c4d395e32dcef069,703,ord-db0d7b94399d03dfac23b89b,SKU-P,BAY-R,clean,2d98fd5583346f10ca450727d3c71e6e63d716516e460c843bbc9c2187373b82,6b9582430a1cfb0507b8986ae4e2d02f0089ba016326e607eddba68677949ff5,True,True
test,case-a5cf8148aca5d12e7acc,710,ord-337e05f5689162f9254794cf,SKU-P,BAY-L,reply_lost_after_commit,da8442303c2c809ddbbea0c48f5ac109a1c6d13c3bb85f84c7a194ecb876400b,94cd1439de8f6354c1e4f72d6972fe277617e7670c017de0888e1c4142d8ebbf,True,True
test,case-cd5ae69382e06394ed72,708,ord-002e45727673670b4978cdd7,SKU-P,BAY-L,clean,28727f241c9d11286d7106a8ff5d2f3f9644866fe142eed56b7ff69cad8f4923,c853101dfc4a1b710801beaebc95bf5582cafeec10266de0505299b5646d0b2f,True,True
test,case-3bfd95906913fcb1eefe,708,ord-002e45727673670b4978cdd7,SKU-P,BAY-L,reply_lost_after_commit,28727f241c9d11286d7106a8ff5d2f3f9644866fe142eed56b7ff69cad8f4923,c853101dfc4a1b710801beaebc95bf5582cafeec10266de0505299b5646d0b2f,True,True
test,case-a3085ce78bcf323cc1d8,706,ord-9223a5699c20a4e40e22bcba,SKU-G,BAY-L,reply_lost_after_commit,15c69bfc92b5b67f424ef18c47b0d50e58779f7c9e785edd935d80f559e08bb7,d1b036383957c9bc8070a5ee3b0cd287a5de596309b6d22d6344012e634d5ce2,True,True
test,case-fee36c11ae156151c642,703,ord-0558f859de06376867f1828c,SKU-G,BAY-L,reply_lost_after_commit,2d98fd5583346f10ca450727d3c71e6e63d716516e460c843bbc9c2187373b82,6b9582430a1cfb0507b8986ae4e2d02f0089ba016326e607eddba68677949ff5,True,True
test,case-0242190e70eff7cdb3e9,707,ord-9bd78c81efc9923997075296,SKU-P,BAY-R,clean,40e5838ee59bccfde0fc299f9e94faf6699bfe48eca4fb0e43a0413de127b044,ea3974adb169222022592d71dea34e70d8f31a032438a334a8ba341c9f8b422f,True,True
test,case-5d638826796c93dbd0e3,710,ord-4c49963392a6967202be394f,SKU-G,BAY-L,reply_lost_after_commit,da8442303c2c809ddbbea0c48f5ac109a1c6d13c3bb85f84c7a194ecb876400b,94cd1439de8f6354c1e4f72d6972fe277617e7670c017de0888e1c4142d8ebbf,True,True
test,case-aab9a7ee3b232cfd561a,710,ord-323d9208a7319c5e36c1c095,SKU-P,BAY-R,clean,da8442303c2c809ddbbea0c48f5ac109a1c6d13c3bb85f84c7a194ecb876400b,94cd1439de8f6354c1e4f72d6972fe277617e7670c017de0888e1c4142d8ebbf,True,True
test,case-63119c0d665c7a034da3,706,ord-5d052d866445f90b13577584,SKU-P,BAY-R,reply_lost_after_commit,15c69bfc92b5b67f424ef18c47b0d50e58779f7c9e785edd935d80f559e08bb7,d1b036383957c9bc8070a5ee3b0cd287a5de596309b6d22d6344012e634d5ce2,True,True
test,case-8c51a97cbd4b4a5d5b18,701,ord-4f5529027b22048f94599e89,SKU-P,BAY-L,clean,763971c002eb2dead67fbe88bdcb94c7d750bd5d9e14d6e0f86b198c5279b892,e151a03da35ee46f2974c65e4f93a6766c6665822a2719bc8302f23bc33d0cda,True,True
test,case-b12916f0b4397884262b,701,ord-b5501684f01bc7fe83ca0bdf,SKU-G,BAY-R,clean,763971c002eb2dead67fbe88bdcb94c7d750bd5d9e14d6e0f86b198c5279b892,e151a03da35ee46f2974c65e4f93a6766c6665822a2719bc8302f23bc33d0cda,True,True
test,case-525cbf32dd97da7d108e,704,ord-9c5969d9ffdf01bed01b9732,SKU-P,BAY-L,clean,691029ed7df041a36a494c0a8f5cd0fac2e2f8ca81c4f53b6148f9a1dbcbfe70,eec3ad6967ce7eb0e916eabc57c25c99dfc078c163d91e918511c4de5f2443e9,True,True
test,case-b8496dda5a86af28d52c,704,ord-861765148a1d6d0af2df358d,SKU-G,BAY-L,reply_lost_after_commit,691029ed7df041a36a494c0a8f5cd0fac2e2f8ca81c4f53b6148f9a1dbcbfe70,eec3ad6967ce7eb0e916eabc57c25c99dfc078c163d91e918511c4de5f2443e9,True,True
