benchmark,year,group,scope,version,application_domains,scenes,native_tasks,cases_or_episodes,data_resources,materials,embodiment,observations,evaluation,difficulty,difference_to_our_plan,counting_note,canonical_g2,evidence,primary_sources
我們 v0.5｜規劃目標,2026,本計畫：目標與實績,僅模擬；人類影片配對另有 track,v0.4核心目標＋v0.5製作規格／2026-09-25,12 個共同應用場域；每域 ≥100 適用 G2、≥8 families、≥3 mechanisms,"製作預算：240任務相關layouts／48 styles／至少6,000有效配置；尚待建立驗收","2,000–3,000 個去重 G2 初始目標；至少最大可比基準 2×，必要時上調","純示例：2,400 G2 → 3,000 execution bindings → 30,000 G3 → 120,000 G4",human-observation track 300–500 G2／≥8 場域；影片 pair 總量未訂,6 類物理模型；5 類非剛體各先提出 ≥20 適用 G2／≥3 families,單臂、雙臂／靈巧、移動操作三組，各 ≥100 適用 G2；R6 擴展,文字、頭戴／身體、VLOG／剪輯、外部、多視角、robot 示範與歷史,T5 執行＋T6恢復為主；T1–T8按合法資料條件啟用；macro＋micro＋分層難度,預計以固定 agent panel、相同 contract 的成功率與不確定性校準；目前沒有實測難度分數。,目標是較大的去重任務聯集、較廣有效覆蓋與统一執行證據；尚未證明領先。,上述都是目標／條件式示例；12 labels、120k G4、3k bindings不改報獨立任務數。240×48的全部組合不自動有效；實際場景規模優勢仍待驗證。,TBD,研究設計提案，非實績,https://jasonya.github.io/robot-use-benchmark/zh-hant/design.html
我們｜目前開發實績,2026,本計畫：目標與實績,僅模擬；人類影片配對另有 track,設計 v0.4；原生開發證據 2026-09-25 / adapter 0.2,12 類設計標籤；0 個已驗證場域覆蓋格子,750 個原生 task-bound 初態；獨立房屋／layout 聯集尚未建立,正式去重 G2：TBD；已跑 50 個 Meta-World 原生任務，皆為復用；180 authored blueprints 另列,"250 個新初態 × 5 方法＝1,250 次測試；歷史 4,286 次開發執行","5,020 原生來源紀錄、20 repos／21 snapshots；本計畫 human pairs 0",MuJoCo 原生剛體／關節接觸任務已跑；6 類材料目標的全庫支撐未完成,1 個 Sawyer 單臂 state＋goal adapter；雙臂／移動／其他材料仍待驗證,39 維 state＋明示目標；robot 模擬重播影片；人類影片到執行 pairs 仍 0,腳本參考、隨機、零動作、線性 BC、Extra Trees BC；100 次重播、權重與 reset 核驗,已有五方法×50原生任務結果與五個seed區塊的不確定性描述；尚未建立通用難度校準。,已有可追蹤的原生執行和學習基線；正式 G2 規模、廣度與通用效能優勢仍待驗證。,"50 是既有原生任務 ID；750 初態、1,250 本次測試和 4,286 歷史 trials 都不是新增 G2。BC 為每任務專用 state 模型，測新初態，不宣稱新任務泛化。",TBD,原生開發執行有完整證據；正式通用 release 未完成,https://jasonya.github.io/robot-use-benchmark/zh-hant/design.html | https://jasonya.github.io/robot-use-benchmark/zh-hant/execution.html
BEHAVIOR-1K,2024,一般操作與活動,模擬；論文另有實體實驗,引用連結版本／2026-09-22 擷取快照,8 種原生場景類別：住宅、帶花園住宅、旅館、辦公室、雜貨店、大廳、餐廳、學校；學校含實驗室,50 個互動場景資源,"1,000 個 everyday activities",活動／場景可實例化；不把 50 個場景當成測例數,"9,000+ 物件模型",剛體、關節、布料、流體等；含狀態／物質抽象,移動操作等；依活動與機體配置,robot 觀測＋活動目標；人類需求調查不是影片條件,日常活動完成、長流程、物件狀態,保留原作任務／泛化條件；本輪未建立跨 benchmark 共用的實測難度量尺。,已有廣泛日常活動與多類場域；我們須證明共同分類下新增了哪些任務／有效格子。,"八類是原生場景分類，不能與我們 12 應用類直接作倍數比較；固定程式盤點 1,016 活動目錄另列。",TBD,原文摘要／指定章節與公開來源整理；非逐題驗證,https://arxiv.org/html/2403.09227v1
RoboCasa365,2026,一般操作與活動,模擬,引用連結版本／2026-09-22 擷取快照,廚房活動；60 種原生活動分組,"2,500 個 pretraining 廚房（50 layouts × 50 styles）；另有 10 個 target 廚房",365 個 tasks；正式 target 評測子集 50,測例依 task、場景與初態生成；全庫固定測例總數未在本輪歸一,500k+ 示範；人類遙控及合成來源分開,廚房剛體、關節與設備／物料狀態；各物理效果按任務核對,操作／移動機體依配置,robot 視覺＋語言；human demonstrations 指遙控資料，非等同觀察人做事的影片,操作、語義、長流程與記憶；50 task target protocol,保留原作任務／泛化條件；本輪未建立跨 benchmark 共用的實測難度量尺。,"我們擬擴大應用場域與任務聯集；場景資產數目前尚無超越其 2,500 的證據。","2,500 是 layout/style 場景資源，與 G3 初態實例不同；365 全庫、317 資料 registry、50 評測子集各有 scope。",TBD,原文摘要／指定章節與公開來源整理；非逐題驗證,https://arxiv.org/html/2603.04356v1
VLABench,2024,一般操作與活動,模擬,引用連結版本／2026-09-22 擷取快照,日常操作、知識／常識與隱含意圖；100 是任務分類，不是領域數,隨機化操作情境；独立環境資產總數本輪未核,100 個 task categories,每類可隨機化；固定全庫 case 數未核,"2,000+ 物件；自動生成訓練示範",以物件與機構操作為主；材料支撐逐題另核,操作機器人,語言、視覺及可用狀態；隱含意圖指令,知識轉移、多步推理、action policy 與語言模型,保留原作任務／泛化條件；本輪未建立跨 benchmark 共用的實測難度量尺。,已有超出簡單指令取放的推理任務；我們需增加有效任務、場域與跨材料覆蓋。,論文 100 類與固定程式 96 registrations 分別保留，不任意取較小者。,TBD,原文摘要／指定章節與公開來源整理；非逐題驗證,https://arxiv.org/abs/2412.18194v1
RLBench,2019,一般操作與活動,模擬,引用連結版本／2026-09-22 擷取快照,多樣桌面／設備操作；任務題材不等於完整部署場域,固定程式含 106 個 .ttm 任務場景檔；非 106 個應用領域,論文 100 tasks；固定程式 106 Task classes,各 task 有 variations；case 總量依生成設定,waypoint／motion-planner 示範可生成；不寫成實際無限筆,物件、關節與精密接觸；材料種類依 task,預設操作臂；觀測與動作模式可配置,本體狀態、RGB、depth、segmentation、外部／手眼相機,多任務、模仿學習、few-shot、較長操作序列,保留原作任務／泛化條件；本輪未建立跨 benchmark 共用的實測難度量尺。,我們擬從多技能操作擴到有場域條件、資料條件與恢復協作的全庫。,場景檔數、task classes 和 variations 不是同一單位；桌面道具不可自動標成工廠／門店。,TBD,原文摘要／指定章節與公開來源整理；非逐題驗證,https://arxiv.org/abs/1909.12271
Meta-World,2019,一般操作與活動,模擬,引用連結版本／2026-09-22 擷取快照,多任務／meta-RL 操作技能,桌面技能環境；非城市或家居場景庫,50 個 manipulation tasks,位置／goal variations；不另算任務種類,示範與 rollout 依使用者實驗產生,剛體、關節與接觸,單臂操作,狀態／視覺依設定,multi-task、meta-learning、held-out task 泛化,保留原作任務／泛化條件；本輪未建立跨 benchmark 共用的實測難度量尺。,我們擬加入完整工作、更多場域與跨材料／資訊條件；技能泛化仍是重要對照。,不可把 50 tasks 說成 50 個應用場域，也不把每個位置 seed 加成新 G2。,TBD,原文摘要／指定章節與公開來源整理；非逐題驗證,https://arxiv.org/abs/1910.10897
LIBERO,2023,一般操作與活動,模擬,引用連結版本／2026-09-22 擷取快照,物件／空間／目標與長流程的日常桌面操作,程序生成的 tabletop／kitchen 等場景；資產場景總数本輪未核,130 個 native task IDs；論文四類 suite；程式分為五個清單,測例／初態依 task 與 protocol；長流程 subset 10 tasks,人類遙控 robot 示範,剛體與關節等,操作臂,語言＋robot 視覺；遙控示範不等於 human-video input,lifelong transfer、空間／物件／目標知識、長流程,保留原作任務／泛化條件；本輪未建立跨 benchmark 共用的實測難度量尺。,是完整庫可復用來源；我們需要共同去重與跨場域增量，而非把移植版再加一次。,130 是原生 ID，不代表共同 G2 已審核；LIBERO-90／10 的 90+10 與另外三組 10 都保留。,TBD,原文摘要／指定章節與公開來源整理；非逐題驗證,https://arxiv.org/abs/2306.03310
CALVIN,2021,一般操作與活動,模擬,引用連結版本／2026-09-22 擷取快照,語言條件桌面操作與技能串接,4 個環境 A–D,34 個 subtask／skill 目標,"1,000 條評測 instruction chains，每條 5 個子任務",約 24 小時 play data；約 20k 語言標註 directives,剛體、抽屜／滑門／按鈕等機構,單臂；感測器可配置,語言、外部／gripper camera、可選觸覺,長流程串接、跨環境／語言／物件泛化,按 1–5 個順序子任務的完成率評估；串接長度不是跨 benchmark 校準難度。,已有大量組合鏈；我們的獨立任務數、場域覆蓋與測例量要分欄比。,"34 子任務與 1,000 條五步鏈都重要，但不能當成同粒度的 1,034 個 G2。",TBD,原文摘要／指定章節與公開來源整理；非逐題驗證,https://arxiv.org/abs/2112.03227 | https://arxiv.org/html/2112.03227
ManiSkill2,2023,一般操作與活動,模擬,引用連結版本／2026-09-22 擷取快照,20 個 manipulation task families；含固定／移動與單／雙臂,"物件、拓撲、幾何與初態變化；不以 2,000 物件當場景",20 個 task families；v0.5.3 程式 21 registrations,實例／case 依資產與 protocol,"2,000+ 物件；4M+ 示範 frames",剛體與 soft-body；具多種材料任務,固定／移動、單／雙臂,RGBD／point cloud 等，controller 可配置,操作泛化、2D／3D輸入、統一接口與評測,保留原作任務／泛化條件；本輪未建立跨 benchmark 共用的實測難度量尺。,多機體、柔性物、統一接口已存在；我們的增量要由任務與場域交叉覆蓋支持。,20 families、21 IDs、4M frames 分屬不同層級。,TBD,原文摘要／指定章節與公開來源整理；非逐題驗證,https://arxiv.org/abs/2302.04659
ManiSkill3,2024,整合框架與接口,GPU 模擬平台與任務環境,引用連結版本／2026-09-22 擷取快照,原作稱 12 domains，例子含移動、humanoid、dexterous；屬能力／機體分組,artist scenes 與 digital twins；獨立場景總數本輪未核,固定版本 65 task registrations；原文 12 domains 不是 12 個部署場域,依選用環境、資產與初態生成,millions of demonstration frames,接觸操作；物理材料支援依具體環境,多機體，含移動、靈巧與 humanoid,state／visual，point clouds、voxels 等,GPU 平行操作學習、RL／IL 與多類任務環境,保留原作任務／泛化條件；本輪未建立跨 benchmark 共用的實測難度量尺。,已具廣泛機體與任務接口；不能以我們也有 12 個標籤宣稱領域更廣。,12 domains、65 registrations 和部署場域均不等價；沿用固定程式快照。,TBD,原文摘要／指定章節與公開來源整理；非逐題驗證,https://arxiv.org/abs/2410.00425
RoboTwin 2.0,2025,一般操作與活動,模擬；sim-to-real 實驗,引用連結版本／2026-09-22 擷取快照,多樣雙臂操作；五種 randomization 軸非五應用領域,任務場景加 clutter／lighting／background／table height 等隨機化,50 個 dual-arm tasks,依任務與隨機化設定生成，無單一固定 case 總數,731 個物件實例、147 類；自動生成示範,雙臂物件與接觸操作；材料分布另核,5 種機體,視覺＋語言；合成 robot demonstrations,雙臂、跨機體、domain randomization、sim-to-real,保留原作任務／泛化條件；本輪未建立跨 benchmark 共用的實測難度量尺。,我們需增加雙臂任務與其他場域的有效聯集；多機體／自動生成本身已有先例。,物件類、物件實例、五個隨機化軸、五種機體不與 task 數混加。,TBD,原文摘要／指定章節與公開來源整理；非逐題驗證,https://arxiv.org/abs/2506.18088
GarmentLab,2024,柔性物與移動操作,模擬；實體 benchmark／轉移,引用連結版本／2026-09-22 擷取快照,衣物、布料及穿戴／收納相關操作,衣物、物件、fluid、avatar 互動場景；獨立場景資產總數未歸一,20 個 tasks，分 5 個互動類別,資產與操作配置形成實例；全庫測例總數未核,多類衣物、機器人、操控器與示範,布料＋剛體／關節／fluid／human-body 互動；FEM／PBD,多機器人、夾爪／手等操控器,robot 視覺／狀態，依 task,衣物與跨物理介質互動、泛化、sim-to-real,保留原作任務／泛化條件；本輪未建立跨 benchmark 共用的實測難度量尺。,柔性物與跨物理互動已有專門 benchmark；我們的貢獻需要聯集之外的覆蓋。,本地來源盤點的 10 個 demo entrypoints 不取代論文 20 tasks；5 組是互動類，不是部署場域。,TBD,原文摘要／指定章節與公開來源整理；非逐題驗證,https://arxiv.org/abs/2411.01200 | https://arxiv.org/html/2411.01200
DexGarmentLab,2025,柔性物與移動操作,模擬；實體轉移實驗,引用連結版本／2026-09-22 擷取快照,靈巧衣物操作,衣物幾何、形變、操作情境與大規模 3D assets,15 個 task scenarios,多衣物實例與初始形變；測例總數本輪未核,由單一 expert demonstration 擴展多樣 trajectories,布料／衣物與接觸,雙臂靈巧手,視覺／狀態；結構對應與 affordance,靈巧雙臂、衣物形狀／形變泛化,保留原作任務／泛化條件；本輪未建立跨 benchmark 共用的實測難度量尺。,我們的衣物 track 須對照其具體任務，不能只以「含摺衣」作新穎性。,15 task scenarios 不是 15 個場域；本地亦提取 15 個場景入口。,TBD,原文摘要／指定章節與公開來源整理；非逐題驗證,https://arxiv.org/abs/2505.11032
SoftGym,2020,柔性物與移動操作,模擬,引用連結版本／2026-09-22 擷取快照,布料、繩與水的技能評測；部署場域未作核心分類,材料技能場景與隨機初態,固定程式 12 registrations，含變體；不可視為已去重 G2,依材料、配置與 seed 生成,環境／policy rollouts；統一資料庫筆數未核,布料、繩索、流體,抽象 picker／容器控制等；不等同全機器人,state／image，部分可觀測,柔性物 RL 與觀測／狀態設計,保留原作任務／泛化條件；本輪未建立跨 benchmark 共用的實測難度量尺。,提供材料與判分候選；需加入真實機體約定與完整工作才能納入我們的執行庫。,同名操作在 picker 與完整機體下的控制條件不同；不直接比較成功率。,TBD,原文摘要／指定章節與公開來源整理；非逐題驗證,https://arxiv.org/abs/2011.07215
MoDeSuite,2025,柔性物與移動操作,模擬；Spot 實體轉移,引用連結版本／2026-09-22 擷取快照,移動操作與柔性／彈性物件,8 項應用啟發的操作情境；背景資產數未核,8 個 mobile manipulation tasks,各任務實例／rollouts 依 protocol,RL／IL 實驗資料，總量本輪未核,彈性與柔性物；逐題材料模型另核,移動底座＋操作臂；含 Spot,robot 感測與動作控制,底座／手臂協調、利用形變、sim-to-real,保留原作任務／泛化條件；本輪未建立跨 benchmark 共用的實測難度量尺。,移動＋柔性物已有直接先例；我們擬擴充任務和部署場域的有效組合。,底座和手臂協調不等於多 agent／人機協作。,TBD,原文摘要／指定章節與公開來源整理；非逐題驗證,https://arxiv.org/abs/2507.21796
AutoBio,2025,專業場域,模擬,引用連結版本／2026-09-22 擷取快照,biology laboratory 的儀器與實驗程序操作,實驗室儀器數位化場景；獨立場景總數未核,16 個 tasks；3 個設計難度層,論文選 9 tasks 做主實驗；每任務示範量另列,受測任務各 100 demonstration trajectories（訓練用途）,器皿、設備機構、透明材料；流體效應須依實作另核,實驗室操作機器人,語言、視覺、proprioception／儀器介面,精密操作、視覺推理、指令與程序,原作分 3 個設計難度層；主實驗每層取 3 tasks。層級僅在該基準內解讀。,專業實驗室已存在專門基準；我們需比較真正的新程序和場域聯集。,16 全庫、9 實驗 subset、每題 100 demonstrations 分開；3 難度層不是跨 benchmark 校準量尺。,TBD,原文摘要／指定章節與公開來源整理；非逐題驗證,https://arxiv.org/abs/2505.14030 | https://arxiv.org/html/2505.14030
ALFRED,2019,家務、導航與協作,AI2-THOR 模擬,引用連結版本／2026-09-22 擷取快照,家庭室內；7 種任務類型,120 個 indoor scenes,7 個 parameterized task types,"8,055 expert demonstration episodes；25,743 language directives","428,322 image–action pairs（論文資源）",剛體與離散物件／設備狀態；不宣稱相應熱學／清洗物理,導航 agent＋離散 object interactions,高／低階語言指令、egocentric robot 視覺,導航、長流程、不可逆狀態變化、語言落地,保留原作任務／泛化條件；本輪未建立跨 benchmark 共用的實測難度量尺。,已有大量實例級題目；我們要在任務種類和物理操控層另作比較。,"同一 demonstration 可有多份語言標註；25,743 directives 不等於這麼多獨立任務種類。",TBD,原文摘要／指定章節與公開來源整理；非逐題驗證,https://arxiv.org/abs/1912.01734 | https://arxiv.org/html/1912.01734
TEACh,2021,家務、導航與協作,AI2-THOR 模擬,引用連結版本／2026-09-22 擷取快照,對話協作式家庭工作,AI2-THOR 室內場景；實際場景聯集本輪未核,12 種 task types（論文資料）；程式 25 schemas 另列,"3,047 successful human–human gameplay sessions",對話＋狀態／action traces；三個 benchmark protocols,剛體與離散狀態交互,Commander／Follower；導航與物件交互,對話、歷史、egocentric agent 視覺,對話理解、指令澄清、任務執行；EDH／TFD 等,保留原作任務／泛化條件；本輪未建立跨 benchmark 共用的實測難度量尺。,對話與協作已有先例；我們需擴大相容實例和連續物理操作。,"3,047 sessions 不等於 EDH case 數；12 task types 與程式 25 schemas 是不同 scope。",TBD,原文摘要／指定章節與公開來源整理；非逐題驗證,https://arxiv.org/abs/2110.00534 | https://arxiv.org/html/2110.00534
PARTNR,2024,家務、導航與協作,Habitat 模擬,引用連結版本／2026-09-22 擷取快照,多 agent 家庭活動；4 類約束／能力分組,60 個房屋：37 train、13 validation、10 test,4 個 task types；具體語義任務種類尚需正規化,"100,000 train episodes＋1,000 validation＋1,000 test；原文概述 100k tasks","5,819 個 unique objects；每 episode 有 instruction／evaluation",物件、空間與狀態交互,模擬 human／robot agents；高低階 action 設定,語言任務＋agent 觀測；分散／集中控制,規劃、推理、時空／異質能力約束、協作,保留原作任務／泛化條件；本輪未建立跨 benchmark 共用的實測難度量尺。,"是必須納入的大型 episode 級對照；我們的 2,000–3,000 G2 不能直接與 100k 比大小。",100k 是指令與環境綁定的 episodes；不能降成『只有 4 題』，也不能直接認定 100k 個獨立 G2。程式六個生成 configs 更不是任務種類。,TBD,原文摘要／指定章節與公開來源整理；非逐題驗證,https://arxiv.org/html/2411.00081
WatchAct,2026,人類影片到機器人,模擬；FR3 實體實驗,引用連結版本／2026-09-22 擷取快照,家庭／輔助操作題材；4 個 cognitive domains,真實人類影片與 executable LIBERO task 配對,14 個原生認知 task schemas；操作 G2 種類待共同審核,"3,000 個 long-horizon video–task instances；2026-09-25 公開 HF 版本另實數 3,045 evaluation rows","人類行為影片＋goal／oracle plan／執行資料；HF metadata 609 原例、1,827 個三視角影片路徑",配對操作以原生環境物件為準,模擬操作臂；Franka Research 3 實驗,人類影片，變化 camera viewpoint、角色與歷史條件,事件、程序、意圖、episodic memory；reasoning／oracle-plan／full pipeline,認知題型、oracle plan 長度與 camera viewpoint 等分層；未作跨基準難度校準。,已把觀察人類、推理與執行串起來；我們的增量在更大且更廣的任務／場景聯集。,"14 是認知型任務 schema，4 是認知域；都不能當成 14 種物理工作或 4 個部署領域。 論文 3,000 與固定 HF 版本 3,045 分開保留；每原例衍生 5 列、3 個外部視角影片。本計畫只核對 metadata 連結，尚未據此聲稱已觀看影片或跑過配對任務。",TBD,原文摘要／指定章節與公開來源整理；非逐題驗證,https://arxiv.org/html/2606.26443v1 | https://huggingface.co/datasets/BaiqiL/WatchAct/tree/459e9a9faf7399754d34d53c48f277292ccc7885
RoboReel,2026,人類影片到機器人,人類真實影片＋模擬執行,引用連結版本／2026-09-22 擷取快照,Learning from Observation 操作任務,human demonstration videos 與 simulation task environments,10 個 manipulation tasks；4 個 test suites,各 suite 的 case／rollout 總數本輪未核,人類影片＋simulated robot trajectories,操作物件／接觸；完整材料分布另核,模擬操作機器人,human videos 用於學習 policy；不同表示與資料條件,LfO、視覺干擾、長流程、低容差操作,保留原作任務／泛化條件；本輪未建立跨 benchmark 共用的實測難度量尺。,人類影片學習已是正式 benchmark；我們擬擴到更多場域與材料，並保持學習設定可比。,4 suites 不是 4 應用領域；訓練影片到 policy 與推論時看示範必須分開。,TBD,原文摘要／指定章節與公開來源整理；非逐題驗證,https://arxiv.org/abs/2609.08209v2
The Imitator Game,2026,人類影片到機器人,模擬＋實體；分開計數,引用連結版本／2026-09-22 擷取快照,6 原生領域：Household、Supermarket、Restaurant、Logistics、Hospital、Laboratory,跨六領域的 human–robot 對齊情境；獨立場景資產總數未核,50+ base tasks；各域列數共 53；200+ L0–L3 variants,paired episodes 是資料資源，不是每個模型都跑過的 test cases,"20,000+ pairs；原文細分 11.7k real pairs＋10k simulation pairs",含衣物、容器、包裝等；各物理模型／sim-real 適用性另核,多視角 human–robot 配對；sim／real機體各有約定,人類示範；L0–L3 情境／物件／affordance mismatch,模仿能力階梯、執行與 human A/B preference,L0–L3 模仿情境／物件／affordance mismatch；不是與其他 benchmark 共用的難度分數。,已同時跨六個應用領域且含布品／物流／實驗室；是我們的人類觀測 track 的重要直接對照。,53 mappings、200+ variants、20k+ pairs 不得相加。Hospital 不自動等同我們的非臨床 D11。,TBD,原文摘要／指定章節與公開來源整理；非逐題驗證,https://arxiv.org/html/2608.22301v1
RoboDojo,2026,一般操作與活動,模擬＋實體；分開計數,引用連結版本／2026-09-22 擷取快照,操作能力；5 個 simulation capability dimensions，非 5 個應用領域,simulation task scenes＋標準化 real evaluation setups,42 sim tasks／18 real tasks；不合併宣稱 60 個獨立 G2,模型×任務×場景實驗量依 protocol,整合 30 policies（方法數，不是任務數）,操作接觸與精度；逐題材料另核,simulation 與標準化 real hardware,語言、視覺、記憶條件,泛化、記憶、精度、長流程、open vocabulary；remote real eval,5 個能力維度，含記憶、精度與長流程；不當成 5 個通用難度級別。,統一 sim／real 平台與多維能力診斷已有先例；我們先在 simulation 擴展任務與場域。,本計畫現在沒有實體平台，不能在 sim＋real 覆蓋上宣稱超越。54 程式 task/config entries 另列。,TBD,原文摘要／指定章節與公開來源整理；非逐題驗證,https://arxiv.org/abs/2607.04434v3
LIBERO-Recover,2026,恢復與過程評測,模擬,引用連結版本／2026-09-22 擷取快照,LIBERO 衍生操作與失敗狀態,由模型實際失敗形成的恢復情境,沿用 LIBERO 操作；4 個 recovery levels 不是新增 G2 類數,"1,000+ failure scenarios",失敗狀態／恢復評測資料,原生物件與場景狀態；含結構／拓撲推理,相容操作機器人,robot 狀態／觀測＋任務資訊,retry、adaptation、object-state recovery、environmental recovery,4 類恢復層級：retry、adaptation、object-state、environmental recovery；按原定義解讀。,恢復已有專門千級情境；我們擬建立跨任務／材料的恢復 protocol 與全 episode 報告。,"failure scenarios 屬 instance／case 層，不能比較為 1,000 個新工作種類。",TBD,原文摘要／指定章節與公開來源整理；非逐題驗證,https://arxiv.org/abs/2609.05178v2
SafeVLA-Bench,2026,恢復與過程評測,模擬軌跡的事後評測,引用連結版本／2026-09-22 擷取快照,LIBERO tabletop 與 RoboCasa365 kitchen,重用既有 benchmark 場景,沿用原任務；不新增獨立任務種類總數,9 個 policy–benchmark entries；不是 9 題,受測 rollout traces；總量本輪未核,接觸、物件擾動、持物穩定與 self-contact 量測,原生平台機器人,任務相關 STL 條件＋完整軌跡,native success、Succ-But-Unsafe、Violation Severity Index,保留原作任務／泛化條件；本輪未建立跨 benchmark 共用的實測難度量尺。,成功與過程約束分開評測已有直接先例；我們需提供更大適用集合和可核驗規則。,這是評測層而非新增 task bank；不將框架 wrappers 重複算成任務。,TBD,原文摘要／指定章節與公開來源整理；非逐題驗證,https://arxiv.org/abs/2606.00773v1
RoboVerse,2025,整合框架與接口,多 simulator／機體與資料平台,引用連結版本／2026-09-22 擷取快照,整合既有操作 benchmark；276 個 task categories 非應用領域數,來源環境、assets 與 domain randomization；場景資產總數未歸一,"論文 276 個 task categories；固定程式 2,897 registration groups",測例依選用 suite／protocol；跨作 G2 未完成去重,510.5k trajectories、約 5.5k assets；超過 50M transitions,物理支援依 backend／任務,多 simulator 與多機體,共通表示／接口；sim 資料與 policy,跨 simulator／機體、資料生成、模仿／RL 與泛化,保留原作任務／泛化條件；本輪未建立跨 benchmark 共用的實測難度量尺。,All-in-one 接口與來源整合已有大型先例；我們要證明去重後的增量任務、覆蓋和評測。,"2,897 是程式註冊群組；其中已辨識 2,587 純配置衍生 class。不可與原作 LIBERO／RLBench 等重複相加，也不能推論只剩兩個任務。",TBD,原文摘要／指定章節與公開來源整理；非逐題驗證,https://arxiv.org/html/2504.18904v1
Embodied Agent Interface,2024,整合框架與接口,符號／模擬 decision-making,引用連結版本／2026-09-22 擷取快照,BEHAVIOR 與 VirtualHome 的家庭活動；4 個決策模組,重用兩個原生環境；不是新建場景庫,BEHAVIOR 100 task names；VirtualHome 26 task names（分開保留）,BEHAVIOR 100 instructions／trajectories；VirtualHome 338,目標、subgoals、action sequences、transition model 標註,依原環境狀態與符號抽象,原生 embodied agents；非一種共通連續控制機體,自然語言＋形式化目標／狀態／动作,goal interpretation、subgoal decomposition、action sequencing、transition modeling,保留原作任務／泛化條件；本輪未建立跨 benchmark 共用的實測難度量尺。,多模組與統一表示已有先例；我們擬連到大規模實際操控與多種觀測條件。,"此處使用原作 BEHAVIOR subset，不把整套 BEHAVIOR-1K 1,000 活動自動計入；100+26 也未作跨作去重。",TBD,原文摘要／指定章節與公開來源整理；非逐題驗證,https://arxiv.org/html/2410.07166v2
EgoPlan-Bench2,2024,Ego 理解、規劃與記憶,離線影片規劃 QA,引用連結版本／2026-09-22 擷取快照,4 原生大域：Work／Daily life／Hobbies／Recreation；24 細類，含 lab、blacksmith、mechanic、farmer,24 是應用 scenario categories；不是 24 個可執行 3D 場景,規劃 QA 題型；不提供相同口徑的 robot G2,"1,321 multiple-choice QA pairs","1,113 videos",影片中物件，不宣稱具可用物理模型,人類活動影片；無 robot execution endpoint,Ego task-progress video＋目標／選項,下一步規劃、情境與多步推理,保留原作任務／泛化條件；本輪未建立跨 benchmark 共用的實測難度量尺。,影片領域本身已廣；我們的差異應在可執行配對與物理完成，不能只拿 12 對 4。,其 Work 可跨我們工坊、實驗室、園藝等多欄；24 scenarios 不當場景資產數。,TBD,原文摘要／指定章節與公開來源整理；非逐題驗證,https://arxiv.org/html/2412.04447v2
EgoSchema,2023,Ego 理解、規劃與記憶,離線長影片 QA,引用連結版本／2026-09-22 擷取快照,廣泛自然人類活動；來自 Ego4D subset,3 分鐘影片片段；非 simulator scenes,影片理解／推理問題；非操作任務庫,"5,000+ multiple-choice QA pairs（v1 原文）",250+ 小時影片,影片觀測，不宣稱物理模擬,人類 Ego 影片,3 分鐘影片＋五選一問題,長時段理解、temporal certificate,temporal certificate 衡量必要時間證據；不等同 robot 控制難度。,提供長時間證據需求的對照；QA 正確率與機器人完成率要分開。,不能直接繼承 Ego4D 全部場域到這個被挑選的 subset。,TBD,原文摘要／指定章節與公開來源整理；非逐題驗證,https://arxiv.org/abs/2308.09126v1
EgoTaskQA,2022,Ego 理解、規劃與記憶,離線人類任務 QA,引用連結版本／2026-09-22 擷取快照,室內 goal-oriented 活動與 multi-agent collaboration；LEMMA 來源,Ego video clips；非可執行 robot 場景庫,4 類 reasoning question types，非 4 個物理工作,"40,000 balanced QA（由 368k 候選抽樣）","2,000 個 egocentric videos",物件狀態／關係標註；非 simulation materials,人類 actor／helper,Ego影片、物件狀態、意圖與他人信念,描述、預測、解釋、反事實；時空／因果與協作理解,保留原作任務／泛化條件；本輪未建立跨 benchmark 共用的實測難度量尺。,因果與協作理解已可用大量 QA 測試；我們擬增加物理可執行的共同任务配對。,40k 是 QA bank，不是 40k 種 robot task；理解協作不等於控制兩個 agents。,TBD,原文摘要／指定章節與公開來源整理；非逐題驗證,https://arxiv.org/html/2210.03929v1
EgoLife / EgoLifeQA,2025,Ego 理解、規劃與記憶,生活影片＋離線長記憶 QA,引用連結版本／2026-09-22 擷取快照,共同生活、購物、做飯、討論、社交與娛樂,6 人共同生活一週；不是六個應用場域,生活助理／記憶 QA；非 robot task bank,"3,000 QA 全集；該版主評测只用 Jake 的 500 QA",300 小時 EgoLife 影片；QA對應長歷史資源另列,影片／聲音資料；非材料物理模型,AI glasses 的人類 wearer；同步第三人稱視角,長時段 Ego、多模態、多視角與人際歷史,記憶檢索、identity、生活情境問答,保留原作任務／泛化條件；本輪未建立跨 benchmark 共用的實測難度量尺。,已有跨多天歷史與人際資訊；我們需把所需歷史連到可驗證實體目標。,"3,000 全QA與500受測subset分开；300h影片不是300h robot rollout。",TBD,原文摘要／指定章節與公開來源整理；非逐題驗證,https://arxiv.org/abs/2503.03803 | https://arxiv.org/html/2503.03803
Ego4D,2021,影片資料與附帶 benchmark,真實影片資料＋多項離線 benchmark,引用連結版本／2026-09-22 擷取快照,數百種日常情境：household、outdoor、workplace、leisure；原作未用我們12類,74 個收集 locations／9 國；不是 74 個 simulator scenes,多個理解、記憶與預測 benchmark；不合成單一 robot 任務數,各 benchmark 的標註／split 分開計數，未混加,"3,670 小時；931 camera wearers（引用論文版本）",真實活動影片；部分有環境 mesh 等資料,穿戴式第一人稱攝影；各片段安裝／sensor 另查,Ego RGB；部分 audio、3D、gaze、stereo、多wearer 同步,episodic memory、hand-object、社交、forecasting,保留原作任務／泛化條件；本輪未建立跨 benchmark 共用的實測難度量尺。,影片活動覆蓋可能比操作庫廣；我們的增量是執行配對，不能宣稱比全部 Ego4D 活動更廣。,資料母集與其 QA／forecasting 衍生集共享 lineage，不能當作獨立資料量相加。,TBD,原文摘要／指定章節與公開來源整理；非逐題驗證,https://arxiv.org/abs/2110.07058
Ego-Exo4D,2023,影片資料與附帶 benchmark,同步人類影片＋離線 benchmark,引用連結版本／2026-09-22 擷取快照,skilled activity：運動、音樂、舞蹈、修車等,123 個 natural scene contexts；13 城市,技能理解、熟練度、跨視角、3D pose 等 benchmark,各 benchmark 分割／題數另計,"1,286 小時；740 participants（引用論文快照）",真實影片與 point clouds，不等於可操控材料模型,人類 performer；同步 ego／exo cameras,影片、audio、gaze、camera pose、IMU、語言／expert commentary,細粒度活動、proficiency、cross-view、3D hand/body pose,保留原作任務／泛化條件；本輪未建立跨 benchmark 共用的實測難度量尺。,跨視角與技能觀測資料已豐富；我們需建立合法的 robot 目標與控制配對。,123 是人類活動錄製情境，與房屋場景資產或 G3 初態不同。,TBD,原文摘要／指定章節與公開來源整理；非逐題驗證,https://arxiv.org/abs/2311.18259
EPIC-KITCHENS-100,2020,影片資料與附帶 benchmark,真實 Ego 影片＋離線 benchmark,引用連結版本／2026-09-22 擷取快照,廚房日常互動,45 個 environments,6 個 challenge endpoints；不是 6 種物理工作,約 90k annotated actions；非 90k robot tasks,100 小時、700 videos、20M frames,真實廚房物件影片；非物理模型,人類 head-mounted camera,Ego影片＋動作／語言標註,recognition、detection、anticipation、retrieval、domain adaptation,保留原作任務／泛化條件；本輪未建立跨 benchmark 共用的實測難度量尺。,可用作 Ego 預測／觀測來源；我們需增加執行與跨場域配對。,action segment、challenge endpoint、video 和 robot task 不互換；不從攝影位置推定 robot 視角。,TBD,原文摘要／指定章節與公開來源整理；非逐題驗證,https://arxiv.org/abs/2006.13256
X2Real,2026,一般操作與活動,Isaac Lab-Arena模擬；實體相關性驗證,原始arXiv版本／2026-09-25摘要查核；P169,10項能力維度；非10個部署場域,摘要沒有可獨立歸一的場景／layout總數,44項hierarchical long-horizon tasks,受測case／episode總數未由摘要確定,接近300小時annotated simulation trajectories,依具體任務核對；不由題名推定材料保真,含雙臂；依原作硬體校準設定,視覺、語言與各policy相容輸入,sim-to-real評測一致性、10能力軸、多軸隨機化與訓練／測試隔離,保留原作任務／泛化條件；本輪未建立跨 benchmark 共用的實測難度量尺。,本計畫需對照其明訂端點與有效任務聯集；不能只因新增標籤或移植接口宣稱超越。,44個長流程操作任務、10能力維度及sim-to-real評測；能力維度不是應用場域，手臂與訓練資訊約定須分層。 本列是原文明示範圍整理，未經本計畫逐題重跑。,TBD,原始書目＋完整摘要已讀；非逐task／全文／runtime審計,https://arxiv.org/abs/2609.27449
MotionForge,2026,一般操作與活動,模擬,原始arXiv版本／2026-09-25摘要查核；P170,動態物件操作；11種motion patterns不是11個應用領域,摘要沒有可獨立歸一的場景／layout總數,40項dynamic interaction tasks；其中17項長流程,受測case／episode總數未由摘要確定,資料量依原作資源／受測子集另核,動態接觸物件；形變材料支撐另核,原文設定；正式相容機體集合另核,原文輸入與監督條件另核,单因子／聯合domain shift；環境獨立於推論延遲持續演化,保留原作任務／泛化條件；本輪未建立跨 benchmark 共用的實測難度量尺。,本計畫需對照其明訂端點與有效任務聯集；不能只因新增標籤或移植接口宣稱超越。,40個動態互動任務，含17個長流程任務；環境隨推論時間持續演化，提示我們須量測延遲而非暫停世界等答案。 本列是原文明示範圍整理，未經本計畫逐題重跑。,TBD,原始書目＋完整摘要已讀；非逐task／全文／runtime審計,https://arxiv.org/abs/2609.25689
H2RBench｜人類到robot轉移,2026,人類影片到機器人,Real2Sim；另有實體對照,原始arXiv版本／2026-09-25摘要查核；P177,原文摘要未足以對齊部署場域；保留其原生用途,真實人類示範與模擬robot環境配對,4項manipulation tasks,受測case／episode總數未由摘要確定,人類影片與模擬robot示範；實際總量依原作版本,依具體任務核對；不由題名推定材料保真,原文設定；正式相容機體集合另核,人類影片用於學習；robot監督量與human資料量受控,不同H2R方法的human資料擴展性與sim／real排序一致性,保留原作任務／泛化條件；本輪未建立跨 benchmark 共用的實測難度量尺。,本計畫需對照其明訂端點與有效任務聯集；不能只因新增標籤或移植接口宣稱超越。,四項Real2Sim人類到機器人轉移任務，控制人類示範量与robot監督；與世界模型文獻H2R-Bench為不同工作。 本列是原文明示範圍整理，未經本計畫逐題重跑。,TBD,原始書目＋完整摘要已讀；非逐task／全文／runtime審計,https://arxiv.org/abs/2609.24778
RoboRecover,2026,恢復與過程評測,RoboTwin＋LIBERO模擬,原始arXiv版本／2026-09-25摘要查核；P178,原文摘要未足以對齊部署場域；保留其原生用途,以實際動作前綴重播重建中途偏離狀態,"沿用原操作任務；不是新增2,000個G2","2,000 deviation scenarios；每平台1,000，各800 train／200 test",資料量依原作資源／受測子集另核,依具體任務核對；不由題名推定材料保真,原文設定；正式相容機體集合另核,原文輸入與監督條件另核,從偏離狀態繼續原目標；恢復訓練介入,保留原作任務／泛化條件；本輪未建立跨 benchmark 共用的實測難度量尺。,本計畫需對照其明訂端點與有效任務聯集；不能只因新增標籤或移植接口宣稱超越。,"RoboTwin與LIBERO各1,000個恢復情境，各用800／200切分；動作前綴重播重建偏離狀態，不是2,000種新工作。 本列是原文明示範圍整理，未經本計畫逐題重跑。",TBD,原始書目＋完整摘要已讀；非逐task／全文／runtime審計,https://arxiv.org/abs/2609.28952
REBOOT,2026,恢復與過程評測,精密裝配robot資料／評測；平台細節另核,原始arXiv版本／2026-09-25摘要查核；P179,精密裝配；工業題材,摘要沒有可獨立歸一的場景／layout總數,18項precision assembly tasks,五共同phase；各phase失敗及專家恢復,"2,160 demonstrations，一半expert／一半recovery",依具體任務核對；不由題名推定材料保真,原文設定；正式相容機體集合另核,四視角RGB-D、phase語言條件及action,phase完成、旋轉對稱、配合容差、裝入／拆出與失敗模式,保留原作任務／泛化條件；本輪未建立跨 benchmark 共用的實測難度量尺。,本計畫需對照其明訂端點與有效任務聯集；不能只因新增標籤或移植接口宣稱超越。,"18項精密装配及2,160份示範，把取件／運送／裝入分成五階段；成敗與專家恢復軌跡均保留，示範不當題型。 本列是原文明示範圍整理，未經本計畫逐題重跑。",TBD,原始書目＋完整摘要已讀；非逐task／全文／runtime審計,https://arxiv.org/abs/2609.22591
Bench2Dex,2026,一般操作與活動,模擬,原始arXiv版本／2026-09-25摘要查核；P171,工具、關節與多階段雙手操作；部署場域仍需逐題綁定,摘要沒有可獨立歸一的場景／layout總數,26項bimanual tasks,受測case／episode總數未由摘要確定,約1.3K人類遙控robot demonstrations,剛體／關節／接觸；共享模擬觸覺不模仿特定實體sensor,12種dexterous hands,視覺、觸覺影像、本體與action／物件state；policy輸入依setting,跨手型、7種擾動，invariance與equivariance分開,保留原作任務／泛化條件；本輪未建立跨 benchmark 共用的實測難度量尺。,本計畫需對照其明訂端點與有效任務聯集；不能只因新增標籤或移植接口宣稱超越。,26項雙手操作跨12種靈巧手，提供共用接觸影像介面；模擬觸覺不等同特定實體感測器。 本列是原文明示範圍整理，未經本計畫逐題重跑。,TBD,原始書目＋完整摘要已讀；非逐task／全文／runtime審計,https://arxiv.org/abs/2609.15726
RoboFolDeX,2026,柔性物與移動操作,真實機器人；公開遠端實體評測,原始arXiv版本／2026-09-25摘要查核；P181,以衣物摺疊為主要評測工作；資料另含多類操作,摘要沒有可獨立歸一的場景／layout總數,資料全庫20+ tasks；主要摺衣受測集合須另核,受測case／episode總數未由摘要確定,"2,000+小時real-robot data",衣物／柔性物與剛體轉移資料,資料跨10+ embodiments,真實robot資料；human intervention不等於人類示範影片,介入／恢復資料復用、跨task、場景與機體；held-out衣物及標準初態,保留原作任務／泛化條件；本輪未建立跨 benchmark 共用的實測難度量尺。,本計畫需對照其明訂端點與有效任務聯集；不能只因新增標籤或移植接口宣稱超越。,"以真實衣物摺疊為主，報告2,000多小時、20多項任務與10多種機體；資料全庫與外部提交的實際評測集合分開。 本列是原文明示範圍整理，未經本計畫逐題重跑。",TBD,原始書目＋完整摘要已讀；非逐task／全文／runtime審計,https://arxiv.org/abs/2609.10243
SoftVTBench,2026,柔性物與移動操作,FEM真值資料與closed-loop benchmark；sim/real範圍待正文核對,原始arXiv版本／2026-09-25摘要查核；P182,原文摘要未足以對齊部署場域；保留其原生用途,摘要沒有可獨立歸一的場景／layout總數,總task種類未由摘要確定；12個ID實驗config不是12種任務,受測case／episode總數未由摘要確定,"4,000 expert demonstrations；50+柔性物／剛性對照資產",volumetric deformable＋visually matched rigid twins；FEM真值,dual-finger tactile gripper,多視角RGB、觸覺、marker motion、本體與語言；FEM為evaluator-only,完成任務且peak normalized deformation在物件校準容差內的DSR,保留原作任務／泛化條件；本輪未建立跨 benchmark 共用的實測難度量尺。,本計畫需對照其明訂端點與有效任務聯集；不能只因新增標籤或移植接口宣稱超越。,"4,000專家示範、50多件柔性與剛性對照資產，分開公開觸覺和evaluator-only FEM狀態；以形變限制後的成功評測。 本列是原文明示範圍整理，未經本計畫逐題重跑。",TBD,原始書目＋完整摘要已讀；非逐task／全文／runtime審計,https://arxiv.org/abs/2608.18701
WireCraft,2026,柔性物與移動操作,模擬；含UR5實體資料,原始arXiv版本／2026-09-25摘要查核；P183,工業線材裝配,摘要沒有可獨立歸一的場景／layout總數,3 task families：connector insertion／clip routing／channel seating,受測case／episode總數未由摘要確定,資料量依原作資源／受測子集另核,關節鏈式與連續柔性DLO兩模型,模擬操作及實體UR5,原文輸入與監督條件另核,RL／IL／VLA共用指標、接觸對齊、可配置難度,保留原作任務／泛化條件；本輪未建立跨 benchmark 共用的實測難度量尺。,本計畫需對照其明訂端點與有效任務聯集；不能只因新增標籤或移植接口宣稱超越。,摘要稱benchmark、data、tools待接受後釋出；不能當成本計畫已取得可跑的公開資產。三家族不是三個部署領域。,TBD,原始書目＋完整摘要已讀；非逐task／全文／runtime審計,https://arxiv.org/abs/2606.18097
DLO-Lab,2026,柔性物與移動操作,可微模擬；sim-to-real實驗,原始arXiv版本／2026-09-25摘要查核；P184,繩、線、橡皮帶等DLO操作,摘要沒有可獨立歸一的場景／layout總數,原文摘要未明訂可比的任務種類總數,受測case／episode總數未由摘要確定,資料量依原作資源／受測子集另核,伸長／不可伸長、彈性、彎曲塑性與接觸,原文設定；正式相容機體集合另核,原文輸入與監督條件另核,拓撲、抓點敏感性、分段長流程與policy learning,保留原作任務／泛化條件；本輪未建立跨 benchmark 共用的實測難度量尺。,本計畫需對照其明訂端點與有效任務聯集；不能只因新增標籤或移植接口宣稱超越。,可微線材模擬涵蓋伸長、彈性、彎曲塑性與拓撲困難；可借鑑抓點／材料設計，摘要不足以確定總任務數。 本列是原文明示範圍整理，未經本計畫逐題重跑。,TBD,原始書目＋完整摘要已讀；非逐task／全文／runtime審計,https://arxiv.org/abs/2606.04206
RGBench,2025,柔性物與移動操作,衣物模擬品質與真實動態對照,原始arXiv版本／2026-09-25摘要查核；P185,衣物與robot garment manipulation,摘要沒有可獨立歸一的場景／layout總數,摘要未提供可比操作任務總數,受測case／episode總數未由摘要確定,"6,000+ garment mesh models",布料／衣物動態,原文設定；正式相容機體集合另核,原文輸入與監督條件另核,以量測真實衣物動態檢查模擬品質／速度,保留原作任務／泛化條件；本輪未建立跨 benchmark 共用的實測難度量尺。,本計畫需對照其明訂端點與有效任務聯集；不能只因新增標籤或移植接口宣稱超越。,"6,000多衣物mesh與真實衣物動態的模擬品質評測；資產規模與完成操作的任務數是不同軸。 本列是原文明示範圍整理，未經本計畫逐題重跑。",TBD,原始書目＋完整摘要已讀；非逐task／全文／runtime審計,https://arxiv.org/abs/2511.06434
LabUtopia,2025,專業場域,模擬,原始arXiv版本／2026-09-25摘要查核；P172,科學實驗室,LabScene程序生成；200+為場景／儀器混合資產，不是200房間,30項tasks；5 complexity levels,受測case／episode總數未由摘要確定,200+ scene and instrument assets,原作主張multi-physics／chemically meaningful互動，逐項保真仍需查核,從原子操作到長流程mobile manipulation,原文輸入與監督條件另核,LabSim＋LabScene＋LabBench，五層階層評測,保留原作任務／泛化條件；本輪未建立跨 benchmark 共用的實測難度量尺。,本計畫需對照其明訂端點與有效任務聯集；不能只因新增標籤或移植接口宣稱超越。,30項科學實驗室任務，含五層複雜度與200多項場景／儀器資產；化學或多物理主張要再核對具體實作。 本列是原文明示範圍整理，未經本計畫逐題重跑。,TBD,原始書目＋完整摘要已讀；非逐task／全文／runtime審計,https://arxiv.org/abs/2505.22634
LabDex,2026,專業場域,真實＋模擬；分層統一框架,原始arXiv版本／2026-09-25摘要查核；P173,化學實驗室,摘要沒有可獨立歸一的場景／layout總數,原子技能／組合技能／長流程實驗三層；摘要未明訂總數,受測case／episode總數未由摘要確定,資料量依原作資源／受測子集另核,依具體任務核對；不由題名推定材料保真,靈巧手實驗室操作,原文輸入與監督條件另核,跨平台與跨任務層級學習／評測,保留原作任務／泛化條件；本輪未建立跨 benchmark 共用的實測難度量尺。,本計畫需對照其明訂端點與有效任務聯集；不能只因新增標籤或移植接口宣稱超越。,把實驗室靈巧操作分為原子技能、組合技能、完整實驗；真實與模擬共用框架，摘要沒有可歸一的總題數。 本列是原文明示範圍整理，未經本計畫逐題重跑。,TBD,原始書目＋完整摘要已讀；非逐task／全文／runtime審計,https://arxiv.org/abs/2608.18618
Labimus,2026,專業場域,模擬,原始arXiv版本／2026-09-25摘要查核；P174,有機化學實驗室,摘要沒有可獨立歸一的場景／layout總數,6項atomic operations；另有7步solid-weighing workflow,受測case／episode總數未由摘要確定,30+具功能儀器assets,關節儀器、粒子粉末、closed-loop讀值,humanoid＋dexterous hands,視覺、機體與儀器量測,precision-aware完成、量測容差與長流程,保留原作任務／泛化條件；本輪未建立跨 benchmark 共用的實測難度量尺。,本計畫需對照其明訂端點與有效任務聯集；不能只因新增標籤或移植接口宣稱超越。,人形靈巧實驗室操作，六項原子操作及七步秤重流程；顆粒、儀器讀值與量測誤差不能只用終態成功替代。 本列是原文明示範圍整理，未經本計畫逐題重跑。,TBD,原始書目＋完整摘要已讀；非逐task／全文／runtime審計,https://arxiv.org/abs/2606.31037
Pipette,2026,專業場域,模擬,原始arXiv版本／2026-09-25摘要查核；P175,wet-lab：樣本、培養器皿、設備與精密放置,摘要沒有可獨立歸一的場景／layout總數,12項tasks,受測case／episode總數未由摘要確定,100+可編輯assets；實驗每任務30 demonstrations,依具體任務核對；不由題名推定材料保真,3種robotic-arm embodiments,robot示範／視覺語言；增強含燈光、camera、速度與動作,資料增強、任務建立與data-efficient VLA評測,保留原作任務／泛化條件；本輪未建立跨 benchmark 共用的實測難度量尺。,本計畫需對照其明訂端點與有效任務聯集；不能只因新增標籤或移植接口宣稱超越。,12項wet-lab任務、三種手臂及100多件可編輯資產；示範增強產物與新的任務種類分開計數。 本列是原文明示範圍整理，未經本計畫逐題重跑。,TBD,原始書目＋完整摘要已讀；非逐task／全文／runtime審計,https://arxiv.org/abs/2606.12936
EgoSim / MultiEgoView,2025,影片資料與附帶 benchmark,合成人體影片＋真實body-worn資料,原始arXiv版本／2026-09-25摘要查核；P197,人体運動／活動與佩戴位置研究,合成部分4個virtual environments；真實13名參與者,姿態估計等感知端點，非robot工作種類,受測case／episode總數未由摘要確定,119小時合成＋5小時真實；六個body-worn camera視角,依具體任務核對；不由題名推定材料保真,人類wearer／mocap人體，非robot execution,頭部以外多個身體位置，RGB與3D全身姿態,跨佩戴位置、motion artifact與synthetic-real domain gap,保留原作任務／泛化條件；本輪未建立跨 benchmark 共用的實測難度量尺。,本計畫需對照其明訂端點與有效任務聯集；不能只因新增標籤或移植接口宣稱超越。,六個身體佩戴位置的相機，119小時合成與5小時真實資料；人體／相機合成影片不能標成真人原始錄製。 本列是原文明示範圍整理，未經本計畫逐題重跑。,TBD,原始書目＋完整摘要已讀；非逐task／全文／runtime審計,https://arxiv.org/abs/2502.18373
EgoSAT,2026,Ego 理解、規劃與記憶,離線資料的因果串流QA,原始arXiv版本／2026-09-25摘要查核；P201,原文摘要未足以對齊部署場域；保留其原生用途,摘要沒有可獨立歸一的場景／layout總數,過去／現在／未來的streaming interaction理解,"約4,800 QA pairs","1,997影片／165小時",依具體任務核對；不由題名推定材料保真,原文設定；正式相容機體集合另核,查詢時只可使用已觀測影格,retrospective／online／prospective、answerability與confidence calibration,保留原作任務／泛化條件；本輪未建立跨 benchmark 共用的實測難度量尺。,本計畫需對照其明訂端點與有效任務聯集；不能只因新增標籤或移植接口宣稱超越。,"以串流方式整合過去、現在與未來QA，約4,800題／1,997影片；只允許已觀測前綴並區分可回答性。 本列是原文明示範圍整理，未經本計畫逐題重跑。",TBD,原始書目＋完整摘要已讀；非逐task／全文／runtime審計,https://arxiv.org/abs/2606.24422
EgoMonth,2026,Ego 理解、規劃與記憶,真實影片；離線長記憶QA,原始arXiv版本／2026-09-25摘要查核；P202,日常生活的跨天／跨月記憶,摘要沒有可獨立歸一的場景／layout總數,14認知task schemas；3 cognitive levels,"1,443 multiple-choice QA",300+小時、20人；跨度20–120天,依具體任務核對；不由題名推定材料保真,原文設定；正式相容機體集合另核,長期first-person生活錄製,schema／episodic indexing／cascading reasoning,保留原作任務／泛化條件；本輪未建立跨 benchmark 共用的實測難度量尺。,本計畫需對照其明訂端點與有效任務聯集；不能只因新增標籤或移植接口宣稱超越。,"20位參與者跨20–120天，300多小時與1,443題；14種認知題型不是14種可執行物理工作。 本列是原文明示範圍整理，未經本計畫逐題重跑。",TBD,原始書目＋完整摘要已讀；非逐task／全文／runtime審計,https://arxiv.org/abs/2608.13113
EGOSTREAM,2026,Ego 理解、規劃與記憶,串流episodic memory評測,原始arXiv版本／2026-09-25摘要查核；P203,原文摘要未足以對齊部署場域；保留其原生用途,摘要沒有可獨立歸一的場景／layout總數,7 cognitive dimensions,"2,250 curated questions → 8,528 recall-conditioned evaluations",資料量依原作資源／受測子集另核,依具體任務核對；不由題名推定材料保真,原文設定；正式相容機體集合另核,連續Ego影片；Answer Validity Window,以答案有效時間區分自然狀態變化與遺忘；不同memory mechanism,保留原作任務／泛化條件；本輪未建立跨 benchmark 共用的實測難度量尺。,本計畫需對照其明訂端點與有效任務聯集；不能只因新增標籤或移植接口宣稱超越。,"2,250問題展成8,528個不同召回時間評測；答案有效時間窗把模型遺忘與世界本身變化分開。 本列是原文明示範圍整理，未經本計畫逐題重跑。",TBD,原始書目＋完整摘要已讀；非逐task／全文／runtime審計,https://arxiv.org/abs/2605.31557
S-EMBER,2026,Ego 理解、規劃與記憶,智慧眼鏡串流記憶檢索,原始arXiv版本／2026-09-25摘要查核；P204,原文摘要未足以對齊部署場域；保留其原生用途,摘要沒有可獨立歸一的場景／layout總數,grounded streaming episodic retrieval,"9,448 QA pairs","3,141影片／388小時",依具體任務核對；不由題名推定材料保真,原文設定；正式相容機體集合另核,Ray-Ban Meta智慧眼鏡；視覺事件觸發的causal recall,答案正確且時間證據定位成立,保留原作任務／泛化條件；本輪未建立跨 benchmark 共用的實測難度量尺。,本計畫需對照其明訂端點與有效任務聯集；不能只因新增標籤或移植接口宣稱超越。,"388小時、3,141個智慧眼鏡影片與9,448個具時間證據QA；因果串流檢索與離線任意看未來不同。 本列是原文明示範圍整理，未經本計畫逐題重跑。",TBD,原始書目＋完整摘要已讀；非逐task／全文／runtime審計,https://arxiv.org/abs/2607.02689
CapMem,2026,Ego 理解、規劃與記憶,離線caption memory QA,原始arXiv版本／2026-09-25摘要查核；P205,原文摘要未足以對齊部署場域；保留其原生用途,摘要沒有可獨立歸一的場景／layout總數,caption-based episodic memory,"1,000 multiple-choice QA／16 scenarios",75影片／33.7小時,依具體任務核對；不由題名推定材料保真,原文設定；正式相容機體集合另核,影片、caption視窗與retrieve-and-verify,完整涵蓋與matched-frame controls下的caption／VideoQA比較,保留原作任務／泛化條件；本輪未建立跨 benchmark 共用的實測難度量尺。,本計畫需對照其明訂端點與有效任務聯集；不能只因新增標籤或移植接口宣稱超越。,"75影片、33.7小時與1,000題，檢查文字caption記憶；比較時須對齊影格預算和實際影片涵蓋量。 本列是原文明示範圍整理，未經本計畫逐題重跑。",TBD,原始書目＋完整摘要已讀；非逐task／全文／runtime審計,https://arxiv.org/abs/2609.17688
DYAD,2026,影片資料與附帶 benchmark,真實human-human協助影片；離線參考任務,原始arXiv版本／2026-09-25摘要查核；P208,齒輪箱裝配協助,摘要沒有可獨立歸一的場景／layout總數,3 reference tasks；不是三類robot控制工作,20 sessions；829 eligible mode events,528 step intervals／611 performer requests／851 assistance records,依具體任務核對；不由題名推定材料保真,原文設定；正式相容機體集合另核,HoloLens 2 wearer與workspace同步感測,causal步驟理解、介入前mode預測、instructor response,保留原作任務／泛化條件；本輪未建立跨 benchmark 共用的實測難度量尺。,本計畫需對照其明訂端點與有效任務聯集；不能只因新增標籤或移植接口宣稱超越。,20個齒輪箱裝配合作session，連結請求、介入、動作階段與結果；人類協助資料不等於已控制機器人完成合作。 本列是原文明示範圍整理，未經本計畫逐題重跑。,TBD,原始書目＋完整摘要已讀；非逐task／全文／runtime審計,https://arxiv.org/abs/2609.09023
HUI360,2026,影片資料與附帶 benchmark,移動robot視角影片；互動anticipation,原始arXiv版本／2026-09-25摘要查核；P209,自然人機互動；多環境細節另核,摘要沒有可獨立歸一的場景／layout總數,互動發生前的預測；不等同robot完成協作,受測case／episode總數未由摘要確定,HUI360 1M標註；另對既有SSUP-HRI提供6M標註,依具體任務核對；不由題名推定材料保真,robot camera是observer；人類為被預測對象,360度equirectangular影像、pose／face／segmentation標註,interaction anticipation與跨資料集泛化,保留原作任務／泛化條件；本輪未建立跨 benchmark 共用的實測難度量尺。,本計畫需對照其明訂端點與有效任務聯集；不能只因新增標籤或移植接口宣稱超越。,原作的原始影像為研究用途依申請提供；1M與6M分屬不同來源。robot-egocentric不可改標人類頭戴影片。,TBD,原始書目＋完整摘要已讀；非逐task／全文／runtime審計,https://arxiv.org/abs/2608.11051
SafeManip,2026,恢復與過程評測,RoboCasa365軌跡評測,原始arXiv版本／2026-09-25摘要查核；P180,家務RoboCasa365子集,摘要沒有可獨立歸一的場景／layout總數,沿用50原任務；8 temporal property categories,6 VLA policies；全庫rollout數摘要未歸一,資料量依原作資源／受測子集另核,依具體任務核對；不由題名推定材料保真,原文設定；正式相容機體集合另核,rollout轉為symbolic predicate traces與LTLf monitors,碰觸、抓／釋放穩定、污染、啟動、機構恢復、容纳與存取,保留原作任務／泛化條件；本輪未建立跨 benchmark 共用的實測難度量尺。,本計畫需對照其明訂端點與有效任務聯集；不能只因新增標籤或移植接口宣稱超越。,在50項RoboCasa365任務上用八類LTLf性質檢查完整過程；這是可重用評測層，不新增50個獨立任務。 本列是原文明示範圍整理，未經本計畫逐題重跑。,TBD,原始書目＋完整摘要已讀；非逐task／全文／runtime審計,https://arxiv.org/abs/2605.12386
ARB4WM,2026,恢復與過程評測,MetaWorld＋DeepMind Control Suite,原始arXiv版本／2026-09-25摘要查核；P212,原文摘要未足以對齊部署場域；保留其原生用途,摘要沒有可獨立歸一的場景／layout總數,20項既有control tasks；不是新增20個G2,4個Dreamer-style agents；5白箱loss objectives,資料量依原作資源／受測子集另核,依具體任務核對；不由題名推定材料保真,原文設定；正式相容機體集合另核,visual perturbations；依policy／value／latent-dynamics目標與時間模式分層,世界模型agent在多層與不同暴露時機下的closed-loop穩健性,保留原作任務／泛化條件；本輪未建立跨 benchmark 共用的實測難度量尺。,本計畫需對照其明訂端點與有效任務聯集；不能只因新增標籤或移植接口宣稱超越。,四個Dreamer類agent、20個既有控制任務，比較不同世界模型內部與時間位置的視覺擾動；不是新建20個任務。 本列是原文明示範圍整理，未經本計畫逐題重跑。,TBD,原始書目＋完整摘要已讀；非逐task／全文／runtime審計,https://arxiv.org/abs/2606.16605
RoCo Challenge,2026,專業場域,Isaac Sim＋實體雙臂,原始arXiv版本／2026-09-25摘要查核；P210,工業齒輪箱裝配,摘要沒有可獨立歸一的場景／layout總數,核心行星齒輪箱完整裝配工作；多phase不直接算新G2,受測case／episode總數未由摘要確定,teleoperated datasets／CAD；總量摘要未歸一,齒輪、精密裝配接觸,實體dual-arm，sim另外綁定,原文輸入與監督條件另核,simulation／real round、phase完成與恢復資料,保留原作任務／泛化條件；本輪未建立跨 benchmark 共用的實測難度量尺。,本計畫需對照其明訂端點與有效任務聯集；不能只因新增標籤或移植接口宣稱超越。,行星齒輪箱裝配的模擬／實體雙臂挑戰與分階段評分；組件數和參賽隊數不當作任務種類。 本列是原文明示範圍整理，未經本計畫逐題重跑。,TBD,原始書目＋完整摘要已讀；非逐task／全文／runtime審計,https://arxiv.org/abs/2603.15469
AssemblyGrid v1,2026,專業場域,task-level多robot生產抽象,原始arXiv版本／2026-09-25摘要查核；P211,彈性生產、物料路由、資源分配與暫時合作,摘要沒有可獨立歸一的場景／layout總數,Flow／Coalition／Concurrency三家族，各三scenario levels,受測case／episode總數未由摘要確定,資料量依原作資源／受測子集另核,幾何／資源可行性；不由摘要推定連續接觸物理,多agent，集中reference和分散controllers／MARL,有界局部觀測、進度／資源／幾何限制,process progression、material transfer、productive concurrency與共同產出,保留原作任務／泛化條件；本輪未建立跨 benchmark 共用的實測難度量尺。,本計畫需對照其明訂端點與有效任務聯集；不能只因新增標籤或移植接口宣稱超越。,生產流程、短期多robot合作、局部資訊和幾何可行性，三工作負載家族各三情境層；屬任務級抽象，不預設連續接觸物理。 本列是原文明示範圍整理，未經本計畫逐題重跑。,TBD,原始書目＋完整摘要已讀；非逐task／全文／runtime審計,https://arxiv.org/abs/2609.16075
COIN｜因果互動,2026,一般操作與活動,模擬／robot互動資料；設定另核,原始arXiv版本／2026-09-25摘要查核；P214,日常部分可觀測的因果互動,摘要沒有可獨立歸一的場景／layout總數,COIN-50：50互動tasks；另列primitive／composition集合,受測case／episode總數未由摘要確定,"COIN-Primitive 1,000 demonstrations，每primitive task 50",依具體任務核對；不由題名推定材料保真,原文設定；正式相容機體集合另核,robot觀測、操作歷史與語言,互動取得資訊、更新計畫、執行穩定與泛化,保留原作任務／泛化條件；本輪未建立跨 benchmark 共用的實測難度量尺。,本計畫需對照其明訂端點與有效任務聯集；不能只因新增標籤或移植接口宣稱超越。,50個因果互動任務，另列primitive和composition集合；與教學影片COIN資料集是同名不同作。 本列是原文明示範圍整理，未經本計畫逐題重跑。,TBD,原始書目＋完整摘要已讀；非逐task／全文／runtime審計,https://arxiv.org/abs/2604.16886
SABER,2026,人類影片到機器人,真實商店人類資料；robot適配實驗,原始arXiv版本／2026-09-25摘要查核；P200,retail grocery店內活動,摘要沒有可獨立歸一的場景／layout總數,下游評測10項retail manipulation tasks,受測case／episode總數未由摘要確定,100+小時；44.8K訓練樣本＝25K latent＋18.6K hand＋1.2K body,依具體任務核對；不由題名推定材料保真,human pose retargeting至robot／humanoid；相容profile另核,人類頭戴手物影片＋外部360；三動作表示,domain-specific human資料對robot post-training的效果,保留原作任務／泛化條件；本輪未建立跨 benchmark 共用的實測難度量尺。,本計畫需對照其明訂端點與有效任務聯集；不能只因新增標籤或移植接口宣稱超越。,商店頭戴與外部360影片形成三種動作表示，共44.8K訓練樣本；同一錄製的不同表示不是獨立人類經驗。 本列是原文明示範圍整理，未經本計畫逐題重跑。,TBD,原始書目＋完整摘要已讀；非逐task／全文／runtime審計,https://arxiv.org/abs/2605.09613
OpenEgo,2025,影片資料與附帶 benchmark,既有人類Ego來源整合,原始arXiv版本／2026-09-25摘要查核；P199,原作290人類操作activities；600+ recording environments,摘要沒有可獨立歸一的場景／layout總數,290 manipulation tasks是人類活動單位，非已驗證robot G2,受測case／episode總數未由摘要確定,"六來源合計1,107小時；不與父資料集再次相加",依具體任務核對；不由題名推定材料保真,原文設定；正式相容機體集合另核,時間對齊action primitives與標準化hand pose,語言條件人手軌跡模仿；robot執行端點另核,保留原作任務／泛化條件；本輪未建立跨 benchmark 共用的實測難度量尺。,本計畫需對照其明訂端點與有效任務聯集；不能只因新增標籤或移植接口宣稱超越。,"整合六個既有來源，報告1,107小時與290種人類操作活動；其來源相依、姿態及語言標準化需保留，不能重複累加原集。 本列是原文明示範圍整理，未經本計畫逐題重跑。",TBD,原始書目＋完整摘要已讀；非逐task／全文／runtime審計,https://arxiv.org/abs/2509.05513
TACO,2024,影片資料與附帶 benchmark,真實human hand-object資料與離線任務,原始arXiv版本／2026-09-25摘要查核；P198,日常雙手工具操作,摘要沒有可獨立歸一的場景／layout總數,3 HOI endpoints：recognition／forecasting／grasp synthesis,受測case／episode總數未由摘要確定,約2.5K motion sequences,依具體任務核對；不由題名推定材料保真,原文設定；正式相容機體集合另核,Ego＋exo、精確手物3D mesh、action labels,工具—動作—物件組合泛化；合作抓姿生成不是控制多robot,保留原作任務／泛化條件；本輪未建立跨 benchmark 共用的實測難度量尺。,本計畫需對照其明訂端點與有效任務聯集；不能只因新增標籤或移植接口宣稱超越。,"約2,500雙手工具—動作—物件序列，含ego/exo與3D標註；識別、動作預測及合作抓取生成不等於機器人完成率。 本列是原文明示範圍整理，未經本計畫逐題重跑。",TBD,原始書目＋完整摘要已讀；非逐task／全文／runtime審計,https://arxiv.org/abs/2401.08399
Deform360,2026,柔性物與移動操作,真實visuotactile資料；world model與初步planning,原始arXiv版本／2026-09-25摘要查核；P196,日常柔性物動態,摘要沒有可獨立歸一的場景／layout總數,2D影片／3D粒子預測端點；物件不是task,受測case／episode總數未由摘要確定,"198物件、1,980序列、215+小時、41相機",柔性物全局運動與局部接觸形變,雙手tactile grippers,多視角、觸覺、markerless 3D tracking,2D與3D世界模型比較；另有初步robot planning展示,保留原作任務／泛化條件；本輪未建立跨 benchmark 共用的實測難度量尺。,本計畫需對照其明訂端點與有效任務聯集；不能只因新增標籤或移植接口宣稱超越。,"198物件、1,980互動序列、41相機及雙手觸覺觀測，用於2D／3D動態模型比較；資料時數不直接當控制題數。 本列是原文明示範圍整理，未經本計畫逐題重跑。",TBD,原始書目＋完整摘要已讀；非逐task／全文／runtime審計,https://arxiv.org/abs/2607.05390
Phys-Liquid,2025,柔性物與移動操作,物理模擬資料；液體感知,原始arXiv版本／2026-09-25摘要查核；P192,實驗室液體的形狀／體積估計,摘要沒有可獨立歸一的場景／layout總數,液體分割／3D重建／體積估計；非完整倒液控制,受測case／episode總數未由摘要確定,"97,200 simulation images與對應3D meshes",透明液體、容器動態和光學條件,原文設定；正式相容機體集合另核,影像與3D形狀／体積,液體geometry／volume estimation,保留原作任務／泛化條件；本輪未建立跨 benchmark 共用的實測難度量尺。,本計畫需對照其明訂端點與有效任務聯集；不能只因新增標籤或移植接口宣稱超越。,"97,200模擬影像和3D液體mesh用於形狀／體積估計；主要評測是感知，不能據此宣稱完整倒液控制。 本列是原文明示範圍整理，未經本計畫逐題重跑。",TBD,原始書目＋完整摘要已讀；非逐task／全文／runtime審計,https://arxiv.org/abs/2511.11077
EgoCoT-Bench,2026,Ego 理解、規劃與記憶,Ego離線QA與證據評測,原始arXiv版本／2026-09-25摘要查核；P207,原文摘要未足以對齊部署場域；保留其原生用途,摘要沒有可獨立歸一的場景／layout總數,4 task groups／12 subtask groups,"3,172 verifiable QA",351 Ego videos,依具體任務核對；不由題名推定材料保真,原文設定；正式相容機體集合另核,影片與時空scene graph支撐的公開理由／證據標註,操作、狀態、回顧、預測與高階推理；答案和證據一致性,保留原作任務／泛化條件；本輪未建立跨 benchmark 共用的實測難度量尺。,本計畫需對照其明訂端點與有效任務聯集；不能只因新增標籤或移植接口宣稱超越。,"351影片及3,172個可核對QA，檢查答案與時空證據一致性；對應我們的可公開理由／證據，不要求模型私有思考。 本列是原文明示範圍整理，未經本計畫逐題重跑。",TBD,原始書目＋完整摘要已讀；非逐task／全文／runtime審計,https://arxiv.org/abs/2605.19559
EmbodiedMemory-Bench,2026,Ego 理解、規劃與記憶,互動embodied環境；控制保真另核,原始arXiv版本／2026-09-25摘要查核；P206,原文摘要未足以對齊部署場域；保留其原生用途,摘要沒有可獨立歸一的場景／layout總數,4 memory task families,"2,554 interactive episodes",資料量依原作資源／受測子集另核,依具體任務核對；不由題名推定材料保真,原文設定；正式相容機體集合另核,互動歷史、狀態變化與後續任務,視覺細節、動態狀態、行動後揭露資訊與經驗泛化；透過動作使用記憶,保留原作任務／泛化條件；本輪未建立跨 benchmark 共用的實測難度量尺。,本計畫需對照其明訂端點與有效任務聯集；不能只因新增標籤或移植接口宣稱超越。,"2,554互動episodes、四記憶家族，先互動建立記憶再用行動完成後續任務；摘要不足以推定連續機器人控制保真度。 本列是原文明示範圍整理，未經本計畫逐題重跑。",TBD,原始書目＋完整摘要已讀；非逐task／全文／runtime審計,https://arxiv.org/abs/2609.28236
