record_id,work_id,native_term,unit,granularity,scope,setting,count_context,value_kind,value,range_max,notes
behavior:000,behavior,everyday activities,native_activity,G2-native,whole_resource,simulation,published resource,exact,1000,,
behavior:001,behavior,interactive scenes,native_scene,R-scene,whole_resource,simulation,published resource,exact,50,,
behavior:002,behavior,scene types,native_domain_category,G0-native,whole_resource,simulation,published resource,exact,8,,"Native scene categories, not the common application-domain ontology."
behavior:003,behavior,object models,asset,R-asset,whole_resource,simulation,published resource,at_least,9000,,
robocasa365:004,robocasa365,tasks,native_task,G2-native,whole_resource,simulation,published resource,exact,365,,
robocasa365:005,robocasa365,target tasks,native_task,G2-native,evaluated_subset,simulation,published resource,exact,50,,
robocasa365:006,robocasa365,pretraining kitchen configurations,native_scene,R-scene,training,simulation,pretraining scene configurations,exact,2500,,"Not 2,500 independently designed geometry layouts or task-bound G3 initial states."
robocasa365:007,robocasa365,pretraining layouts,layout,R-scene,training,simulation,published resource,exact,50,,
robocasa365:008,robocasa365,pretraining styles,style,R-scene,training,simulation,published resource,exact,50,,
robocasa365:009,robocasa365,target kitchens,native_scene,R-scene,evaluated_subset,simulation,published resource,exact,10,,
robocasa365:010,robocasa365,demonstrations,demonstration_trajectory,R-data,whole_resource,simulation,human-teleoperated and synthetic demonstration resource,at_least,500000,,Human-teleoperated robot data are not human-action observation videos.
vlabench:011,vlabench,task categories,native_task_category,G1-native,whole_resource,simulation,published resource,exact,100,,
vlabench:012,vlabench,objects,asset,R-asset,whole_resource,simulation,published resource,at_least,2000,,
rlbench:013,rlbench,tasks in paper,native_task,G2-native,whole_resource,simulation,published resource,exact,100,,
metaworld:014,metaworld,manipulation tasks,native_task,G2-native,whole_resource,simulation,published resource,exact,50,,
libero:015,libero,native task IDs,native_task,G2-native,whole_resource,simulation,published resource,exact,130,,Original suite counts and source versions are retained separately from canonical G2.
calvin:016,calvin,environments,native_scene,R-scene,whole_resource,simulation,published resource,exact,4,,
calvin:017,calvin,subtasks,native_task,G2-native,whole_resource,simulation,atomic subtask definitions,exact,34,,
calvin:018,calvin,instruction chains,evaluation_case,G4-native,test,simulation,five-subtask chains,exact,1000,,"Do not add 34 subtasks and 1,000 chains as 1,034 tasks."
calvin:019,calvin,play data hours,video_hour,R-data,training,simulation,teleoperated play recording time,approximate,24,,
calvin:020,calvin,language directives,language_directive,R-data,training,simulation,published resource,approximate,20000,,
maniskill2:021,maniskill2,task families,native_task_category,G1-native,whole_resource,simulation,published resource,exact,20,,
maniskill2:022,maniskill2,object models,asset,R-asset,whole_resource,simulation,published resource,at_least,2000,,
maniskill2:023,maniskill2,demonstration frames,frame,R-data,whole_resource,simulation,published resource,at_least,4000000,,
maniskill3:024,maniskill3,domains,capability_category,facet,whole_resource,simulation,capability/embodiment task groupings,exact,12,,Not 12 application/deployment domains.
robotwin2:025,robotwin2,dual-arm tasks,native_task,G2-native,whole_resource,simulation,published resource,exact,50,,
robotwin2:026,robotwin2,robot embodiments,robot_profile,facet,whole_resource,simulation,published resource,exact,5,,
robotwin2:027,robotwin2,object instances,asset,R-asset,whole_resource,simulation,published resource,exact,731,,
robotwin2:028,robotwin2,object categories,asset_category,R-asset,whole_resource,simulation,published resource,exact,147,,
garmentlab:029,garmentlab,tasks,native_task,G2-native,whole_resource,simulation,published resource,exact,20,,
garmentlab:030,garmentlab,interaction groups,capability_category,facet,whole_resource,simulation,"garment interaction groups, not application domains",exact,5,,
dexgarment:031,dexgarment,task scenarios,native_task,G2-native,whole_resource,simulation,published resource,exact,15,,
modesuite:032,modesuite,mobile manipulation tasks,native_task,G2-native,whole_resource,simulation,published resource,exact,8,,
autobio:033,autobio,tasks,native_task,G2-native,whole_resource,simulation,published resource,exact,16,,
autobio:034,autobio,evaluated tasks,native_task,G2-native,evaluated_subset,simulation,published resource,exact,9,,
autobio:035,autobio,design difficulty levels,capability_category,facet,whole_resource,simulation,"native design strata, not a calibrated cross-benchmark difficulty scale",exact,3,,
autobio:036,autobio,demonstrations per evaluated task,demonstration_trajectory,R-data,training,simulation,PER evaluated task; not an aggregate dataset total,exact,100,,
alfred:037,alfred,task types,native_task_schema,G2-native,whole_resource,simulation,published resource,exact,7,,
alfred:038,alfred,scenes,native_scene,R-scene,whole_resource,simulation,published resource,exact,120,,
alfred:039,alfred,expert demonstrations,episode,G4-native,whole_resource,simulation,"demonstration episode resource, not task kinds",exact,8055,,
alfred:040,alfred,language directives,language_directive,R-data,whole_resource,simulation,published resource,exact,25743,,
teach:041,teach,task types represented in sessions,native_task_schema,G2-native,whole_resource,simulation,published resource,exact,12,,
teach:042,teach,successful gameplay sessions,episode,G4-native,whole_resource,simulation,successful human–human simulation sessions; EDH/TFD case counts differ,exact,3047,,
partnr:043,partnr,houses,native_scene,R-scene,whole_resource,simulation,published resource,exact,60,,
partnr:044,partnr,training episodes,episode,G4-native,training,simulation,published resource,exact,100000,,
partnr:045,partnr,validation episodes,episode,G4-native,validation,simulation,published resource,exact,1000,,
partnr:046,partnr,test episodes,episode,G4-native,test,simulation,published resource,exact,1000,,
partnr:047,partnr,task constraint types,native_task_schema,G2-native,whole_resource,simulation,constraint/multi-agent task types; not a deduplicated semantic task count,exact,4,,
partnr:048,partnr,unique objects,asset,R-asset,whole_resource,simulation,published resource,exact,5819,,
watchact:049,watchact,cognitive task schemas,native_task_schema,G2-native,whole_resource,simulation,"cognitive scenarios, not automatically 14 physical task specifications",exact,14,,
watchact:050,watchact,video–task instances,task_instance,G4-native,whole_resource,mixed,paired human-video/executable-task instances,exact,3000,,
watchact:051,watchact,cognitive capability domains,capability_category,facet,whole_resource,mixed,published resource,exact,4,,Not four application domains.
watchact:052,watchact,public HF evaluation rows,evaluation_case,G4-native,available_source_snapshot,mixed,"2026-09-25 public-data metadata snapshot; distinct from the paper's reported 3,000",exact,3045,,609 originals produce five evaluation rows and three external-view videos each. Metadata linkage only; no new G2 or decoded-pixel/execution claim.
watchact:053,watchact,public HF original examples,task_instance,G3-native,available_source_snapshot,mixed,"2026-09-25 public-data metadata snapshot; distinct from the paper's reported 3,000",exact,609,,609 originals produce five evaluation rows and three external-view videos each. Metadata linkage only; no new G2 or decoded-pixel/execution claim.
watchact:054,watchact,public HF referenced external-view videos,video,R-data,available_source_snapshot,mixed,"2026-09-25 public-data metadata snapshot; distinct from the paper's reported 3,000",exact,1827,,609 originals produce five evaluation rows and three external-view videos each. Metadata linkage only; no new G2 or decoded-pixel/execution claim.
roboreel:055,roboreel,manipulation tasks,native_task,G2-native,whole_resource,simulation,published resource,exact,10,,
roboreel:056,roboreel,test suites,capability_category,facet,whole_resource,simulation,"evaluation suites, not application domains",exact,4,,
imitator:057,imitator,base tasks,native_task,G2-native,whole_resource,mixed,paper's 50+ base task resource,at_least,50,,
imitator:058,imitator,listed per-domain base tasks,native_task,G2-native,whole_resource,mixed,sum of the explicit task table: 12+7+17+4+6+7,exact,53,,Do not add this listing count to the paper's 50+ statement.
imitator:059,imitator,application domains,native_domain_category,G0-native,whole_resource,mixed,native six-domain taxonomy,exact,6,,
imitator:060,imitator,paired episodes,demonstration_pair,R-data,whole_resource,mixed,published resource,at_least,20000,,Data-resource pairs are not per-model test rollouts.
imitator:061,imitator,real paired episodes,demonstration_pair,R-data,whole_resource,real,real human–robot clip pairs,approximate,11700,,
imitator:062,imitator,simulation paired episodes,demonstration_pair,R-data,whole_resource,simulation,simulation-pair resource,approximate,10000,,
robodojo:063,robodojo,simulation tasks,native_task,G2-native,whole_resource,simulation,published resource,exact,42,,
robodojo:064,robodojo,real tasks,native_task,G2-native,whole_resource,real,published resource,exact,18,,Do not infer 42+18=60 distinct semantic tasks.
robodojo:065,robodojo,simulation capability dimensions,capability_category,facet,whole_resource,simulation,"capability axes, not application domains",exact,5,,
liberorecover:066,liberorecover,failure scenarios,task_instance,G4-native,whole_resource,simulation,failure-state/scenario resource; not new task kinds,at_least,1000,,
liberorecover:067,liberorecover,recovery levels,capability_category,facet,whole_resource,simulation,"native recovery categories, not a universal difficulty scale",exact,4,,
safevla:068,safevla,policy–benchmark entries,model_entry,facet,evaluated_subset,simulation,published resource,exact,9,,Methods evaluated on benchmark settings; not nine task kinds.
roboverse:069,roboverse,task categories,native_task_category,G1-native,whole_resource,simulation,published resource,exact,276,,
roboverse:070,roboverse,trajectories,demonstration_trajectory,R-data,whole_resource,simulation,migrated/generated demonstration resource,exact,510500,,
roboverse:071,roboverse,assets,asset,R-asset,whole_resource,simulation,published resource,approximate,5500,,
eai:072,eai,BEHAVIOR task names,native_task,G2-native,whole_resource,simulation,"BEHAVIOR subset, separate from VirtualHome",exact,100,,
eai:073,eai,VirtualHome task names,native_task,G2-native,whole_resource,simulation,"VirtualHome subset, separate from BEHAVIOR",exact,26,,
eai:074,eai,VirtualHome instructions/trajectories,episode,G4-native,whole_resource,simulation,VirtualHome subset,exact,338,,
eai:075,eai,BEHAVIOR instructions/trajectories,episode,G4-native,whole_resource,simulation,BEHAVIOR subset,exact,100,,
egoplan2:076,egoplan2,major domains,native_domain_category,G0-native,whole_resource,offline,Work/Daily life/Hobbies/Recreation,exact,4,,
egoplan2:077,egoplan2,detailed scenarios,native_domain_category,G0-native,whole_resource,offline,"application scenario categories, not 3D scene assets",exact,24,,
egoplan2:078,egoplan2,multiple-choice QA,evaluation_case,G4-native,whole_resource,offline,video planning QA bank,exact,1321,,
egoplan2:079,egoplan2,videos,video,R-data,whole_resource,offline,published resource,exact,1113,,
egoschema:080,egoschema,multiple-choice QA,evaluation_case,G4-native,whole_resource,offline,video QA bank; paper v1 wording,at_least,5000,,
egoschema:081,egoschema,video hours,video_hour,R-data,whole_resource,offline,published resource,at_least,250,,
egotaskqa:082,egotaskqa,balanced QA,evaluation_case,G4-native,whole_resource,offline,balanced question bank,exact,40000,,
egotaskqa:083,egotaskqa,candidate QA before balancing,evaluation_case,G4-native,whole_resource,offline,generated pre-balancing candidates,exact,368000,,Not an additional disjoint test set.
egotaskqa:084,egotaskqa,egocentric videos,video,R-data,whole_resource,offline,published resource,exact,2000,,
egolife:085,egolife,full EgoLifeQA questions,evaluation_case,G4-native,whole_resource,offline,published resource,exact,3000,,
egolife:086,egolife,Jake subset questions,evaluation_case,G4-native,evaluated_subset,offline,published resource,exact,500,,"Subset of 3,000, not an additional independent corpus."
egolife:087,egolife,video hours,video_hour,R-data,whole_resource,offline,published resource,exact,300,,
ego4d:088,ego4d,video hours,video_hour,R-data,whole_resource,offline,published resource,exact,3670,,
ego4d:089,ego4d,recording locations,native_scene,R-scene,whole_resource,real,"real-world collection locations, not simulator scenes",exact,74,,
egoexo4d:090,egoexo4d,video hours,video_hour,R-data,whole_resource,offline,published resource,exact,1286,,
egoexo4d:091,egoexo4d,natural scene contexts,native_scene,R-scene,whole_resource,real,human activity recording contexts,exact,123,,
epic100:092,epic100,video hours,video_hour,R-data,whole_resource,offline,published resource,exact,100,,
epic100:093,epic100,videos,video,R-data,whole_resource,offline,published resource,exact,700,,
epic100:094,epic100,recording environments,native_scene,R-scene,whole_resource,real,real kitchens/recording environments,exact,45,,
epic100:095,epic100,annotated actions,evaluation_case,G4-native,whole_resource,offline,action segment annotations; not robotic tasks,approximate,90000,,
behavior:096,behavior,pinned heterogeneous source records,source_record,source-index,available_source_snapshot,not_applicable,native inventory unit from the per-source extraction rule,exact,1016,,"Not automatically a task count; includes source-specific schemas, registrations, entrypoints or configurations."
robocasa365:097,robocasa365,pinned heterogeneous source records,source_record,source-index,available_source_snapshot,not_applicable,native inventory unit from the per-source extraction rule,exact,365,,"Not automatically a task count; includes source-specific schemas, registrations, entrypoints or configurations."
rlbench:098,rlbench,pinned heterogeneous source records,source_record,source-index,available_source_snapshot,not_applicable,native inventory unit from the per-source extraction rule,exact,106,,"Not automatically a task count; includes source-specific schemas, registrations, entrypoints or configurations."
metaworld:099,metaworld,pinned heterogeneous source records,source_record,source-index,available_source_snapshot,not_applicable,native inventory unit from the per-source extraction rule,exact,50,,"Not automatically a task count; includes source-specific schemas, registrations, entrypoints or configurations."
libero:100,libero,pinned heterogeneous source records,source_record,source-index,available_source_snapshot,not_applicable,native inventory unit from the per-source extraction rule,exact,130,,"Not automatically a task count; includes source-specific schemas, registrations, entrypoints or configurations."
maniskill2:101,maniskill2,pinned heterogeneous source records,source_record,source-index,available_source_snapshot,not_applicable,native inventory unit from the per-source extraction rule,exact,21,,"Not automatically a task count; includes source-specific schemas, registrations, entrypoints or configurations."
maniskill3:102,maniskill3,pinned heterogeneous source records,source_record,source-index,available_source_snapshot,not_applicable,native inventory unit from the per-source extraction rule,exact,65,,"Not automatically a task count; includes source-specific schemas, registrations, entrypoints or configurations."
vlabench:103,vlabench,pinned heterogeneous source records,source_record,source-index,available_source_snapshot,not_applicable,native inventory unit from the per-source extraction rule,exact,96,,"Not automatically a task count; includes source-specific schemas, registrations, entrypoints or configurations."
robotwin2:104,robotwin2,pinned heterogeneous source records,source_record,source-index,available_source_snapshot,not_applicable,native inventory unit from the per-source extraction rule,exact,50,,"Not automatically a task count; includes source-specific schemas, registrations, entrypoints or configurations."
softgym:105,softgym,pinned heterogeneous source records,source_record,source-index,available_source_snapshot,not_applicable,native inventory unit from the per-source extraction rule,exact,12,,"Not automatically a task count; includes source-specific schemas, registrations, entrypoints or configurations."
garmentlab:106,garmentlab,pinned heterogeneous source records,source_record,source-index,available_source_snapshot,not_applicable,native inventory unit from the per-source extraction rule,exact,10,,"Not automatically a task count; includes source-specific schemas, registrations, entrypoints or configurations."
dexgarment:107,dexgarment,pinned heterogeneous source records,source_record,source-index,available_source_snapshot,not_applicable,native inventory unit from the per-source extraction rule,exact,15,,"Not automatically a task count; includes source-specific schemas, registrations, entrypoints or configurations."
alfred:108,alfred,pinned heterogeneous source records,source_record,source-index,available_source_snapshot,not_applicable,native inventory unit from the per-source extraction rule,exact,7,,"Not automatically a task count; includes source-specific schemas, registrations, entrypoints or configurations."
teach:109,teach,pinned heterogeneous source records,source_record,source-index,available_source_snapshot,not_applicable,native inventory unit from the per-source extraction rule,exact,25,,"Not automatically a task count; includes source-specific schemas, registrations, entrypoints or configurations."
partnr:110,partnr,pinned heterogeneous source records,source_record,source-index,available_source_snapshot,not_applicable,native inventory unit from the per-source extraction rule,exact,6,,"Not automatically a task count; includes source-specific schemas, registrations, entrypoints or configurations."
roboverse:111,roboverse,pinned heterogeneous source records,source_record,source-index,available_source_snapshot,not_applicable,native inventory unit from the per-source extraction rule,exact,2897,,"Not automatically a task count; includes source-specific schemas, registrations, entrypoints or configurations."
eai:112,eai,pinned heterogeneous source records,source_record,source-index,available_source_snapshot,not_applicable,native inventory unit from the per-source extraction rule,exact,3,,"Not automatically a task count; includes source-specific schemas, registrations, entrypoints or configurations."
watchact:113,watchact,pinned heterogeneous source records,source_record,source-index,available_source_snapshot,not_applicable,native inventory unit from the per-source extraction rule,exact,14,,"Not automatically a task count; includes source-specific schemas, registrations, entrypoints or configurations."
imitator:114,imitator,pinned heterogeneous source records,source_record,source-index,available_source_snapshot,not_applicable,native inventory unit from the per-source extraction rule,exact,53,,"Not automatically a task count; includes source-specific schemas, registrations, entrypoints or configurations."
robodojo:115,robodojo,pinned heterogeneous source records,source_record,source-index,available_source_snapshot,not_applicable,native inventory unit from the per-source extraction rule,exact,54,,"Not automatically a task count; includes source-specific schemas, registrations, entrypoints or configurations."
x2real:116,x2real,hierarchical tasks,native_task,G2-native,whole_resource,mixed,hierarchical tasks,exact,44,,44個長流程操作任務、10能力維度及sim-to-real評測；能力維度不是應用場域，手臂與訓練資訊約定須分層。 本列是原文明示範圍整理，未經本計畫逐題重跑。
x2real:117,x2real,capability dimensions,capability_category,facet,whole_resource,mixed,capability dimensions,exact,10,,44個長流程操作任務、10能力維度及sim-to-real評測；能力維度不是應用場域，手臂與訓練資訊約定須分層。 本列是原文明示範圍整理，未經本計畫逐題重跑。
x2real:118,x2real,annotated simulation hours,video_hour,R-data,whole_resource,mixed,annotated simulation hours,approximate,300,,44個長流程操作任務、10能力維度及sim-to-real評測；能力維度不是應用場域，手臂與訓練資訊約定須分層。 本列是原文明示範圍整理，未經本計畫逐題重跑。
motionforge:119,motionforge,dynamic tasks,native_task,G2-native,whole_resource,simulation,dynamic tasks,exact,40,,40個動態互動任務，含17個長流程任務；環境隨推論時間持續演化，提示我們須量測延遲而非暫停世界等答案。 本列是原文明示範圍整理，未經本計畫逐題重跑。
motionforge:120,motionforge,long-horizon tasks,native_task,G2-native,evaluated_subset,simulation,long-horizon tasks,exact,17,,40個動態互動任務，含17個長流程任務；環境隨推論時間持續演化，提示我們須量測延遲而非暫停世界等答案。 本列是原文明示範圍整理，未經本計畫逐題重跑。
motionforge:121,motionforge,motion patterns,capability_category,facet,whole_resource,simulation,motion patterns,exact,11,,40個動態互動任務，含17個長流程任務；環境隨推論時間持續演化，提示我們須量測延遲而非暫停世界等答案。 本列是原文明示範圍整理，未經本計畫逐題重跑。
h2rtransfer:122,h2rtransfer,manipulation tasks,native_task,G2-native,whole_resource,unknown,manipulation tasks,exact,4,,四項Real2Sim人類到機器人轉移任務，控制人類示範量与robot監督；與世界模型文獻H2R-Bench為不同工作。 本列是原文明示範圍整理，未經本計畫逐題重跑。
roborecover:123,roborecover,deviation scenarios,task_instance,G4-native,whole_resource,simulation,deviation scenarios,exact,2000,,"RoboTwin與LIBERO各1,000個恢復情境，各用800／200切分；動作前綴重播重建偏離狀態，不是2,000種新工作。 本列是原文明示範圍整理，未經本計畫逐題重跑。"
roborecover:124,roborecover,scenarios PER platform,task_instance,G4-native,whole_resource,simulation,"Per platform; two platforms, not additional data beyond total 2,000",exact,1000,,"RoboTwin與LIBERO各1,000個恢復情境，各用800／200切分；動作前綴重播重建偏離狀態，不是2,000種新工作。 本列是原文明示範圍整理，未經本計畫逐題重跑。"
roborecover:125,roborecover,train scenarios PER platform,task_instance,G4-native,training,simulation,train scenarios PER platform,exact,800,,"RoboTwin與LIBERO各1,000個恢復情境，各用800／200切分；動作前綴重播重建偏離狀態，不是2,000種新工作。 本列是原文明示範圍整理，未經本計畫逐題重跑。"
roborecover:126,roborecover,test scenarios PER platform,task_instance,G4-native,test,simulation,test scenarios PER platform,exact,200,,"RoboTwin與LIBERO各1,000個恢復情境，各用800／200切分；動作前綴重播重建偏離狀態，不是2,000種新工作。 本列是原文明示範圍整理，未經本計畫逐題重跑。"
reboot:127,reboot,precision assembly tasks,native_task,G2-native,whole_resource,unknown,precision assembly tasks,exact,18,,"18項精密装配及2,160份示範，把取件／運送／裝入分成五階段；成敗與專家恢復軌跡均保留，示範不當題型。 本列是原文明示範圍整理，未經本計畫逐題重跑。"
reboot:128,reboot,demonstrations,demonstration_trajectory,R-data,whole_resource,unknown,demonstrations,exact,2160,,"18項精密装配及2,160份示範，把取件／運送／裝入分成五階段；成敗與專家恢復軌跡均保留，示範不當題型。 本列是原文明示範圍整理，未經本計畫逐題重跑。"
reboot:129,reboot,shared phases,capability_category,facet,whole_resource,unknown,shared phases,exact,5,,"18項精密装配及2,160份示範，把取件／運送／裝入分成五階段；成敗與專家恢復軌跡均保留，示範不當題型。 本列是原文明示範圍整理，未經本計畫逐題重跑。"
bench2dex:130,bench2dex,bimanual tasks,native_task,G2-native,whole_resource,simulation,bimanual tasks,exact,26,,26項雙手操作跨12種靈巧手，提供共用接觸影像介面；模擬觸覺不等同特定實體感測器。 本列是原文明示範圍整理，未經本計畫逐題重跑。
bench2dex:131,bench2dex,dexterous hands,robot_profile,facet,whole_resource,simulation,dexterous hands,exact,12,,26項雙手操作跨12種靈巧手，提供共用接觸影像介面；模擬觸覺不等同特定實體感測器。 本列是原文明示範圍整理，未經本計畫逐題重跑。
bench2dex:132,bench2dex,teleoperated demonstrations,demonstration_trajectory,R-data,whole_resource,simulation,teleoperated demonstrations,approximate,1300,,26項雙手操作跨12種靈巧手，提供共用接觸影像介面；模擬觸覺不等同特定實體感測器。 本列是原文明示範圍整理，未經本計畫逐題重跑。
bench2dex:133,bench2dex,perturbation types,capability_category,facet,whole_resource,simulation,perturbation types,exact,7,,26項雙手操作跨12種靈巧手，提供共用接觸影像介面；模擬觸覺不等同特定實體感測器。 本列是原文明示範圍整理，未經本計畫逐題重跑。
robofoldex:134,robofoldex,tasks in data resource,native_task,G2-native,whole_resource,real,tasks in data resource,at_least,20,,"以真實衣物摺疊為主，報告2,000多小時、20多項任務與10多種機體；資料全庫與外部提交的實際評測集合分開。 本列是原文明示範圍整理，未經本計畫逐題重跑。"
robofoldex:135,robofoldex,real-robot data hours,video_hour,R-data,whole_resource,real,real-robot data hours,at_least,2000,,"以真實衣物摺疊為主，報告2,000多小時、20多項任務與10多種機體；資料全庫與外部提交的實際評測集合分開。 本列是原文明示範圍整理，未經本計畫逐題重跑。"
robofoldex:136,robofoldex,embodiments in data resource,robot_profile,facet,whole_resource,real,embodiments in data resource,at_least,10,,"以真實衣物摺疊為主，報告2,000多小時、20多項任務與10多種機體；資料全庫與外部提交的實際評測集合分開。 本列是原文明示範圍整理，未經本計畫逐題重跑。"
softvtbench:137,softvtbench,expert demonstrations,demonstration_trajectory,R-data,whole_resource,unknown,expert demonstrations,exact,4000,,"4,000專家示範、50多件柔性與剛性對照資產，分開公開觸覺和evaluator-only FEM狀態；以形變限制後的成功評測。 本列是原文明示範圍整理，未經本計畫逐題重跑。"
softvtbench:138,softvtbench,assets including rigid twins,asset,R-asset,whole_resource,unknown,assets including rigid twins,at_least,50,,"4,000專家示範、50多件柔性與剛性對照資產，分開公開觸覺和evaluator-only FEM狀態；以形變限制後的成功評測。 本列是原文明示範圍整理，未經本計畫逐題重跑。"
softvtbench:139,softvtbench,in-distribution evaluated configurations,model_entry,facet,evaluated_subset,unknown,"Policy/condition experimental configurations, not native tasks",exact,12,,"4,000專家示範、50多件柔性與剛性對照資產，分開公開觸覺和evaluator-only FEM狀態；以形變限制後的成功評測。 本列是原文明示範圍整理，未經本計畫逐題重跑。"
wirecraft:140,wirecraft,task families,native_task_category,G1-native,whole_resource,mixed,task families,exact,3,,摘要稱benchmark、data、tools待接受後釋出；不能當成本計畫已取得可跑的公開資產。三家族不是三個部署領域。
rgbench:141,rgbench,garment meshes,asset,R-asset,whole_resource,mixed,garment meshes,at_least,6000,,"6,000多衣物mesh與真實衣物動態的模擬品質評測；資產規模與完成操作的任務數是不同軸。 本列是原文明示範圍整理，未經本計畫逐題重跑。"
labutopia:142,labutopia,tasks,native_task,G2-native,whole_resource,simulation,tasks,exact,30,,30項科學實驗室任務，含五層複雜度與200多項場景／儀器資產；化學或多物理主張要再核對具體實作。 本列是原文明示範圍整理，未經本計畫逐題重跑。
labutopia:143,labutopia,complexity levels,capability_category,facet,whole_resource,simulation,complexity levels,exact,5,,30項科學實驗室任務，含五層複雜度與200多項場景／儀器資產；化學或多物理主張要再核對具體實作。 本列是原文明示範圍整理，未經本計畫逐題重跑。
labutopia:144,labutopia,scene AND instrument assets,asset,R-asset,whole_resource,simulation,scene AND instrument assets,at_least,200,,30項科學實驗室任務，含五層複雜度與200多項場景／儀器資產；化學或多物理主張要再核對具體實作。 本列是原文明示範圍整理，未經本計畫逐題重跑。
labdex:145,labdex,hierarchical task levels,capability_category,facet,whole_resource,mixed,hierarchical task levels,exact,3,,把實驗室靈巧操作分為原子技能、組合技能、完整實驗；真實與模擬共用框架，摘要沒有可歸一的總題數。 本列是原文明示範圍整理，未經本計畫逐題重跑。
labimus:146,labimus,atomic operations,native_task,G2-native,whole_resource,simulation,atomic operations,exact,6,,人形靈巧實驗室操作，六項原子操作及七步秤重流程；顆粒、儀器讀值與量測誤差不能只用終態成功替代。 本列是原文明示範圍整理，未經本計畫逐題重跑。
labimus:147,labimus,steps in the solid-weighing workflow,workflow_step,facet,whole_resource,simulation,"Steps of one workflow, not seven independent additional tasks",exact,7,,人形靈巧實驗室操作，六項原子操作及七步秤重流程；顆粒、儀器讀值與量測誤差不能只用終態成功替代。 本列是原文明示範圍整理，未經本計畫逐題重跑。
labimus:148,labimus,functional laboratory assets,asset,R-asset,whole_resource,simulation,functional laboratory assets,at_least,30,,人形靈巧實驗室操作，六項原子操作及七步秤重流程；顆粒、儀器讀值與量測誤差不能只用終態成功替代。 本列是原文明示範圍整理，未經本計畫逐題重跑。
pipette:149,pipette,tasks,native_task,G2-native,whole_resource,simulation,tasks,exact,12,,12項wet-lab任務、三種手臂及100多件可編輯資產；示範增強產物與新的任務種類分開計數。 本列是原文明示範圍整理，未經本計畫逐題重跑。
pipette:150,pipette,editable assets,asset,R-asset,whole_resource,simulation,editable assets,at_least,100,,12項wet-lab任務、三種手臂及100多件可編輯資產；示範增強產物與新的任務種類分開計數。 本列是原文明示範圍整理，未經本計畫逐題重跑。
pipette:151,pipette,arm embodiments,robot_profile,facet,whole_resource,simulation,arm embodiments,exact,3,,12項wet-lab任務、三種手臂及100多件可編輯資產；示範增強產物與新的任務種類分開計數。 本列是原文明示範圍整理，未經本計畫逐題重跑。
pipette:152,pipette,demonstrations PER task,demonstration_trajectory,R-data,training,simulation,"Per-task training amount, not whole-data total",exact,30,,12項wet-lab任務、三種手臂及100多件可編輯資產；示範增強產物與新的任務種類分開計數。 本列是原文明示範圍整理，未經本計畫逐題重跑。
egosim:153,egosim,synthetic video hours,video_hour,R-data,whole_resource,simulation,synthetic video hours,exact,119,,六個身體佩戴位置的相機，119小時合成與5小時真實資料；人體／相機合成影片不能標成真人原始錄製。 本列是原文明示範圍整理，未經本計畫逐題重跑。
egosim:154,egosim,real video hours,video_hour,R-data,whole_resource,real,real video hours,exact,5,,六個身體佩戴位置的相機，119小時合成與5小時真實資料；人體／相機合成影片不能標成真人原始錄製。 本列是原文明示範圍整理，未經本計畫逐題重跑。
egosim:155,egosim,body-worn camera views,camera_view,facet,whole_resource,mixed,body-worn camera views,exact,6,,六個身體佩戴位置的相機，119小時合成與5小時真實資料；人體／相機合成影片不能標成真人原始錄製。 本列是原文明示範圍整理，未經本計畫逐題重跑。
egosim:156,egosim,virtual environments,native_scene,R-scene,whole_resource,simulation,virtual environments,exact,4,,六個身體佩戴位置的相機，119小時合成與5小時真實資料；人體／相機合成影片不能標成真人原始錄製。 本列是原文明示範圍整理，未經本計畫逐題重跑。
egosim:157,egosim,real participants,participant,R-data,whole_resource,real,real participants,exact,13,,六個身體佩戴位置的相機，119小時合成與5小時真實資料；人體／相機合成影片不能標成真人原始錄製。 本列是原文明示範圍整理，未經本計畫逐題重跑。
egosat:158,egosat,QA pairs,evaluation_case,G4-native,whole_resource,offline,QA pairs,approximate,4800,,"以串流方式整合過去、現在與未來QA，約4,800題／1,997影片；只允許已觀測前綴並區分可回答性。 本列是原文明示範圍整理，未經本計畫逐題重跑。"
egosat:159,egosat,unique videos,video,R-data,whole_resource,offline,unique videos,exact,1997,,"以串流方式整合過去、現在與未來QA，約4,800題／1,997影片；只允許已觀測前綴並區分可回答性。 本列是原文明示範圍整理，未經本計畫逐題重跑。"
egosat:160,egosat,video hours,video_hour,R-data,whole_resource,offline,video hours,exact,165,,"以串流方式整合過去、現在與未來QA，約4,800題／1,997影片；只允許已觀測前綴並區分可回答性。 本列是原文明示範圍整理，未經本計畫逐題重跑。"
egomonth:161,egomonth,multiple-choice QA,evaluation_case,G4-native,whole_resource,offline,multiple-choice QA,exact,1443,,"20位參與者跨20–120天，300多小時與1,443題；14種認知題型不是14種可執行物理工作。 本列是原文明示範圍整理，未經本計畫逐題重跑。"
egomonth:162,egomonth,cognitive task schemas,native_task_schema,G2-native,whole_resource,offline,cognitive task schemas,exact,14,,"20位參與者跨20–120天，300多小時與1,443題；14種認知題型不是14種可執行物理工作。 本列是原文明示範圍整理，未經本計畫逐題重跑。"
egomonth:163,egomonth,recording hours,video_hour,R-data,whole_resource,real,recording hours,at_least,300,,"20位參與者跨20–120天，300多小時與1,443題；14種認知題型不是14種可執行物理工作。 本列是原文明示範圍整理，未經本計畫逐題重跑。"
egomonth:164,egomonth,participants,participant,R-data,whole_resource,real,participants,exact,20,,"20位參與者跨20–120天，300多小時與1,443題；14種認知題型不是14種可執行物理工作。 本列是原文明示範圍整理，未經本計畫逐題重跑。"
egostream:165,egostream,curated questions,evaluation_case,G4-native,whole_resource,offline,Base question bank,exact,2250,,"2,250問題展成8,528個不同召回時間評測；答案有效時間窗把模型遺忘與世界本身變化分開。 本列是原文明示範圍整理，未經本計畫逐題重跑。"
egostream:166,egostream,recall-conditioned evaluations,evaluation_case,G4-native,whole_resource,offline,"Derived from the same 2,250 questions; not a disjoint question bank",exact,8528,,"2,250問題展成8,528個不同召回時間評測；答案有效時間窗把模型遺忘與世界本身變化分開。 本列是原文明示範圍整理，未經本計畫逐題重跑。"
egostream:167,egostream,cognitive dimensions,capability_category,facet,whole_resource,offline,cognitive dimensions,exact,7,,"2,250問題展成8,528個不同召回時間評測；答案有效時間窗把模型遺忘與世界本身變化分開。 本列是原文明示範圍整理，未經本計畫逐題重跑。"
sember:168,sember,QA pairs,evaluation_case,G4-native,whole_resource,offline,QA pairs,exact,9448,,"388小時、3,141個智慧眼鏡影片與9,448個具時間證據QA；因果串流檢索與離線任意看未來不同。 本列是原文明示範圍整理，未經本計畫逐題重跑。"
sember:169,sember,videos,video,R-data,whole_resource,real,videos,exact,3141,,"388小時、3,141個智慧眼鏡影片與9,448個具時間證據QA；因果串流檢索與離線任意看未來不同。 本列是原文明示範圍整理，未經本計畫逐題重跑。"
sember:170,sember,video hours,video_hour,R-data,whole_resource,real,video hours,exact,388,,"388小時、3,141個智慧眼鏡影片與9,448個具時間證據QA；因果串流檢索與離線任意看未來不同。 本列是原文明示範圍整理，未經本計畫逐題重跑。"
capmem:171,capmem,multiple-choice QA,evaluation_case,G4-native,whole_resource,offline,multiple-choice QA,exact,1000,,"75影片、33.7小時與1,000題，檢查文字caption記憶；比較時須對齊影格預算和實際影片涵蓋量。 本列是原文明示範圍整理，未經本計畫逐題重跑。"
capmem:172,capmem,native scenarios,native_domain_category,G0-native,whole_resource,offline,"Native scenario grouping, not a count of simulator scenes",exact,16,,"75影片、33.7小時與1,000題，檢查文字caption記憶；比較時須對齊影格預算和實際影片涵蓋量。 本列是原文明示範圍整理，未經本計畫逐題重跑。"
capmem:173,capmem,videos,video,R-data,whole_resource,offline,videos,exact,75,,"75影片、33.7小時與1,000題，檢查文字caption記憶；比較時須對齊影格預算和實際影片涵蓋量。 本列是原文明示範圍整理，未經本計畫逐題重跑。"
capmem:174,capmem,video hours,video_hour,R-data,whole_resource,offline,video hours,exact,33.7,,"75影片、33.7小時與1,000題，檢查文字caption記憶；比較時須對齊影格預算和實際影片涵蓋量。 本列是原文明示範圍整理，未經本計畫逐題重跑。"
dyad:175,dyad,recording sessions,recording_session,R-data,whole_resource,real,recording sessions,exact,20,,20個齒輪箱裝配合作session，連結請求、介入、動作階段與結果；人類協助資料不等於已控制機器人完成合作。 本列是原文明示範圍整理，未經本計畫逐題重跑。
dyad:176,dyad,reference evaluation tasks,native_task_schema,G2-native,whole_resource,offline,reference evaluation tasks,exact,3,,20個齒輪箱裝配合作session，連結請求、介入、動作階段與結果；人類協助資料不等於已控制機器人完成合作。 本列是原文明示範圍整理，未經本計畫逐題重跑。
dyad:177,dyad,assistance records,annotation,R-data,whole_resource,real,assistance records,exact,851,,20個齒輪箱裝配合作session，連結請求、介入、動作階段與結果；人類協助資料不等於已控制機器人完成合作。 本列是原文明示範圍整理，未經本計畫逐題重跑。
dyad:178,dyad,eligible mode events,evaluation_case,G4-native,evaluated_subset,offline,eligible mode events,exact,829,,20個齒輪箱裝配合作session，連結請求、介入、動作階段與結果；人類協助資料不等於已控制機器人完成合作。 本列是原文明示範圍整理，未經本計畫逐題重跑。
hui360:179,hui360,HUI360 annotations,annotation,R-data,whole_resource,real,HUI360 annotations,exact,1000000,,原作的原始影像為研究用途依申請提供；1M與6M分屬不同來源。robot-egocentric不可改標人類頭戴影片。
hui360:180,hui360,SSUP-HRI derived annotations,annotation,R-data,whole_resource,real,Separate existing parent dataset; not additional HUI360 raw recordings,exact,6000000,,原作的原始影像為研究用途依申請提供；1M與6M分屬不同來源。robot-egocentric不可改標人類頭戴影片。
safemanip:181,safemanip,inherited evaluated tasks,native_task,G2-native,evaluated_subset,unknown,inherited evaluated tasks,exact,50,,在50項RoboCasa365任務上用八類LTLf性質檢查完整過程；這是可重用評測層，不新增50個獨立任務。 本列是原文明示範圍整理，未經本計畫逐題重跑。
safemanip:182,safemanip,temporal property categories,capability_category,facet,whole_resource,unknown,temporal property categories,exact,8,,在50項RoboCasa365任務上用八類LTLf性質檢查完整過程；這是可重用評測層，不新增50個獨立任務。 本列是原文明示範圍整理，未經本計畫逐題重跑。
safemanip:183,safemanip,evaluated policies,model_entry,facet,evaluated_subset,unknown,evaluated policies,exact,6,,在50項RoboCasa365任務上用八類LTLf性質檢查完整過程；這是可重用評測層，不新增50個獨立任務。 本列是原文明示範圍整理，未經本計畫逐題重跑。
arb4wm:184,arb4wm,inherited tasks,native_task,G2-native,evaluated_subset,unknown,inherited tasks,exact,20,,四個Dreamer類agent、20個既有控制任務，比較不同世界模型內部與時間位置的視覺擾動；不是新建20個任務。 本列是原文明示範圍整理，未經本計畫逐題重跑。
arb4wm:185,arb4wm,Dreamer-style agents,model_entry,facet,evaluated_subset,unknown,Dreamer-style agents,exact,4,,四個Dreamer類agent、20個既有控制任務，比較不同世界模型內部與時間位置的視覺擾動；不是新建20個任務。 本列是原文明示範圍整理，未經本計畫逐題重跑。
arb4wm:186,arb4wm,white-box loss objectives,capability_category,facet,whole_resource,unknown,white-box loss objectives,exact,5,,四個Dreamer類agent、20個既有控制任務，比較不同世界模型內部與時間位置的視覺擾動；不是新建20個任務。 本列是原文明示範圍整理，未經本計畫逐題重跑。
assemblygrid:187,assemblygrid,workload families,native_task_category,G1-native,whole_resource,unknown,workload families,exact,3,,生產流程、短期多robot合作、局部資訊和幾何可行性，三工作負載家族各三情境層；屬任務級抽象，不預設連續接觸物理。 本列是原文明示範圍整理，未經本計畫逐題重跑。
assemblygrid:188,assemblygrid,scenario levels PER family,capability_category,facet,whole_resource,unknown,Three levels within each workload family; not an application-domain count,exact,3,,生產流程、短期多robot合作、局部資訊和幾何可行性，三工作負載家族各三情境層；屬任務級抽象，不預設連續接觸物理。 本列是原文明示範圍整理，未經本計畫逐題重跑。
coininteractive:189,coininteractive,COIN-50 interactive tasks,native_task,G2-native,whole_resource,simulation,COIN-50 interactive tasks,exact,50,,50個因果互動任務，另列primitive和composition集合；與教學影片COIN資料集是同名不同作。 本列是原文明示範圍整理，未經本計畫逐題重跑。
coininteractive:190,coininteractive,primitive demonstrations,demonstration_trajectory,R-data,training,simulation,primitive demonstrations,exact,1000,,50個因果互動任務，另列primitive和composition集合；與教學影片COIN資料集是同名不同作。 本列是原文明示範圍整理，未經本計畫逐題重跑。
coininteractive:191,coininteractive,demonstrations PER primitive task,demonstration_trajectory,R-data,training,simulation,"Per primitive task; do not add to the 1,000 total",exact,50,,50個因果互動任務，另列primitive和composition集合；與教學影片COIN資料集是同名不同作。 本列是原文明示範圍整理，未經本計畫逐題重跑。
saber:192,saber,evaluated retail tasks,native_task,G2-native,evaluated_subset,real,evaluated retail tasks,exact,10,,商店頭戴與外部360影片形成三種動作表示，共44.8K訓練樣本；同一錄製的不同表示不是獨立人類經驗。 本列是原文明示範圍整理，未經本計畫逐題重跑。
saber:193,saber,natural recording hours,video_hour,R-data,whole_resource,real,natural recording hours,at_least,100,,商店頭戴與外部360影片形成三種動作表示，共44.8K訓練樣本；同一錄製的不同表示不是獨立人類經驗。 本列是原文明示範圍整理，未經本計畫逐題重跑。
saber:194,saber,multi-stream training samples,training_sample,R-data,training,real,multi-stream training samples,exact,44800,,商店頭戴與外部360影片形成三種動作表示，共44.8K訓練樣本；同一錄製的不同表示不是獨立人類經驗。 本列是原文明示範圍整理，未經本計畫逐題重跑。
openego:195,openego,human manipulation tasks,native_activity,G2-native,whole_resource,real,human manipulation tasks,exact,290,,"整合六個既有來源，報告1,107小時與290種人類操作活動；其來源相依、姿態及語言標準化需保留，不能重複累加原集。 本列是原文明示範圍整理，未經本計畫逐題重跑。"
openego:196,openego,recording environments,native_scene,R-scene,whole_resource,real,recording environments,at_least,600,,"整合六個既有來源，報告1,107小時與290種人類操作活動；其來源相依、姿態及語言標準化需保留，不能重複累加原集。 本列是原文明示範圍整理，未經本計畫逐題重跑。"
openego:197,openego,aggregated recording hours,video_hour,R-data,whole_resource,real,aggregated recording hours,exact,1107,,"整合六個既有來源，報告1,107小時與290種人類操作活動；其來源相依、姿態及語言標準化需保留，不能重複累加原集。 本列是原文明示範圍整理，未經本計畫逐題重跑。"
taco:198,taco,motion sequences,episode,R-data,whole_resource,real,motion sequences,approximate,2500,,"約2,500雙手工具—動作—物件序列，含ego/exo與3D標註；識別、動作預測及合作抓取生成不等於機器人完成率。 本列是原文明示範圍整理，未經本計畫逐題重跑。"
taco:199,taco,HOI evaluation endpoints,native_task_schema,G2-native,whole_resource,offline,HOI evaluation endpoints,exact,3,,"約2,500雙手工具—動作—物件序列，含ego/exo與3D標註；識別、動作預測及合作抓取生成不等於機器人完成率。 本列是原文明示範圍整理，未經本計畫逐題重跑。"
deform360:200,deform360,objects,asset,R-asset,whole_resource,real,objects,exact,198,,"198物件、1,980互動序列、41相機及雙手觸覺觀測，用於2D／3D動態模型比較；資料時數不直接當控制題數。 本列是原文明示範圍整理，未經本計畫逐題重跑。"
deform360:201,deform360,interaction sequences,episode,R-data,whole_resource,real,interaction sequences,exact,1980,,"198物件、1,980互動序列、41相機及雙手觸覺觀測，用於2D／3D動態模型比較；資料時數不直接當控制題數。 本列是原文明示範圍整理，未經本計畫逐題重跑。"
deform360:202,deform360,observation hours,video_hour,R-data,whole_resource,real,observation hours,at_least,215,,"198物件、1,980互動序列、41相機及雙手觸覺觀測，用於2D／3D動態模型比較；資料時數不直接當控制題數。 本列是原文明示範圍整理，未經本計畫逐題重跑。"
deform360:203,deform360,surround-view cameras,camera_view,facet,whole_resource,real,surround-view cameras,exact,41,,"198物件、1,980互動序列、41相機及雙手觸覺觀測，用於2D／3D動態模型比較；資料時數不直接當控制題數。 本列是原文明示範圍整理，未經本計畫逐題重跑。"
physliquid:204,physliquid,simulation images,frame,R-data,whole_resource,simulation,simulation images,exact,97200,,"97,200模擬影像和3D液體mesh用於形狀／體積估計；主要評測是感知，不能據此宣稱完整倒液控制。 本列是原文明示範圍整理，未經本計畫逐題重跑。"
egocot:205,egocot,verifiable QA,evaluation_case,G4-native,whole_resource,offline,verifiable QA,exact,3172,,"351影片及3,172個可核對QA，檢查答案與時空證據一致性；對應我們的可公開理由／證據，不要求模型私有思考。 本列是原文明示範圍整理，未經本計畫逐題重跑。"
egocot:206,egocot,videos,video,R-data,whole_resource,offline,videos,exact,351,,"351影片及3,172個可核對QA，檢查答案與時空證據一致性；對應我們的可公開理由／證據，不要求模型私有思考。 本列是原文明示範圍整理，未經本計畫逐題重跑。"
egocot:207,egocot,task groups,native_task_category,G1-native,whole_resource,offline,task groups,exact,4,,"351影片及3,172個可核對QA，檢查答案與時空證據一致性；對應我們的可公開理由／證據，不要求模型私有思考。 本列是原文明示範圍整理，未經本計畫逐題重跑。"
egocot:208,egocot,subtask groups,native_task_schema,G2-native,whole_resource,offline,subtask groups,exact,12,,"351影片及3,172個可核對QA，檢查答案與時空證據一致性；對應我們的可公開理由／證據，不要求模型私有思考。 本列是原文明示範圍整理，未經本計畫逐題重跑。"
emembench:209,emembench,interactive episodes,episode,G4-native,whole_resource,unknown,interactive episodes,exact,2554,,"2,554互動episodes、四記憶家族，先互動建立記憶再用行動完成後續任務；摘要不足以推定連續機器人控制保真度。 本列是原文明示範圍整理，未經本計畫逐題重跑。"
emembench:210,emembench,memory task families,native_task_category,G1-native,whole_resource,unknown,memory task families,exact,4,,"2,554互動episodes、四記憶家族，先互動建立記憶再用行動完成後續任務；摘要不足以推定連續機器人控制保真度。 本列是原文明示範圍整理，未經本計畫逐題重跑。"
behavior:211,behavior,cross-work canonical task specifications,canonical_g2,G2-canonical,whole_resource,not_applicable,common task kind/scope and semantic reconciliation not yet complete,unknown,,,
robocasa365:212,robocasa365,cross-work canonical task specifications,canonical_g2,G2-canonical,whole_resource,not_applicable,common task kind/scope and semantic reconciliation not yet complete,unknown,,,
vlabench:213,vlabench,cross-work canonical task specifications,canonical_g2,G2-canonical,whole_resource,not_applicable,common task kind/scope and semantic reconciliation not yet complete,unknown,,,
rlbench:214,rlbench,cross-work canonical task specifications,canonical_g2,G2-canonical,whole_resource,not_applicable,common task kind/scope and semantic reconciliation not yet complete,unknown,,,
metaworld:215,metaworld,cross-work canonical task specifications,canonical_g2,G2-canonical,whole_resource,not_applicable,common task kind/scope and semantic reconciliation not yet complete,unknown,,,
libero:216,libero,cross-work canonical task specifications,canonical_g2,G2-canonical,whole_resource,not_applicable,common task kind/scope and semantic reconciliation not yet complete,unknown,,,
calvin:217,calvin,cross-work canonical task specifications,canonical_g2,G2-canonical,whole_resource,not_applicable,common task kind/scope and semantic reconciliation not yet complete,unknown,,,
maniskill2:218,maniskill2,cross-work canonical task specifications,canonical_g2,G2-canonical,whole_resource,not_applicable,common task kind/scope and semantic reconciliation not yet complete,unknown,,,
maniskill3:219,maniskill3,cross-work canonical task specifications,canonical_g2,G2-canonical,whole_resource,not_applicable,common task kind/scope and semantic reconciliation not yet complete,unknown,,,
robotwin2:220,robotwin2,cross-work canonical task specifications,canonical_g2,G2-canonical,whole_resource,not_applicable,common task kind/scope and semantic reconciliation not yet complete,unknown,,,
garmentlab:221,garmentlab,cross-work canonical task specifications,canonical_g2,G2-canonical,whole_resource,not_applicable,common task kind/scope and semantic reconciliation not yet complete,unknown,,,
dexgarment:222,dexgarment,cross-work canonical task specifications,canonical_g2,G2-canonical,whole_resource,not_applicable,common task kind/scope and semantic reconciliation not yet complete,unknown,,,
softgym:223,softgym,cross-work canonical task specifications,canonical_g2,G2-canonical,whole_resource,not_applicable,common task kind/scope and semantic reconciliation not yet complete,unknown,,,
modesuite:224,modesuite,cross-work canonical task specifications,canonical_g2,G2-canonical,whole_resource,not_applicable,common task kind/scope and semantic reconciliation not yet complete,unknown,,,
autobio:225,autobio,cross-work canonical task specifications,canonical_g2,G2-canonical,whole_resource,not_applicable,common task kind/scope and semantic reconciliation not yet complete,unknown,,,
alfred:226,alfred,cross-work canonical task specifications,canonical_g2,G2-canonical,whole_resource,not_applicable,common task kind/scope and semantic reconciliation not yet complete,unknown,,,
teach:227,teach,cross-work canonical task specifications,canonical_g2,G2-canonical,whole_resource,not_applicable,common task kind/scope and semantic reconciliation not yet complete,unknown,,,
partnr:228,partnr,cross-work canonical task specifications,canonical_g2,G2-canonical,whole_resource,not_applicable,common task kind/scope and semantic reconciliation not yet complete,unknown,,,
watchact:229,watchact,cross-work canonical task specifications,canonical_g2,G2-canonical,whole_resource,not_applicable,common task kind/scope and semantic reconciliation not yet complete,unknown,,,
roboreel:230,roboreel,cross-work canonical task specifications,canonical_g2,G2-canonical,whole_resource,not_applicable,common task kind/scope and semantic reconciliation not yet complete,unknown,,,
imitator:231,imitator,cross-work canonical task specifications,canonical_g2,G2-canonical,whole_resource,not_applicable,common task kind/scope and semantic reconciliation not yet complete,unknown,,,
robodojo:232,robodojo,cross-work canonical task specifications,canonical_g2,G2-canonical,whole_resource,not_applicable,common task kind/scope and semantic reconciliation not yet complete,unknown,,,
liberorecover:233,liberorecover,cross-work canonical task specifications,canonical_g2,G2-canonical,whole_resource,not_applicable,common task kind/scope and semantic reconciliation not yet complete,unknown,,,
safevla:234,safevla,cross-work canonical task specifications,canonical_g2,G2-canonical,whole_resource,not_applicable,common task kind/scope and semantic reconciliation not yet complete,unknown,,,
roboverse:235,roboverse,cross-work canonical task specifications,canonical_g2,G2-canonical,whole_resource,not_applicable,common task kind/scope and semantic reconciliation not yet complete,unknown,,,
eai:236,eai,cross-work canonical task specifications,canonical_g2,G2-canonical,whole_resource,not_applicable,common task kind/scope and semantic reconciliation not yet complete,unknown,,,
egoplan2:237,egoplan2,cross-work canonical task specifications,canonical_g2,G2-canonical,whole_resource,not_applicable,common task kind/scope and semantic reconciliation not yet complete,unknown,,,
egoschema:238,egoschema,cross-work canonical task specifications,canonical_g2,G2-canonical,whole_resource,not_applicable,common task kind/scope and semantic reconciliation not yet complete,unknown,,,
egotaskqa:239,egotaskqa,cross-work canonical task specifications,canonical_g2,G2-canonical,whole_resource,not_applicable,common task kind/scope and semantic reconciliation not yet complete,unknown,,,
egolife:240,egolife,cross-work canonical task specifications,canonical_g2,G2-canonical,whole_resource,not_applicable,common task kind/scope and semantic reconciliation not yet complete,unknown,,,
ego4d:241,ego4d,cross-work canonical task specifications,canonical_g2,G2-canonical,whole_resource,not_applicable,common task kind/scope and semantic reconciliation not yet complete,unknown,,,
egoexo4d:242,egoexo4d,cross-work canonical task specifications,canonical_g2,G2-canonical,whole_resource,not_applicable,common task kind/scope and semantic reconciliation not yet complete,unknown,,,
epic100:243,epic100,cross-work canonical task specifications,canonical_g2,G2-canonical,whole_resource,not_applicable,common task kind/scope and semantic reconciliation not yet complete,unknown,,,
x2real:244,x2real,cross-work canonical task specifications,canonical_g2,G2-canonical,whole_resource,not_applicable,common task kind/scope and semantic reconciliation not yet complete,unknown,,,
motionforge:245,motionforge,cross-work canonical task specifications,canonical_g2,G2-canonical,whole_resource,not_applicable,common task kind/scope and semantic reconciliation not yet complete,unknown,,,
h2rtransfer:246,h2rtransfer,cross-work canonical task specifications,canonical_g2,G2-canonical,whole_resource,not_applicable,common task kind/scope and semantic reconciliation not yet complete,unknown,,,
roborecover:247,roborecover,cross-work canonical task specifications,canonical_g2,G2-canonical,whole_resource,not_applicable,common task kind/scope and semantic reconciliation not yet complete,unknown,,,
reboot:248,reboot,cross-work canonical task specifications,canonical_g2,G2-canonical,whole_resource,not_applicable,common task kind/scope and semantic reconciliation not yet complete,unknown,,,
bench2dex:249,bench2dex,cross-work canonical task specifications,canonical_g2,G2-canonical,whole_resource,not_applicable,common task kind/scope and semantic reconciliation not yet complete,unknown,,,
robofoldex:250,robofoldex,cross-work canonical task specifications,canonical_g2,G2-canonical,whole_resource,not_applicable,common task kind/scope and semantic reconciliation not yet complete,unknown,,,
softvtbench:251,softvtbench,cross-work canonical task specifications,canonical_g2,G2-canonical,whole_resource,not_applicable,common task kind/scope and semantic reconciliation not yet complete,unknown,,,
wirecraft:252,wirecraft,cross-work canonical task specifications,canonical_g2,G2-canonical,whole_resource,not_applicable,common task kind/scope and semantic reconciliation not yet complete,unknown,,,
dlolab:253,dlolab,cross-work canonical task specifications,canonical_g2,G2-canonical,whole_resource,not_applicable,common task kind/scope and semantic reconciliation not yet complete,unknown,,,
rgbench:254,rgbench,cross-work canonical task specifications,canonical_g2,G2-canonical,whole_resource,not_applicable,common task kind/scope and semantic reconciliation not yet complete,unknown,,,
labutopia:255,labutopia,cross-work canonical task specifications,canonical_g2,G2-canonical,whole_resource,not_applicable,common task kind/scope and semantic reconciliation not yet complete,unknown,,,
labdex:256,labdex,cross-work canonical task specifications,canonical_g2,G2-canonical,whole_resource,not_applicable,common task kind/scope and semantic reconciliation not yet complete,unknown,,,
labimus:257,labimus,cross-work canonical task specifications,canonical_g2,G2-canonical,whole_resource,not_applicable,common task kind/scope and semantic reconciliation not yet complete,unknown,,,
pipette:258,pipette,cross-work canonical task specifications,canonical_g2,G2-canonical,whole_resource,not_applicable,common task kind/scope and semantic reconciliation not yet complete,unknown,,,
egosim:259,egosim,cross-work canonical task specifications,canonical_g2,G2-canonical,whole_resource,not_applicable,common task kind/scope and semantic reconciliation not yet complete,unknown,,,
egosat:260,egosat,cross-work canonical task specifications,canonical_g2,G2-canonical,whole_resource,not_applicable,common task kind/scope and semantic reconciliation not yet complete,unknown,,,
egomonth:261,egomonth,cross-work canonical task specifications,canonical_g2,G2-canonical,whole_resource,not_applicable,common task kind/scope and semantic reconciliation not yet complete,unknown,,,
egostream:262,egostream,cross-work canonical task specifications,canonical_g2,G2-canonical,whole_resource,not_applicable,common task kind/scope and semantic reconciliation not yet complete,unknown,,,
sember:263,sember,cross-work canonical task specifications,canonical_g2,G2-canonical,whole_resource,not_applicable,common task kind/scope and semantic reconciliation not yet complete,unknown,,,
capmem:264,capmem,cross-work canonical task specifications,canonical_g2,G2-canonical,whole_resource,not_applicable,common task kind/scope and semantic reconciliation not yet complete,unknown,,,
dyad:265,dyad,cross-work canonical task specifications,canonical_g2,G2-canonical,whole_resource,not_applicable,common task kind/scope and semantic reconciliation not yet complete,unknown,,,
hui360:266,hui360,cross-work canonical task specifications,canonical_g2,G2-canonical,whole_resource,not_applicable,common task kind/scope and semantic reconciliation not yet complete,unknown,,,
safemanip:267,safemanip,cross-work canonical task specifications,canonical_g2,G2-canonical,whole_resource,not_applicable,common task kind/scope and semantic reconciliation not yet complete,unknown,,,
arb4wm:268,arb4wm,cross-work canonical task specifications,canonical_g2,G2-canonical,whole_resource,not_applicable,common task kind/scope and semantic reconciliation not yet complete,unknown,,,
roco:269,roco,cross-work canonical task specifications,canonical_g2,G2-canonical,whole_resource,not_applicable,common task kind/scope and semantic reconciliation not yet complete,unknown,,,
assemblygrid:270,assemblygrid,cross-work canonical task specifications,canonical_g2,G2-canonical,whole_resource,not_applicable,common task kind/scope and semantic reconciliation not yet complete,unknown,,,
coininteractive:271,coininteractive,cross-work canonical task specifications,canonical_g2,G2-canonical,whole_resource,not_applicable,common task kind/scope and semantic reconciliation not yet complete,unknown,,,
saber:272,saber,cross-work canonical task specifications,canonical_g2,G2-canonical,whole_resource,not_applicable,common task kind/scope and semantic reconciliation not yet complete,unknown,,,
openego:273,openego,cross-work canonical task specifications,canonical_g2,G2-canonical,whole_resource,not_applicable,common task kind/scope and semantic reconciliation not yet complete,unknown,,,
taco:274,taco,cross-work canonical task specifications,canonical_g2,G2-canonical,whole_resource,not_applicable,common task kind/scope and semantic reconciliation not yet complete,unknown,,,
deform360:275,deform360,cross-work canonical task specifications,canonical_g2,G2-canonical,whole_resource,not_applicable,common task kind/scope and semantic reconciliation not yet complete,unknown,,,
physliquid:276,physliquid,cross-work canonical task specifications,canonical_g2,G2-canonical,whole_resource,not_applicable,common task kind/scope and semantic reconciliation not yet complete,unknown,,,
egocot:277,egocot,cross-work canonical task specifications,canonical_g2,G2-canonical,whole_resource,not_applicable,common task kind/scope and semantic reconciliation not yet complete,unknown,,,
emembench:278,emembench,cross-work canonical task specifications,canonical_g2,G2-canonical,whole_resource,not_applicable,common task kind/scope and semantic reconciliation not yet complete,unknown,,,
